word,scrabble_score,frequency_rank,is_likely_wordle_answer
about,7,36,1
other,8,46,1
which,16,57,1
their,8,58,1
there,8,63,1
first,8,83,1
would,9,86,1
these,8,93,1
click,13,94,1
price,9,101,1
state,5,111,1
world,9,119,1
music,9,129,1
after,8,150,1
video,9,156,1
where,11,159,1
order,6,173,1
group,8,181,1
under,6,190,1
could,8,208,1
great,6,209,1
hotel,8,211,1
store,5,219,1
right,9,234,1
local,7,237,1
those,8,238,1
using,6,239,1
phone,10,255,1
forum,10,261,1
black,13,271,1
check,16,272,1
index,13,276,1
being,8,277,1
women,10,278,1
today,9,284,1
south,8,286,1
found,9,295,1
house,8,297,1
photo,10,304,1
power,10,307,1
while,11,308,1
three,8,314,1
total,5,315,1
place,9,316,1
think,12,325,1
north,8,326,1
media,8,331,1
water,8,334,1
since,7,340,1
guide,7,342,1
board,8,345,1
white,11,348,1
small,7,350,1
level,8,364,1
image,8,376,1
title,5,378,1
shall,8,386,1
class,7,388,1
still,5,390,1
money,10,391,1
every,11,393,1
visit,8,399,1
reply,10,403,1
value,8,410,1
press,7,422,1
learn,5,424,1
print,7,427,1
stock,11,434,1
point,7,438,1
large,6,462,1
table,7,464,1
start,5,474,1
model,8,476,1
human,10,481,1
movie,10,490,1
march,12,492,1
yahoo,11,499,1
going,7,500,1
study,9,508,1
staff,11,511,1
again,6,515,1
never,8,520,1
topic,9,524,1
below,10,533,1
party,10,538,1
legal,6,546,1
above,10,547,1
quote,14,561,1
story,8,563,1
young,9,571,1
field,9,574,1
paper,9,577,1
night,9,594,1
texas,12,597,1
poker,11,601,1
issue,5,604,1
range,6,605,1
court,7,608,1
audio,6,612,1
light,9,613,1
write,8,614,1
offer,11,617,1
given,9,622,1
event,8,624,1
china,10,629,1
might,11,634,1
month,10,637,1
major,14,638,1
space,9,642,1
child,11,655,1
enter,5,657,1
share,8,660,1
radio,6,693,1
until,5,694,1
color,7,696,1
track,11,701,1
least,5,710,1
trade,6,718,1
green,6,733,1
close,7,735,1
drive,9,737,1
short,8,746,1
daily,9,756,1
beach,12,757,1
style,8,792,1
front,8,794,1
early,8,801,1
sound,6,803,1
final,8,820,1
adult,6,821,1
thing,9,823,1
cheap,12,827,1
third,9,835,1
cover,10,846,1
often,8,866,1
watch,13,871,1
heart,8,889,1
error,5,899,1
clear,7,907,1
taken,9,922,1
known,12,927,1
quick,20,934,1
whole,11,941,1
later,5,944,1
basic,9,945,1
along,6,965,1
among,8,966,1
death,9,967,1
speed,8,969,1
brand,8,974,1
stuff,11,992,1
japan,14,996,1
doing,7,997,1
entry,8,1000,1
force,10,1022,1
river,8,1027,1
album,9,1036,1
build,8,1048,1
apply,12,1061,1
cross,7,1083,1
lower,8,1104,1
union,5,1106,1
leave,8,1129,1
woman,10,1135,1
cable,9,1143,1
score,7,1158,1
shown,11,1168,1
flash,11,1174,1
allow,8,1202,1
super,7,1209,1
cause,7,1223,1
focus,10,1230,1
voice,10,1252,1
brown,10,1268,1
glass,6,1279,1
happy,15,1280,1
smith,10,1282,1
thank,12,1285,1
prior,7,1289,1
sport,7,1291,1
ready,9,1292,1
round,6,1309,1
built,7,1321,1
blood,8,1323,1
earth,8,1333,1
basis,7,1361,1
award,9,1367,1
peter,7,1370,1
extra,12,1378,1
pussy,10,1381,1
quite,14,1391,1
horse,8,1401,1
owner,8,1409,1
bring,8,1425,1
input,7,1438,1
agent,6,1441,1
valid,9,1442,1
grand,7,1450,1
trial,5,1452,1
wrote,8,1459,1
metal,7,1466,1
guest,6,1490,1
trust,5,1495,1
grade,7,1518,1
panel,7,1532,1
floor,8,1533,1
match,12,1536,1
plant,7,1549,1
sense,5,1568,1
stage,6,1572,1
maybe,12,1590,1
youth,11,1607,1
break,11,1618,1
dance,8,1622,1
apple,9,1643,1
enjoy,15,1650,1
block,13,1662,1
civil,10,1668,1
steel,5,1669,1
wrong,9,1673,1
paris,7,1682,1
fully,11,1691,1
worth,11,1708,1
peace,9,1720,1
coast,7,1726,1
grant,6,1732,1
agree,6,1734,1
scale,7,1777,1
stand,6,1778,1
frame,10,1784,1
chief,13,1793,1
heard,9,1804,1
begin,8,1805,1
royal,8,1808,1
clean,7,1809,1
bible,9,1820,1
suite,5,1831,1
piece,9,1852,1
sheet,8,1853,1
seven,8,1855,1
older,6,1856,1
whose,11,1881,1
naked,10,1895,1
stone,5,1922,1
buyer,10,1946,1
label,7,1971,1
canon,7,1977,1
waste,8,1980,1
chair,10,1990,1
phase,10,1993,1
motor,7,1999,1
shirt,8,2004,1
crime,9,2010,1
count,7,2011,1
claim,9,2022,1
patch,12,2026,1
alone,5,2054,1
jones,12,2057,1
saint,5,2074,1
joint,12,2082,1
fresh,11,2085,1
upper,9,2105,1
prime,9,2108,1
limit,7,2110,1
began,8,2111,1
louis,5,2112,1
creek,11,2123,1
urban,7,2127,1
labor,7,2137,1
heavy,14,2145,1
solid,6,2159,1
theme,10,2168,1
porno,7,2184,1
touch,10,2192,1
serve,8,2202,1
magic,10,2205,1
mount,7,2206,1
smart,7,2207,1
avoid,9,2215,1
birth,10,2223,1
virus,8,2224,1
abuse,7,2225,1
faith,11,2241,1
chain,10,2242,1
reach,10,2254,1
sorry,8,2263,1
gamma,10,2271,1
truth,8,2276,1
draft,9,2298,1
chart,10,2299,1
equal,14,2309,1
funny,11,2347,1
tried,6,2352,1
laser,5,2363,1
harry,11,2373,1
mouse,7,2382,1
brain,7,2386,1
dream,8,2390,1
false,8,2392,1
carry,10,2412,1
hello,8,2420,1
brief,10,2436,1
eight,9,2439,1
alert,5,2450,1
queen,14,2460,1
sweet,8,2466,1
truck,11,2477,1
ocean,7,2494,1
depth,11,2499,1
train,5,2505,1
route,5,2532,1
frank,12,2537,1
anime,7,2543,1
speak,11,2544,1
query,17,2548,1
rural,5,2561,1
judge,14,2567,1
fight,12,2575,1
kelly,12,2603,1
minor,7,2673,1
spent,7,2683,1
cycle,12,2698,1
sleep,7,2705,1
scene,7,2712,1
drink,10,2724,1
henry,11,2770,1
guess,6,2773,1
ahead,9,2800,1
devel,9,2811,1
delta,6,2823,1
cisco,9,2838,1
alpha,10,2841,1
bonus,7,2844,1
adobe,8,2855,1
dress,6,2868,1
refer,8,2884,1
layer,8,2899,1
spend,8,2919,1
clock,13,2929,1
ratio,5,2944,1
proof,10,2957,1
empty,12,2964,1
ideal,6,2979,1
cream,9,2990,1
aware,8,3010,1
shape,10,3012,1
usage,6,3031,1
exist,12,3042,1
wheel,11,3043,1
angel,6,3052,1
width,12,3060,1
noise,5,3061,1
array,8,3064,1
greek,10,3074,1
sharp,10,3091,1
occur,9,3110,1
coach,12,3126,1
plate,7,3157,1
logic,8,3198,1
plain,7,3226,1
costa,7,3235,1
trail,5,3242,1
buddy,12,3247,1
setup,7,3251,1
scope,9,3270,1
crazy,19,3304,1
mouth,10,3327,1
meter,7,3329,1
fruit,8,3342,1
lewis,8,3361,1
sugar,6,3383,1
stick,11,3387,1
genre,6,3393,1
slide,6,3394,1
exact,14,3402,1
bound,8,3403,1
storm,7,3413,1
micro,9,3414,1
paint,7,3445,1
delay,9,3446,1
pilot,7,3447,1
novel,8,3456,1
ultra,5,3461,1
truly,8,3478,1
lodge,7,3496,1
broad,8,3516,1
swiss,8,3523,1
guard,7,3541,1
newly,11,3550,1
raise,5,3551,1
drama,8,3570,1
lunch,10,3584,1
dildo,7,3585,1
audit,6,3586,1
tower,8,3599,1
shell,8,3616,1
solar,5,3633,1
catch,12,3635,1
doubt,8,3643,1
forth,11,3664,1
split,7,3684,1
twice,10,3691,1
shift,11,3711,1
treat,5,3758,1
piano,7,3763,1
teach,10,3806,1
rapid,8,3809,1
hairy,11,3811,1
dutch,11,3825,1
pulse,7,3843,1
metro,7,3858,1
strip,7,3862,1
pearl,7,3864,1
penis,7,3899,1
honda,9,3941,1
opera,7,3948,1
asset,5,3954,1
blank,11,3961,1
humor,10,3971,1
tight,9,3986,1
meant,7,4005,1
plane,7,4010,1
grace,8,4043,1
villa,8,4052,1
inner,5,4062,1
roman,7,4078,1
taste,5,4103,1
cache,12,4120,1
lease,5,4128,1
proud,8,4132,1
giant,6,4140,1
alarm,7,4148,1
usual,5,4152,1
angle,6,4157,1
vinyl,11,4159,1
worst,8,4165,1
honor,8,4193,1
eagle,6,4196,1
nurse,5,4200,1
quiet,14,4205,1
comic,11,4214,1
crown,10,4219,1
maker,11,4223,1
crack,13,4224,1
smoke,11,4236,1
craft,10,4241,1
apart,7,4244,1
blind,8,4246,1
gross,6,4253,1
actor,7,4288,1
fifth,14,4292,1
prize,16,4300,1
dirty,9,4328,1
alive,8,4337,1
prove,10,4340,1
ridge,7,4352,1
modem,10,4354,1
skill,9,4391,1
throw,11,4404,1
trend,6,4405,1
busty,10,4415,1
worse,8,4423,1
fiber,10,4451,1
graph,11,4453,1
fraud,9,4480,1
roger,6,4488,1
crash,10,4498,1
inter,5,4501,1
grove,9,4511,1
spray,10,4521,1
mayor,10,4552,1
yield,9,4557,1
hence,10,4567,1
radar,6,4571,1
diary,9,4586,1
baker,11,4596,1
shock,14,4602,1
ebony,10,4606,1
drawn,9,4609,1
beast,7,4619,1
dodge,8,4626,1
pizza,25,4629,1
globe,8,4676,1
kerry,12,4687,1
ghost,9,4692,1
pride,8,4700,1
chile,10,4713,1
maria,7,4720,1
brass,7,4731,1
plaza,16,4733,1
quest,14,4737,1
trans,5,4743,1
booty,10,4750,1
venue,8,4755,1
vital,8,4760,1
excel,14,4770,1
enemy,10,4784,1
lucky,14,4797,1
thick,14,4800,1
vista,8,4813,1
terry,8,4816,1
flood,9,4817,1
arena,5,4823,1
grown,9,4834,1
jerry,15,4840,1
smile,7,4842,1
laura,5,4863,1
candy,11,4870,1
tiger,6,4872,1
boost,7,4894,1
moral,7,4904,1
pound,8,4910,1
bread,8,4920,1
tough,9,4924,1
chest,10,4935,1
billy,10,4937,1
solve,8,4953,1
nancy,10,4970,1
sight,9,4976,1
worry,11,5005,1
glory,9,5031,1
fault,8,5045,1
jimmy,19,5065,1
rugby,11,5077,1
fluid,9,5086,1
devil,9,5117,1
grass,6,5118,1
theft,11,5160,1
swing,9,5162,1
shoot,8,5175,1
elite,5,5182,1
robot,7,5191,1
gnome,8,5208,1
noble,7,5214,1
shore,8,5221,1
loose,5,5227,1
horny,11,5289,1
atlas,5,5332,1
ralph,10,5348,1
corps,9,5360,1
liver,8,5362,1
decor,8,5381,1
aging,7,5404,1
intro,5,5431,1
clerk,11,5436,1
favor,11,5455,1
sigma,8,5459,1
aside,6,5484,1
essay,8,5490,1
trace,7,5503,1
spoke,11,5543,1
arrow,8,5545,1
rough,9,5548,1
weird,9,5549,1
blade,8,5556,1
robin,7,5592,1
strap,7,5595,1
crowd,11,5598,1
cloud,8,5621,1
valve,11,5624,1
knife,12,5631,1
shelf,11,5634,1
adopt,8,5639,1
outer,5,5647,1
steam,7,5684,1
acute,7,5690,1
stood,6,5693,1
carol,7,5697,1
stack,11,5702,1
curve,10,5714,1
amber,9,5716,1
trunk,9,5725,1
camel,9,5736,1
juice,14,5751,1
chase,10,5752,1
sauce,7,5755,1
fewer,11,5831,1
proxy,17,5837,1
slave,8,5874,1
combo,11,5925,1
haven,11,5932,1
charm,12,5938,1
basin,7,5943,1
ranch,10,5946,1
drunk,10,5952,1
toner,5,5958,1
latex,12,5960,1
alien,5,5966,1
broke,11,5972,1
nylon,8,5992,1
rocky,14,5995,1
fleet,8,6013,1
bunch,12,6015,1
omega,8,6045,1
civic,12,6048,1
saver,8,6056,1
grill,6,6058,1
grain,6,6063,1
salon,5,6135,1
turbo,7,6140,1
reset,5,6164,1
brush,10,6165,1
spare,7,6173,1
skirt,9,6185,1
honey,11,6188,1
gauge,7,6201,1
sixth,15,6219,1
cheat,10,6230,1
sandy,9,6233,1
macro,9,6238,1
laugh,9,6263,1
pitch,12,6268,1
perry,10,6272,1
dozen,15,6276,1
teeth,8,6279,1
cloth,10,6280,1
stamp,9,6283,1
lotus,5,6284,1
cargo,8,6289,1
maple,9,6311,1
depot,8,6317,1
blend,8,6322,1
probe,9,6343,1
debug,9,6365,1
chuck,16,6367,1
bingo,8,6387,1
sunny,8,6406,1
cedar,8,6416,1
mason,7,6434,1
chose,10,6469,1
blast,7,6477,1
tommy,12,6514,1
brake,11,6517,1
congo,8,6522,1
olive,8,6528,1
clone,7,6536,1
relay,8,6540,1
oasis,5,6544,1
angry,9,6547,1
lover,8,6557,1
daddy,11,6572,1
ferry,11,6574,1
motel,7,6598,1
rally,8,6609,1
dying,10,6628,1
stuck,11,6630,1
vocal,10,6652,1
organ,6,6654,1
lemon,7,6659,1
toxic,14,6660,1
bench,12,6699,1
rider,6,6702,1
bobby,14,6715,1
sheep,10,6717,1
salad,6,6737,1
paste,7,6744,1
relax,12,6781,1
sword,9,6792,1
coral,7,6801,1
pixel,14,6802,1
float,8,6803,1
colin,7,6804,1
dairy,9,6820,1
admit,8,6821,1
fancy,13,6823,1
squad,15,6839,1
wheat,11,6869,1
unity,8,6887,1
bride,8,6890,1
begun,8,6896,1
fever,11,6935,1
rover,8,6965,1
flame,10,6971,1
spell,7,6986,1
annex,12,7008,1
argue,6,7080,1
arise,5,7087,1
bitch,12,7110,1
chess,10,7113,1
canal,7,7125,1
amino,7,7126,1
lying,9,7137,1
drill,6,7143,1
hobby,15,7152,1
tries,5,7153,1
trick,11,7167,1
wider,9,7188,1
screw,10,7195,1
blame,9,7199,1
fifty,14,7218,1
uncle,7,7224,1
randy,9,7237,1
brick,13,7244,1
naval,8,7246,1
donna,6,7266,1
cabin,9,7270,1
retro,5,7305,1
anger,6,7314,1
handy,12,7345,1
guild,7,7357,1
tribe,7,7374,1
batch,12,7410,1
alter,5,7413,1
amend,8,7436,1
chick,16,7450,1
thong,9,7461,1
medal,8,7462,1
booth,10,7479,1
indie,6,7480,1
polar,7,7487,1
patio,7,7538,1
snake,9,7560,1
berry,10,7596,1
ought,9,7624,1
timer,7,7651,1
verse,8,7659,1
nasty,8,7683,1
tumor,7,7688,1
forty,11,7703,1
queue,14,7712,1
welsh,11,7748,1
belly,10,7749,1
elder,6,7784,1
sonic,7,7785,1
thumb,12,7799,1
twist,8,7835,1
debut,8,7847,1
penny,10,7892,1
ivory,11,7909,1
remix,14,7916,1
alias,5,7917,1
newer,8,7922,1
spice,9,7925,1
donor,6,7944,1
trash,8,7949,1
manor,7,7955,1
disco,8,7965,1
minus,7,7996,1
shade,9,8025,1
digit,7,8029,1
lyric,10,8043,1
grave,9,8065,1
devon,9,8095,1
lobby,12,8106,1
punch,12,8114,1
karma,11,8122,1
shake,12,8150,1
holly,11,8153,1
silly,8,8155,1
mercy,12,8158,1
fence,10,8175,1
shame,10,8184,1
fatal,8,8192,1
flesh,11,8205,1
jesse,12,8224,1
sheer,8,8269,1
witch,13,8284,1
puppy,14,8293,1
smell,7,8314,1
satin,5,8334,1
promo,9,8339,1
nerve,8,8377,1
renew,8,8383,1
rebel,7,8420,1
slope,7,8479,1
rehab,10,8490,1
merit,7,8500,1
condo,8,8508,1
fairy,11,8521,1
shaft,11,8524,1
kitty,12,8536,1
drain,6,8539,1
monte,7,8540,1
panic,9,8550,1
leone,5,8553,1
onion,5,8560,1
merry,10,8581,1
scuba,9,8583,1
dried,7,8618,1
derby,11,8631,1
steal,5,8683,1
tuner,5,8696,1
alike,9,8706,1
scout,7,8744,1
dealt,6,8747,1
badge,9,8768,1
wrist,8,8769,1
heath,11,8773,1
realm,7,8788,1
jenny,15,8790,1
rouge,6,8822,1
yeast,8,8823,1
brook,11,8863,1
xerox,19,8891,1
armor,7,8916,1
viral,8,8950,1
laden,6,8954,1
merge,8,8958,1
sperm,9,8979,1
frost,8,8985,1
sally,8,8991,1
yacht,13,8992,1
whale,11,9002,1
shark,12,9027,1
cliff,13,9036,1
tract,7,9038,1
shine,8,9051,1
ozone,14,9062,1
pasta,7,9072,1
serum,7,9075,1
swift,11,9077,1
focal,10,9081,1
samba,9,9096,1
wound,9,9117,1
belle,7,9118,1
cubic,11,9166,1
spies,7,9188,1
elect,7,9193,1
bunny,10,9203,1
chevy,16,9204,1
flyer,11,9218,1
climb,11,9251,1
token,9,9277,1
burke,11,9305,1
flush,11,9330,1
jewel,15,9357,1
teddy,10,9358,1
dryer,9,9371,1
funky,15,9379,1
scary,10,9392,1
mixer,14,9406,1
tooth,8,9414,1
drove,9,9421,1
upset,7,9423,1
logan,6,9430,1
lance,7,9459,1
colon,7,9476,1
purse,7,9479,1
align,6,9493,1
bless,7,9495,1
crest,7,9498,1
alloy,8,9510,1
bloom,9,9524,1
surge,6,9536,1
spank,11,9559,1
vault,8,9567,1
orbit,7,9591,1
bacon,9,9594,1
spine,7,9608,1
trout,5,9609,1
fatty,11,9618,1
oxide,13,9662,1
badly,11,9700,1
scoop,9,9716,1
blink,11,9730,1
fuzzy,29,9748,1
forge,9,9768,1
dense,6,9770,1
brave,10,9772,1
awful,11,9775,1
whore,11,9802,1
wagon,9,9805,1
knock,15,9810,1
quilt,14,9825,1
mambo,11,9854,1
flour,8,9857,1
choir,10,9862,1
blond,8,9865,1
burst,7,9876,1
fibre,10,9892,1
daisy,9,9908,1
crude,8,9920,1
safer,8,9962,1
marsh,10,9979,1
theta,8,9983,1
stake,9,9992,1
arbor,7,9997,1
rifle,8,10008,1
waist,8,10050,1
sewer,8,10058,1
romeo,7,10085,1
resin,5,10120,1
linen,5,10127,1
decay,11,10134,1
usher,8,10141,1
skate,9,10149,1
lynch,13,10159,1
franc,10,10164,1
voter,8,10187,1
urine,5,10190,1
towel,8,10194,1
flies,8,10204,1
crane,7,10212,1
habit,10,10222,1
coupe,9,10231,1
sixty,15,10263,1
spark,11,10274,1
spike,11,10285,1
tonga,6,10313,1
sedan,6,10361,1
flora,8,10385,1
hardy,12,10393,1
denim,8,10414,1
glove,9,10453,1
plush,10,10484,1
weber,10,10485,1
nelly,8,10493,1
brent,7,10498,1
adapt,8,10510,1
stern,5,10536,1
shawn,11,10537,1
tutor,5,10550,1
idiot,6,10551,1
debit,8,10557,1
raven,8,10564,1
slice,7,10568,1
aspen,7,10573,1
lemma,9,10580,1
pause,7,10611,1
demon,8,10618,1
couch,12,10651,1
rogue,6,10657,1
optic,9,10691,1
chili,10,10699,1
grief,9,10700,1
sweat,8,10703,1
celeb,9,10712,1
quake,18,10716,1
alley,8,10719,1
twain,8,10738,1
buffy,16,10753,1
loyal,8,10773,1
renal,5,10779,1
spite,7,10782,1
imply,12,10787,1
chill,10,10793,1
liner,5,10800,1
vivid,12,10810,1
skull,9,10842,1
riley,8,10861,1
ninja,12,10870,1
steak,9,10907,1
cobra,9,10910,1
threw,11,10913,1
ninth,8,10943,1
marry,10,10946,1
drake,10,10968,1
fried,9,10985,1
woody,12,11003,1
cried,8,11008,1
supra,7,11040,1
molly,10,11042,1
rival,8,11080,1
beige,8,11091,1
homer,10,11110,1
woven,11,11165,1
pedro,8,11168,1
rigid,7,11182,1
salsa,5,11193,1
blown,10,11202,1
baton,7,11204,1
abbey,12,11214,1
evite,8,11240,1
sauna,5,11253,1
cruel,7,11289,1
eager,6,11300,1
chang,11,11312,1
pupil,9,11316,1
feast,8,11317,1
ankle,9,11344,1
blunt,7,11372,1
react,7,11376,1
flute,8,11429,1
harsh,11,11437,1
cease,7,11444,1
equip,16,11506,1
hedge,10,11515,1
curry,10,11535,1
pouch,12,11552,1
spoon,7,11594,1
niche,10,11596,1
cigar,8,11600,1
curse,7,11618,1
titan,5,11633,1
shout,8,11650,1
straw,8,11663,1
reuse,5,11675,1
suede,6,11691,1
peach,12,11696,1
uncut,7,11710,1
stove,8,11730,1
freak,12,11745,1
bluff,13,11750,1
sadly,9,11756,1
avail,8,11759,1
hatch,13,11770,1
stein,5,11774,1
spill,7,11777,1
drift,9,11779,1
crisp,9,11793,1
onset,5,11826,1
assay,8,11832,1
snack,11,11852,1
squid,15,11889,1
maxim,16,11902,1
slate,5,11920,1
pagan,8,11941,1
widow,12,11943,1
canoe,7,11964,1
juicy,17,11986,1
moody,11,11990,1
pedal,8,12011,1
scrap,9,12034,1
terra,5,12047,1
vapor,10,12053,1
aloud,6,12055,1
goose,6,12065,1
hydro,12,12097,1
playa,10,12102,1
noisy,8,12104,1
abide,8,12106,1
bliss,7,12130,1
parse,7,12141,1
jelly,15,12143,1
mania,7,12160,1
cheer,10,12252,1
clamp,11,12274,1
grape,8,12278,1
racer,7,12309,1
guilt,6,12311,1
sweep,10,12312,1
lunar,5,12347,1
boxer,14,12378,1
weigh,12,12382,1
rodeo,6,12383,1
moose,7,12388,1
crush,10,12398,1
lever,8,12422,1
tasty,8,12426,1
tarot,5,12436,1
cocoa,9,12444,1
panty,10,12466,1
hurry,11,12483,1
clash,10,12503,1
biker,11,12504,1
stain,5,12545,1
reign,6,12555,1
baron,7,12562,1
stiff,11,12588,1
rabbi,9,12597,1
sushi,8,12598,1
puffy,16,12599,1
elbow,10,12610,1
stark,9,12618,1
circa,9,12628,1
razor,14,12682,1
cough,11,12683,1
inlet,5,12744,1
gloss,6,12764,1
panda,8,12765,1
porch,12,12769,1
eaten,5,12788,1
steep,7,12815,1
dinar,6,12816,1
creed,8,12818,1
carat,7,12819,1
plump,11,12849,1
midst,8,12856,1
borne,7,12859,1
tempo,9,12872,1
torch,10,12910,1
attic,7,12941,1
piper,9,12946,1
tenth,8,13015,1
cutie,7,13040,1
notch,10,13044,1
scent,7,13121,1
grasp,8,13142,1
ounce,7,13144,1
toast,5,13157,1
kinky,16,13178,1
quota,14,13202,1
jumbo,16,13223,1
flint,8,13244,1
dummy,13,13245,1
awake,12,13247,1
burnt,7,13263,1
roast,5,13309,1
petty,10,13331,1
shiny,11,13343,1
smash,10,13346,1
ample,9,13357,1
scarf,10,13372,1
spicy,12,13395,1
beard,8,13405,1
wedge,10,13411,1
hyper,13,13438,1
gamer,8,13458,1
savvy,14,13468,1
silva,8,13494,1
prima,9,13502,1
fetal,8,13513,1
chord,11,13523,1
comet,9,13545,1
lotto,5,13554,1
syrup,10,13562,1
erase,5,13615,1
prose,7,13619,1
swear,8,13628,1
clown,10,13631,1
taboo,7,13634,1
dwarf,12,13656,1
codec,10,13709,1
dough,10,13739,1
stool,5,13740,1
welch,13,13743,1
horde,9,13753,1
mommy,14,13755,1
nanny,8,13757,1
roach,10,13780,1
natal,5,13799,1
locus,7,13800,1
prone,7,13822,1
scare,7,13901,1
thief,11,13906,1
motif,10,13930,1
spear,7,13974,1
birch,12,13995,1
slash,8,13997,1
helix,15,14039,1
shook,12,14054,1
matte,7,14073,1
zebra,16,14092,1
fetch,13,14104,1
unite,5,14138,1
shear,8,14145,1
trump,9,14165,1
avian,8,14171,1
champ,14,14191,1
recap,9,14212,1
crawl,10,14216,1
hazel,17,14259,1
messy,10,14281,1
rupee,7,14285,1
stole,5,14337,1
quasi,14,14370,1
exile,12,14379,1
kappa,13,14405,1
snoop,7,14429,1
vague,9,14437,1
rusty,8,14441,1
sting,6,14457,1
bravo,10,14459,1
liter,5,14477,1
basil,7,14506,1
shack,14,14558,1
sleek,9,14579,1
ariel,5,14588,1
hitch,13,14594,1
nexus,12,14597,1
tango,6,14602,1
carte,7,14622,1
queer,14,14638,1
comma,11,14656,1
avant,8,14661,1
torah,8,14694,1
cheek,14,14743,1
bowel,10,14791,1
mafia,10,14794,1
shire,8,14803,1
lipid,8,14812,1
misty,10,14852,1
prism,9,14862,1
vegan,9,14883,1
groom,8,14900,1
kayak,16,14933,1
altar,5,14936,1
risen,5,14959,1
rhino,8,14962,1
ruler,5,14974,1
swept,10,14983,1
troop,7,14989,1
arose,5,14990,1
hogan,9,15012,1
flock,14,15058,1
shave,11,15075,1
swamp,12,15092,1
faint,8,15135,1
gland,7,15147,1
stoke,9,15177,1
nasal,5,15234,1
nitro,5,15250,1
loser,5,15262,1
jolly,15,15287,1
femme,12,15292,1
siege,6,15306,1
butte,7,15336,1
chalk,14,15366,1
wrath,11,15411,1
grind,7,15427,1
blitz,16,15446,1
rainy,8,15472,1
viola,8,15512,1
rumor,7,15520,1
diver,9,15534,1
blaze,16,15546,1
wreck,14,15547,1
brock,13,15568,1
macon,9,15572,1
risky,12,15665,1
tulip,7,15687,1
owing,9,15715,1
benny,10,15742,1
morse,7,15798,1
ditch,11,15831,1
slick,11,15835,1
chunk,14,15846,1
slept,7,15849,1
tenor,5,15883,1
scrub,9,15888,1
cello,7,15893,1
metre,7,15927,1
topaz,16,15934,1
dusty,9,15965,1
patty,10,15966,1
crate,7,15974,1
sworn,8,15989,1
beech,12,16016,1
expat,14,16025,1
tense,5,16043,1
decal,8,16079,1
fritz,17,16092,1
mover,10,16093,1
erica,7,16096,1
fauna,8,16135,1
detox,13,16142,1
ortho,8,16153,1
quark,18,16187,1
dolce,8,16194,1
sneak,9,16203,1
octet,7,16204,1
willy,11,16237,1
tidal,6,16265,1
crust,7,16276,1
dolly,9,16281,1
miner,7,16290,1
diner,6,16307,1
mound,8,16317,1
scion,7,16375,1
regal,6,16412,1
curly,10,16439,1
hound,9,16452,1
wharf,14,16462,1
flick,14,16465,1
datum,8,16466,1
maize,16,16482,1
psalm,9,16492,1
swell,8,16522,1
chico,12,16530,1
irony,8,16532,1
levin,8,16576,1
amiga,8,16578,1
viper,10,16580,1
gypsy,14,16584,1
litre,5,16609,1
flare,8,16632,1
wight,12,16634,1
crank,11,16647,1
brace,9,16663,1
garth,9,16700,1
argus,6,16717,1
mango,8,16719,1
thigh,12,16725,1
windy,12,16762,1
alamo,7,16768,1
steer,5,16778,1
vogue,9,16780,1
vodka,13,16798,1
zaire,14,16800,1
moist,7,16857,1
petit,7,16953,1
fries,8,16958,1
stall,5,16979,1
serif,8,16999,1
aloha,8,17039,1
utter,5,17054,1
cater,7,17070,1
pinch,12,17127,1
troll,5,17139,1
filth,11,17148,1
kraft,12,17156,1
algae,6,17192,1
shady,12,17229,1
erect,7,17242,1
valet,8,17267,1
jihad,16,17281,1
tammy,12,17393,1
madam,10,17403,1
tease,5,17420,1
aroma,7,17423,1
rowan,8,17446,1
dwell,9,17449,1
stair,5,17461,1
sonny,8,17496,1
rotor,5,17508,1
quart,14,17510,1
bison,7,17512,1
fungi,9,17519,1
bleed,8,17577,1
incur,7,17603,1
nifty,11,17616,1
fudge,10,17688,1
weave,11,17716,1
buggy,12,17771,1
recon,7,17774,1
slack,11,17781,1
gorge,7,17801,1
pager,8,17839,1
banjo,14,17848,1
stout,5,17856,1
stare,5,17937,1
missy,10,17939,1
flair,8,17945,1
aisle,5,17982,1
seize,14,18031,1
spawn,10,18033,1
epoxy,17,18038,1
stony,8,18042,1
crypt,12,18063,1
bogus,8,18068,1
tying,9,18093,1
diode,7,18095,1
motto,7,18119,1
deter,6,18159,1
furry,11,18161,1
rinse,5,18173,1
venom,10,18185,1
mummy,14,18208,1
cries,7,18214,1
ether,8,18222,1
boing,8,18266,1
haute,8,18305,1
wacky,17,18309,1
muddy,12,18321,1
shalt,8,18358,1
visor,8,18394,1
naive,8,18407,1
folio,8,18448,1
barre,7,18465,1
fiery,11,18470,1
acorn,7,18533,1
basal,7,18555,1
smoky,14,18575,1
flirt,8,18579,1
slang,6,18580,1
finch,13,18593,1
largo,6,18600,1
tally,8,18615,1
creep,9,18621,1
agile,6,18644,1
kiosk,13,18649,1
ionic,7,18650,1
stray,8,18651,1
poppy,14,18661,1
forte,8,18726,1
waive,11,18763,1
greet,6,18781,1
lymph,15,18790,1
latch,10,18818,1
drank,10,18821,1
santo,5,18845,1
torso,5,18858,1
hinge,9,18935,1
stunt,5,18956,1
maven,10,18957,1
vitae,8,18961,1
witty,11,18968,1
hertz,17,18974,1
flown,11,18993,1
silky,12,18996,1
repay,10,19016,1
await,8,19022,1
fetus,8,19033,1
cider,8,19037,1
lilac,7,19070,1
sinus,5,19071,1
pivot,10,19091,1
glide,7,19114,1
creme,9,19160,1
waltz,17,19163,1
blush,10,19173,1
monde,8,19177,1
modal,8,19202,1
cadet,8,19212,1
tweak,12,19308,1
trait,5,19310,1
eater,5,19321,1
synth,11,19358,1
layup,10,19373,1
bezel,16,19396,1
havoc,13,19402,1
sling,6,19417,1
tummy,12,19443,1
axial,12,19444,1
epoch,12,19477,1
plaid,8,19483,1
fable,10,19485,1
obese,7,19528,1
sober,7,19532,1
tread,6,19534,1
wigan,9,19545,1
paddy,12,19550,1
mondo,8,19575,1
otter,5,19592,1
sassy,8,19616,1
dread,7,19676,1
needy,9,19779,1
weary,11,19799,1
snowy,11,19805,1
genie,6,19826,1
apron,7,19901,1
yummy,15,19953,1
momma,11,19956,1
husky,15,19973,1
bland,8,19975,1
adept,8,20064,1
krona,9,20128,1
ester,5,20159,1
servo,8,20161,1
snail,5,20170,1
sutra,5,20177,1
mower,10,20178,1
swine,8,20182,1
heron,8,20193,1
graft,9,20197,1
envoy,11,20207,1
abort,7,20237,1
duvet,9,20260,1
spade,8,20261,1
glare,6,20263,1
haiku,12,20326,1
wafer,11,20353,1
stash,8,20360,1
semen,7,20364,1
hover,11,20365,1
genoa,6,20412,1
agony,9,20439,1
lacey,10,20469,1
lupus,7,20475,1
gator,6,20491,1
walla,8,20499,1
bully,10,20516,1
rhyme,13,20531,1
snort,5,20591,1
triad,6,20627,1
fitch,13,20631,1
cameo,9,20640,1
leach,10,20643,1
fanny,11,20651,1
milky,14,20654,1
hurst,8,20698,1
navel,8,20739,1
sable,7,20758,1
spool,7,20772,1
annoy,8,20785,1
toxin,12,20800,1
axiom,14,20801,1
mater,7,20811,1
joker,16,20833,1
twill,8,20860,1
brink,11,20897,1
truss,5,20901,1
pinot,7,20923,1
khaki,16,20926,1
mould,8,20940,1
gimme,10,20997,1
croft,10,21021,1
penal,7,21027,1
lapse,7,21097,1
wally,11,21101,1
shrub,10,21111,1
finer,8,21130,1
smack,13,21165,1
cloak,11,21182,1
manic,9,21200,1
choke,14,21204,1
gravy,12,21254,1
payer,10,21273,1
glaze,15,21336,1
infra,8,21371,1
dizzy,27,21394,1
psych,15,21410,1
verge,9,21412,1
nomad,8,21415,1
thorn,8,21418,1
spoil,7,21436,1
phono,10,21441,1
sissy,8,21513,1
palsy,10,21527,1
xenon,12,21602,1
bayou,10,21624,1
tonic,7,21667,1
potty,10,21700,1
ditto,6,21733,1
oddly,10,21740,1
undue,6,21803,1
elves,8,21827,1
chant,10,21834,1
hutch,13,21851,1
parry,10,21866,1
mamma,11,21889,1
folly,11,21891,1
mural,7,21897,1
wager,9,21903,1
purge,8,21908,1
comix,16,21937,1
poser,7,21946,1
perky,14,21959,1
stump,9,21984,1
scalp,9,21985,1
actin,7,21989,1
melon,7,22009,1
siren,5,22013,1
clasp,9,22016,1
krone,9,22058,1
aegis,6,22063,1
derry,9,22074,1
amour,7,22090,1
sonar,5,22143,1
ethyl,11,22165,1
ulcer,7,22191,1
ethic,10,22227,1
taxon,12,22229,1
thine,8,22235,1
genet,6,22240,1
opium,9,22267,1
enema,7,22271,1
barge,8,22351,1
resid,6,22365,1
slant,5,22421,1
broom,9,22431,1
snare,5,22436,1
shank,12,22438,1
leash,8,22449,1
geese,6,22555,1
polio,7,22558,1
mecca,11,22565,1
broth,10,22581,1
taper,7,22615,1
revue,8,22656,1
smear,7,22663,1
serge,6,22725,1
slain,5,22760,1
quail,14,22782,1
mayan,10,22784,1
futon,8,22787,1
icing,8,22798,1
strut,5,22870,1
plume,9,22890,1
plank,11,22933,1
enact,7,22955,1
deity,9,22964,1
manly,10,22982,1
peril,7,22996,1
louie,5,23068,1
swirl,8,23080,1
emery,10,23081,1
abode,8,23126,1
savoy,11,23127,1
comfy,15,23141,1
campo,11,23158,1
polka,11,23169,1
wiper,10,23171,1
nicer,7,23199,1
boast,7,23203,1
perch,12,23255,1
angst,6,23284,1
gecko,12,23313,1
codex,15,23376,1
judas,13,23380,1
facet,10,23423,1
verve,11,23460,1
spree,7,23463,1
embed,10,23464,1
brute,7,23477,1
butch,12,23509,1
scart,7,23511,1
defer,9,23567,1
saith,8,23597,1
crave,10,23666,1
salty,8,23698,1
valor,8,23738,1
sabre,7,23781,1
goofy,12,23798,1
mimic,11,23800,1
vigil,9,23849,1
crore,7,23856,1
banco,9,23862,1
itchy,13,23869,1
bulky,14,23873,1
booze,16,23906,1
widen,9,23908,1
adore,6,23934,1
fluke,12,24009,1
stomp,9,24017,1
glade,7,24019,1
caste,7,24038,1
libra,7,24052,1
inset,5,24086,1
druid,7,24118,1
swarm,10,24145,1
ledge,7,24150,1
drown,9,24176,1
radon,6,24200,1
abyss,10,24213,1
coder,8,24220,1
niece,7,24230,1
flask,12,24245,1
hippo,12,24288,1
seton,5,24394,1
tesla,5,24428,1
padre,8,24462,1
plead,8,24551,1
sheen,8,24571,1
medic,10,24590,1
grail,6,24595,1
seine,5,24605,1
lapel,7,24623,1
pecan,9,24645,1
chime,12,24686,1
remit,7,24731,1
exert,12,24756,1
pinto,7,24762,1
lucid,8,24803,1
shiva,11,24810,1
infer,8,24816,1
dandy,10,24896,1
synod,9,24937,1
lousy,8,24941,1
amigo,8,24947,1
caddy,12,24950,1
bleak,11,25029,1
tramp,9,25040,1
stang,6,25112,1
hubby,15,25131,1
punto,7,25231,1
lathe,8,25244,1
bylaw,13,25283,1
crook,11,25335,1
stale,5,25360,1
putty,10,25374,1
patsy,10,25380,1
corgi,8,25395,1
cupid,10,25417,1
cline,7,25418,1
haste,8,25448,1
prong,8,25460,1
berth,10,25499,1
lingo,6,25509,1
piggy,12,25524,1
saber,7,25528,1
lexis,12,25545,1
lager,6,25576,1
doggy,11,25601,1
babel,9,25619,1
gonzo,15,25630,1
foyer,11,25679,1
brood,8,25681,1
azure,14,25682,1
sniff,11,25693,1
posse,7,25731,1
pixie,14,25750,1
unset,5,25785,1
melee,7,25800,1
llama,7,25808,1
vowel,11,25816,1
fecal,10,25839,1
humid,11,25920,1
guile,6,25925,1
tutti,5,25934,1
titty,8,25968,1
lofty,11,26035,1
kanji,16,26039,1
moron,7,26048,1
dogma,9,26062,1
winch,13,26065,1
unzip,16,26099,1
floss,8,26102,1
sarge,6,26104,1
shawl,11,26132,1
pence,9,26163,1
thyme,13,26186,1
chino,10,26189,1
ovary,11,26239,1
bebop,11,26284,1
merle,7,26302,1
karat,9,26366,1
ginny,9,26368,1
abbot,9,26409,1
magma,10,26410,1
arson,5,26458,1
geeky,13,26483,1
haunt,8,26533,1
britt,7,26552,1
braid,8,26588,1
chimp,14,26633,1
lefty,11,26643,1
vigor,9,26651,1
tween,8,26662,1
alder,6,26727,1
deuce,8,26760,1
riser,5,26768,1
redux,13,26769,1
knoll,9,26825,1
inlay,8,26828,1
craze,16,26875,1
roper,7,26925,1
volta,8,26964,1
totem,7,26989,1
carve,10,27033,1
apnea,7,27061,1
swish,11,27075,1
asker,9,27082,1
relic,7,27102,1
ethos,8,27113,1
cling,8,27118,1
nudge,7,27183,1
skunk,13,27265,1
hydra,12,27273,1
anvil,8,27275,1
stalk,9,27286,1
inert,5,27289,1
eject,14,27307,1
rayon,8,27313,1
mocha,12,27326,1
tonne,5,27363,1
firth,11,27433,1
cadre,8,27463,1
squat,14,27478,1
pubic,11,27501,1
tiara,5,27509,1
koala,9,27534,1
crock,13,27590,1
retry,8,27625,1
telex,12,27631,1
trois,5,27676,1
primo,9,27694,1
flank,12,27715,1
atoll,5,27764,1
spoof,10,27783,1
spout,7,27823,1
hefty,14,27828,1
hoist,8,27830,1
sault,5,27900,1
agate,6,27915,1
swami,10,27919,1
feral,8,27959,1
truce,7,27968,1
laird,6,27983,1
petal,7,27992,1
dries,6,28019,1
waugh,12,28064,1
pluck,13,28085,1
prick,13,28087,1
adder,7,28130,1
ascot,7,28137,1
vixen,15,28199,1
bally,10,28227,1
bulge,8,28274,1
slump,9,28323,1
enrol,5,28331,1
gloom,8,28338,1
marge,8,28387,1
aland,6,28412,1
edema,8,28424,1
stink,9,28442,1
overt,8,28462,1
slime,7,28506,1
swung,9,28555,1
libel,7,28564,1
fryer,11,28570,1
boron,7,28587,1
tetra,5,28617,1
skier,9,28637,1
snuff,11,28677,1
flied,9,28743,1
talon,5,28744,1
stint,5,28795,1
liang,6,28807,1
shred,9,28868,1
sieve,8,28884,1
binge,8,28901,1
jazzy,33,28916,1
limbo,9,28946,1
shove,11,28948,1
flake,12,28959,1
wiser,8,29078,1
flung,9,29137,1
fiche,13,29144,1
juror,12,29145,1
donut,6,29186,1
paseo,7,29196,1
tabor,7,29230,1
tenet,5,29233,1
chute,10,29237,1
mulch,12,29261,1
whine,11,29269,1
vicar,10,29409,1
prank,11,29414,1
delft,9,29556,1
suing,6,29609,1
brine,7,29610,1
fluff,14,29630,1
unfit,8,29642,1
rouse,5,29678,1
appel,9,29679,1
yucca,12,29680,1
spiel,7,29684,1
gizmo,17,29706,1
scamp,11,29709,1
evoke,12,29834,1
gully,9,29902,1
brill,7,29906,1
gauss,6,29948,1
agora,6,29973,1
macho,12,29975,1
reeve,8,29979,1
bagel,8,30079,1
amaze,16,30103,1
easel,5,30108,1
carer,7,30113,1
gable,8,30124,1
quill,14,30133,1
lanai,5,30143,1
fermi,10,30147,1
verso,8,30176,1
cleft,10,30183,1
groin,6,30265,1
bower,10,30279,1
latte,5,30288,1
repro,7,30323,1
swain,8,30368,1
mourn,7,30381,1
girly,9,30396,1
blurb,9,30455,1
moray,10,30470,1
horst,8,30479,1
erode,6,30495,1
brisk,11,30505,1
ponce,9,30518,1
eerie,5,30535,1
butyl,10,30590,1
shale,8,30596,1
varna,8,30598,1
anode,6,30615,1
crepe,9,30631,1
snell,5,30649,1
avert,8,30654,1
guise,6,30656,1
vomit,10,30664,1
bongo,8,30665,1
shaky,15,30673,1
bloke,11,30674,1
calif,10,30692,1
levee,8,30695,1
phony,13,30702,1
jetty,15,30713,1
rerun,5,30752,1
jerky,19,30769,1
codon,8,30792,1
argon,6,30845,1
morph,12,30858,1
speck,13,30914,1
papal,9,30997,1
labia,7,31040,1
mogul,8,31045,1
droit,6,31095,1
teeny,8,31100,1
massa,7,31224,1
aural,5,31246,1
frown,11,31300,1
privy,13,31307,1
sepia,7,31325,1
brava,10,31334,1
hoyle,11,31454,1
goody,10,31506,1
brant,7,31583,1
stork,9,31632,1
tunic,7,31653,1
farce,10,31654,1
howdy,15,31675,1
whack,17,31695,1
drone,6,31696,1
godly,10,31703,1
spire,7,31704,1
stead,6,31727,1
shrug,9,31828,1
covey,13,31834,1
donne,6,31836,1
aster,5,31897,1
wince,10,31924,1
mitre,7,32000,1
mille,7,32010,1
bosom,9,32051,1
picky,16,32099,1
lumen,7,32124,1
pious,7,32203,1
tonal,5,32210,1
nance,7,32240,1
foggy,13,32292,1
shone,8,32293,1
leafy,11,32296,1
dolor,6,32319,1
trove,8,32346,1
filer,8,32351,1
lusty,8,32354,1
steed,6,32366,1
hasty,11,32405,1
munch,12,32436,1
clove,10,32445,1
leech,10,32457,1
giver,9,32459,1
nymph,15,32490,1
frail,8,32523,1
swank,12,32558,1
churn,10,32581,1
madre,8,32595,1
bumpy,14,32636,1
aleph,10,32637,1
amine,7,32694,1
spake,11,32719,1
awoke,12,32724,1
parka,11,32726,1
prune,7,32728,1
cairn,7,32732,1
kroon,9,32763,1
nutty,8,32794,1
sever,8,32799,1
toric,7,32834,1
titre,5,32865,1
bonne,7,32869,1
fling,9,32886,1
lindy,9,32946,1
drier,6,32983,1
auger,6,32999,1
hiker,12,33074,1
zloty,17,33081,1
leary,8,33101,1
crumb,11,33149,1
pinky,14,33167,1
yikes,12,33183,1
grate,6,33184,1
fiend,9,33243,1
taupe,7,33319,1
pique,16,33441,1
swore,8,33450,1
trier,5,33467,1
wilco,10,33519,1
livre,8,33563,1
legit,6,33622,1
fishy,14,33634,1
filmy,13,33671,1
timid,8,33672,1
cajon,14,33728,1
corby,12,33777,1
leaky,12,33839,1
molar,7,33855,1
batik,11,33902,1
odour,6,33915,1
gulch,11,33936,1
hoody,12,33946,1
henna,8,33965,1
bribe,9,33967,1
lisle,5,34059,1
canto,7,34076,1
aorta,5,34135,1
delve,9,34141,1
crimp,11,34150,1
clout,7,34187,1
feces,10,34197,1
fella,8,34199,1
phage,11,34227,1
alkyl,12,34274,1
glyph,14,34420,1
plumb,11,34437,1
unify,11,34463,1
briar,7,34471,1
junta,12,34515,1
grout,6,34535,1
curie,7,34560,1
taker,9,34629,1
scorn,7,34727,1
whirl,11,34730,1
tibia,7,34787,1
conte,7,34792,1
pesky,14,34818,1
knack,15,34908,1
rivet,8,34909,1
aggie,7,34913,1
grunt,6,34919,1
rabid,8,35058,1
cumin,9,35071,1
payee,10,35082,1
gemma,10,35204,1
hippy,15,35209,1
strep,7,35224,1
roost,5,35230,1
nappy,12,35262,1
evade,9,35306,1
lapis,7,35324,1
webby,15,35328,1
shunt,8,35362,1
synch,13,35372,1
tawny,11,35439,1
mucus,9,35492,1
aptly,10,35576,1
liege,6,35578,1
sheik,12,35617,1
piety,10,35677,1
froze,17,35696,1
tacit,7,35713,1
modus,8,35758,1
whisk,15,35823,1
unmet,7,35847,1
mauve,10,35874,1
spore,7,35893,1
crept,9,35904,1
canna,7,35980,1
frith,11,36041,1
bugle,8,36072,1
avion,8,36147,1
comer,9,36165,1
calla,7,36190,1
redox,13,36270,1
bimbo,11,36317,1
radii,6,36358,1
roomy,10,36423,1
lasso,5,36452,1
bevel,10,36510,1
coden,8,36512,1
dodgy,11,36528,1
neath,8,36549,1
sucre,7,36609,1
ender,6,36641,1
coney,10,36645,1
brawl,10,36679,1
tubal,7,36727,1
holla,8,36777,1
chore,10,36784,1
boson,7,37007,1
anima,7,37024,1
octal,7,37086,1
gauze,15,37139,1
moira,7,37169,1
amuse,7,37190,1
fixer,15,37192,1
idiom,8,37219,1
saggy,10,37231,1
trawl,8,37263,1
gamut,8,37270,1
pease,7,37330,1
manta,7,37380,1
compo,11,37388,1
filet,8,37390,1
lorry,8,37415,1
beryl,10,37499,1
saute,5,37546,1
revel,8,37565,1
madly,11,37581,1
gripe,8,37595,1
summa,9,37596,1
forme,10,37640,1
lowly,11,37657,1
scant,7,37666,1
flier,8,37685,1
amity,10,37774,1
drool,6,37819,1
lupin,7,37863,1
eidos,6,37864,1
hallo,8,37895,1
zonal,14,37919,1
chemo,12,37937,1
honky,15,37950,1
freer,8,38009,1
murky,14,38136,1
cabal,9,38154,1
passe,7,38267,1
solon,5,38335,1
sysop,10,38345,1
cynic,12,38380,1
swipe,10,38462,1
pesto,7,38557,1
tanto,5,38568,1
bough,11,38629,1
radix,13,38633,1
grist,6,38639,1
sloth,8,38659,1
tacky,14,38672,1
chasm,12,38752,1
styli,8,38755,1
masse,7,38814,1
quant,14,38828,1
ravel,8,38843,1
decoy,11,38850,1
grime,8,38879,1
rigor,6,38903,1
gusto,6,38926,1
footy,11,38954,1
dwelt,9,38966,1
hilly,11,38997,1
sager,6,39007,1
prawn,10,39021,1
algal,6,39028,1
rowdy,12,39046,1
leger,6,39072,1
torus,5,39074,1
cotta,7,39076,1
chock,16,39116,1
curio,7,39200,1
voila,8,39227,1
savor,8,39234,1
anion,5,39294,1
tabby,12,39300,1
therm,10,39305,1
fleer,8,39392,1
gourd,7,39420,1
foray,11,39511,1
filly,11,39523,1
vulva,11,39542,1
libri,7,39576,1
amici,9,39580,1
nodal,6,39589,1
aloft,8,39597,1
telly,8,39662,1
slurp,7,39665,1
arles,5,39688,1
tempt,9,39745,1
bathe,10,39764,1
vrouw,11,39785,1
girth,9,39831,1
molto,7,39875,1
books,11,163,0
links,9,169,0
years,8,172,0
items,7,177,0
games,8,202,0
terms,7,229,0
based,8,265,0
pages,8,290,0
posts,7,329,0
times,7,362,0
sites,5,363,0
hours,8,375,0
tools,5,401,0
sales,5,445,0
users,5,521,0
rates,5,567,0
girls,6,584,0
files,8,623,0
needs,6,632,0
areas,5,640,0
cards,8,646,0
added,8,665,0
means,7,754,0
costs,7,791,0
parts,7,797,0
miles,7,802,0
works,12,811,0
rules,5,819,0
gifts,9,837,0
deals,6,879,0
words,9,881,0
makes,11,913,0
cases,7,929,0
shows,11,947,0
loans,5,998,0
shoes,8,999,0
notes,5,1010,0
views,11,1044,0
plans,7,1045,0
types,10,1051,0
lines,5,1054,0
asked,10,1072,0
weeks,12,1095,0
names,7,1115,0
teens,5,1131,0
ideas,6,1197,0
homes,10,1208,0
rooms,7,1235,0
comes,9,1261,0
forms,10,1278,0
rated,6,1384,0
stars,5,1405,0
lists,5,1407,0
takes,9,1422,0
units,5,1454,0
ships,10,1461,0
funds,9,1478,0
seems,7,1491,0
goods,7,1574,0
songs,6,1671,0
fixed,16,1672,0
hands,9,1675,0
gives,9,1794,0
cells,7,1862,0
looks,9,1872,0
calls,7,1880,0
lives,8,1911,0
tests,5,1932,0
drugs,7,2081,0
dates,6,2102,0
steps,7,2113,0
shops,10,2115,0
tours,5,2133,0
goals,6,2196,0
facts,10,2236,0
moved,11,2252,0
films,10,2288,0
owned,9,2296,0
clubs,9,2305,0
codes,8,2333,0
kinds,10,2334,0
teams,7,2340,0
named,8,2361,0
taxes,12,2381,0
falls,8,2401,0
stats,5,2408,0
clips,9,2427,0
ended,7,2437,0
wants,8,2445,0
votes,8,2485,0
signs,6,2497,0
feeds,9,2521,0
bytes,10,2571,0
filed,9,2581,0
banks,11,2597,0
leads,6,2604,0
wales,8,2669,0
noted,6,2677,0
helps,10,2695,0
rings,6,2763,0
trees,5,2864,0
babes,9,2891,0
specs,9,2980,0
parks,11,2985,0
boxes,14,2999,0
hills,8,3001,0
firms,10,3024,0
mixed,15,3036,0
knows,12,3112,0
sizes,14,3225,0
blues,7,3266,0
bears,7,3320,0
dolls,6,3431,0
plays,10,3470,0
boobs,9,3506,0
foods,9,3539,0
bands,8,3578,0
polls,7,3597,0
yours,8,3600,0
tasks,9,3649,0
doors,6,3657,0
marks,11,3721,0
loved,9,3723,0
birds,8,3728,0
saved,9,3736,0
shots,8,3739,0
risks,9,3786,0
ports,7,3795,0
boots,7,3831,0
holds,9,3832,0
heads,9,3917,0
logos,6,3920,0
bills,7,3944,0
lived,9,3975,0
meets,7,4021,0
trips,7,4113,0
sides,6,4115,0
turns,5,4117,0
seats,5,4145,0
pants,7,4198,0
picks,13,4226,0
coins,7,4251,0
finds,9,4289,0
wings,9,4342,0
moves,10,4398,0
boats,7,4439,0
tells,5,4449,0
talks,9,4458,0
bonds,8,4471,0
roads,6,4533,0
faces,10,4548,0
cocks,13,4550,0
lakes,9,4579,0
kings,10,4588,0
flags,9,4594,0
walls,8,4604,0
yards,9,4631,0
woods,9,4650,0
jokes,16,4661,0
acres,7,4754,0
modes,8,4771,0
wells,8,4788,0
opens,7,4790,0
chips,12,4815,0
lands,6,4843,0
armed,8,4848,0
pills,7,4871,0
folks,12,4874,0
balls,7,4891,0
icons,7,4902,0
keeps,11,4909,0
roses,5,4917,0
tones,5,4972,0
towns,8,4984,0
reads,6,5024,0
roles,5,5025,0
sized,15,5148,0
dated,7,5171,0
poems,9,5188,0
winds,9,5199,0
roots,5,5209,0
loves,8,5222,0
slots,5,5265,0
rocks,11,5272,0
genes,6,5279,0
hosts,8,5328,0
feels,8,5337,0
texts,12,5383,0
fails,8,5403,0
mills,7,5439,0
jeans,12,5445,0
fonts,8,5449,0
camps,11,5498,0
packs,13,5507,0
holes,8,5554,0
meals,7,5560,0
liked,10,5637,0
tales,5,5654,0
nodes,6,5658,0
seeds,6,5662,0
cited,8,5663,0
tired,6,5678,0
waves,11,5735,0
lamps,9,5738,0
beads,8,5815,0
flows,11,5826,0
voted,9,5852,0
bikes,11,5854,0
gates,6,5855,0
discs,8,5994,0
cents,7,6038,0
seeks,9,6098,0
gains,6,6110,0
spots,7,6124,0
aimed,8,6156,0
faced,11,6206,0
farms,10,6227,0
autos,5,6269,0
likes,9,6298,0
tapes,7,6305,0
zones,14,6306,0
races,7,6307,0
minds,8,6396,0
hopes,10,6431,0
burns,7,6436,0
pumps,11,6437,0
pairs,7,6457,0
dicks,12,6537,0
tears,5,6542,0
rolls,5,6566,0
loads,6,6594,0
stops,7,6633,0
butts,7,6713,0
wines,8,6723,0
sells,5,6795,0
paths,10,6807,0
acids,8,6815,0
wages,9,6846,0
males,7,6855,0
chaos,10,6866,0
bases,7,6882,0
socks,11,6901,0
drums,8,6951,0
tanks,9,6973,0
sluts,5,7030,0
hints,8,7051,0
wired,9,7064,0
menus,7,7120,0
herbs,10,7129,0
drops,8,7186,0
fired,9,7286,0
tires,5,7300,0
suits,5,7318,0
crops,9,7348,0
edges,7,7417,0
twins,8,7430,0
walks,12,7467,0
sucks,11,7468,0
bones,7,7483,0
breed,8,7484,0
beans,7,7556,0
fixes,15,7633,0
sends,6,7634,0
highs,12,7660,0
racks,11,7681,0
watts,8,7695,0
tubes,7,7704,0
skins,9,7729,0
exams,14,7735,0
ranks,9,7845,0
lions,5,8038,0
pools,7,8041,0
saves,8,8098,0
tunes,5,8344,0
locks,11,8407,0
euros,5,8414,0
hired,9,8424,0
kills,9,8462,0
nails,5,8486,0
whats,11,8488,0
rides,6,8489,0
disks,10,8507,0
fires,8,8541,0
beats,7,8580,0
fears,8,8691,0
bucks,13,8755,0
buses,7,8803,0
wives,11,8876,0
sorts,5,8907,0
pipes,9,8952,0
craps,9,8983,0
grows,9,9035,0
lined,6,9137,0
boxed,15,9162,0
baths,10,9234,0
belts,7,9300,0
johns,15,9350,0
ruled,6,9375,0
joins,12,9385,0
cakes,11,9400,0
stays,8,9418,0
mines,7,9427,0
lanes,5,9478,0
plots,7,9512,0
draws,9,9521,0
loops,7,9535,0
souls,5,9557,0
wires,8,9576,0
mails,7,9579,0
tiles,5,9738,0
grams,8,9750,0
peers,7,9820,0
bored,8,9929,0
fares,8,9955,0
hoped,11,9960,0
bulbs,9,10036,0
turks,9,10090,0
demos,8,10092,0
sided,7,10097,0
seals,5,10131,0
flats,8,10179,0
heels,8,10186,0
sears,5,10201,0
lords,6,10250,0
tends,6,10252,0
backs,13,10331,0
soils,5,10340,0
hunks,12,10350,0
cares,7,10383,0
bells,7,10402,0
doses,6,10450,0
baked,12,10452,0
urged,7,10495,0
fuels,8,10520,0
edits,6,10562,0
halls,8,10608,0
asses,5,10645,0
downs,9,10653,0
masks,11,10711,0
lifts,8,10809,0
acted,8,10831,0
sands,6,10887,0
wills,8,10960,0
atoms,7,10962,0
rails,5,10982,0
malls,7,10992,0
plugs,8,11036,0
coded,9,11039,0
gases,6,11115,0
genus,6,11119,0
debts,8,11139,0
myths,13,11153,0
knees,9,11156,0
poets,7,11164,0
diets,6,11250,0
bowls,10,11264,0
decks,12,11367,0
rises,5,11378,0
coats,7,11402,0
fairs,8,11428,0
poles,7,11457,0
worms,10,11540,0
hooks,12,11555,0
peaks,11,11578,0
bombs,11,11595,0
nudes,6,11651,0
loses,5,11685,0
scans,7,11801,0
tents,5,11844,0
pulls,7,11854,0
skies,9,11956,0
kicks,15,11962,0
tuned,6,12019,0
bolts,7,12177,0
typed,11,12186,0
deeds,7,12284,0
traps,7,12303,0
ducks,12,12326,0
posed,8,12359,0
forks,12,12376,0
rants,5,12435,0
carts,7,12441,0
mixes,14,12458,0
bulls,7,12478,0
bates,7,12566,0
isles,5,12710,0
ovens,8,12712,0
sinks,9,12814,0
faxes,15,12848,0
hacks,14,12939,0
stems,7,12970,0
toons,5,13012,0
desks,10,13023,0
aided,7,13025,0
lacks,11,13061,0
poses,7,13110,0
fines,8,13141,0
maths,10,13237,0
studs,6,13284,0
hated,9,13387,0
fools,8,13404,0
ruins,5,13417,0
cites,7,13445,0
norms,7,13482,0
palms,9,13514,0
hawks,15,13541,0
irons,5,13544,0
bites,7,13618,0
pines,7,13676,0
fucks,14,13685,0
urges,6,13691,0
beams,9,13735,0
props,9,13736,0
ashes,8,13795,0
clues,7,13852,0
crews,10,13857,0
timed,8,13884,0
hurts,8,13943,0
mikes,11,14004,0
ponds,8,14158,0
mates,7,14169,0
visas,8,14174,0
flaws,11,14226,0
lungs,6,14292,0
jacks,18,14324,0
knots,9,14391,0
jumps,16,14410,0
wraps,10,14439,0
warns,8,14449,0
paced,10,14510,0
cafes,10,14591,0
sings,6,14619,0
pains,7,14639,0
geeks,10,14658,0
freed,9,14729,0
lasts,5,14752,0
chats,10,14793,0
scams,9,14811,0
mains,7,14850,0
rests,5,14873,0
weeds,9,14912,0
beers,7,14916,0
fills,8,14927,0
grips,8,14929,0
gears,6,14941,0
slips,7,15046,0
trays,8,15050,0
blows,10,15163,0
tyres,8,15325,0
hicks,14,15346,0
cooks,11,15467,0
volts,8,15525,0
hoops,10,15570,0
horns,8,15609,0
ropes,7,15780,0
cords,8,15803,0
reels,5,15847,0
waits,8,15882,0
caves,10,15905,0
cocos,9,15912,0
soaps,7,15939,0
cared,8,15987,0
frogs,9,16020,0
temps,9,16086,0
spurs,7,16151,0
darts,6,16171,0
tails,5,16178,0
hangs,9,16183,0
veins,8,16199,0
folds,9,16200,0
chefs,13,16345,0
hoods,9,16392,0
wears,8,16407,0
gowns,9,16501,0
leaks,9,16519,0
binds,8,16613,0
goats,6,16648,0
rains,5,16656,0
meats,7,16734,0
aired,6,16781,0
knobs,11,16814,0
salts,5,16832,0
soups,7,16850,0
pests,7,16876,0
monks,11,17020,0
rents,5,17062,0
colts,7,17071,0
dunes,6,17097,0
vests,8,17252,0
raped,8,17328,0
taxis,12,17361,0
hates,8,17362,0
greed,7,17531,0
cores,7,17606,0
infos,8,17627,0
dukes,10,17677,0
exits,12,17723,0
cured,8,17769,0
vines,8,17793,0
liens,5,17814,0
cages,8,17837,0
limbs,9,17987,0
paved,11,17997,0
scots,7,18013,0
faded,10,18087,0
cubes,9,18162,0
tides,6,18182,0
sheds,9,18241,0
sofas,8,18258,0
hires,8,18423,0
fakes,12,18498,0
sacks,11,18647,0
verbs,10,18820,0
grabs,8,18911,0
wards,9,18932,0
gangs,7,19041,0
hears,8,19077,0
carbs,9,19226,0
opted,8,19290,0
hides,9,19343,0
nazis,14,19379,0
piles,7,19385,0
scars,7,19493,0
pesos,7,19506,0
spans,7,19515,0
earns,5,19596,0
vases,8,19621,0
ramps,9,19667,0
casts,7,19708,0
tweed,9,19804,0
chars,10,19830,0
fined,9,19878,0
aides,6,19922,0
sexes,12,19963,0
sails,5,20006,0
robes,7,20012,0
kudos,10,20097,0
clans,7,20234,0
edged,8,20256,0
grids,7,20286,0
roofs,8,20361,0
reefs,8,20362,0
molds,8,20373,0
leafs,8,20425,0
cones,7,20474,0
taxed,13,20481,0
taped,8,20503,0
docks,12,20505,0
combs,11,20656,0
snaps,7,20672,0
coils,7,20733,0
bumps,11,20754,0
vents,8,20810,0
humps,12,20829,0
hikes,12,20840,0
wiped,11,20842,0
heirs,8,20857,0
cures,7,20863,0
riots,5,21067,0
abbas,9,21284,0
moods,8,21285,0
gated,7,21375,0
cribs,9,21400,0
spins,7,21424,0
hoses,8,21465,0
hymns,13,21523,0
cuffs,13,21536,0
rites,5,21713,0
tufts,8,21857,0
raves,8,21888,0
fused,9,21966,0
wipes,10,22056,0
totes,5,22118,0
thugs,9,22127,0
lambs,9,22166,0
seams,7,22313,0
famed,11,22360,0
chops,12,22429,0
hunts,8,22450,0
cunts,7,22464,0
deems,8,22471,0
crows,10,22604,0
memos,9,22694,0
claws,10,22979,0
pings,8,22993,0
hairs,8,23004,0
quads,15,23049,0
maids,8,23054,0
gents,6,23204,0
barns,7,23397,0
raids,6,23408,0
solos,5,23412,0
wares,8,23455,0
gurus,6,23465,0
yarns,8,23528,0
liars,5,23570,0
deans,6,23627,0
kites,9,23632,0
dumps,10,23649,0
hanks,12,23663,0
zeros,14,23714,0
ticks,11,23840,0
colds,8,23937,0
licks,11,24036,0
lures,5,24070,0
slows,8,24072,0
flaps,10,24085,0
bangs,8,24197,0
pleas,7,24233,0
idols,6,24268,0
gusts,6,24274,0
dudes,7,24308,0
altos,5,24311,0
overs,8,24313,0
nests,5,24334,0
warts,8,24587,0
aches,10,24667,0
pears,7,24800,0
heats,8,24801,0
swaps,10,24905,0
brits,7,25016,0
minis,7,25046,0
safes,8,25160,0
stubs,7,25196,0
dents,6,25205,0
perks,11,25207,0
vibes,10,25233,0
moons,7,25237,0
trims,7,25285,0
leaps,7,25294,0
lends,6,25305,0
typos,10,25342,0
dives,9,25349,0
swans,8,25396,0
piers,7,25427,0
dykes,13,25434,0
expos,14,25493,0
crabs,9,25505,0
divas,9,25613,0
coles,7,25797,0
mined,8,25935,0
sores,5,25945,0
reeds,6,25995,0
evils,8,26075,0
limos,7,26079,0
jocks,18,26095,0
bends,8,26136,0
flops,10,26327,0
vices,10,26363,0
tolls,5,26370,0
fuses,8,26549,0
fists,8,26624,0
heres,8,26647,0
glued,7,26694,0
shuts,8,26711,0
lawns,8,26746,0
raced,8,26759,0
quits,14,26795,0
fumes,10,26974,0
harms,10,27001,0
toned,6,27166,0
erred,6,27167,0
dared,7,27181,0
doves,9,27202,0
heaps,10,27272,0
nouns,5,27343,0
faxed,16,27376,0
slams,7,27442,0
zoned,15,27500,0
hives,11,27522,0
bowed,11,27638,0
clogs,8,27714,0
looms,7,27755,0
ducts,8,27776,0
mules,7,27780,0
ceres,7,27837,0
slabs,7,27911,0
lofts,8,27958,0
odors,6,27999,0
peeps,9,28035,0
tiers,5,28067,0
herds,9,28118,0
germs,8,28145,0
grays,9,28146,0
frees,8,28148,0
whips,13,28201,0
fades,9,28271,0
nerds,6,28324,0
wakes,12,28368,0
comps,11,28419,0
waved,12,28560,0
riffs,11,28603,0
vowed,12,28629,0
tiled,6,28662,0
sykes,12,28950,0
dumas,8,29049,0
grads,7,29174,0
fonds,9,29250,0
fouls,8,29301,0
canes,7,29309,0
diced,9,29379,0
kinks,13,29423,0
piled,8,29621,0
cysts,10,29756,0
helms,10,29807,0
moths,10,29827,0
foxes,15,29893,0
mites,7,29961,0
keyed,13,30025,0
jerks,16,30046,0
wists,8,30085,0
cults,7,30100,0
laced,8,30129,0
mares,7,30139,0
chaps,12,30142,0
dimes,8,30175,0
longs,6,30319,0
pores,7,30427,0
oiled,6,30445,0
noses,5,30481,0
reals,5,30499,0
torts,5,30619,0
necks,11,30688,0
chews,13,30700,0
soles,5,30711,0
nukes,9,30740,0
clams,9,30906,0
duets,6,31008,0
vials,8,31087,0
reins,5,31182,0
tombs,9,31297,0
forts,8,31425,0
polos,7,31540,0
jails,12,31559,0
nicks,11,31809,0
boils,7,31830,0
dials,6,31848,0
ferns,8,31909,0
curls,7,31911,0
melts,7,31943,0
wasps,10,31976,0
bales,7,32058,0
rapes,7,32061,0
busts,7,32119,0
tarts,5,32238,0
eased,6,32347,0
arias,5,32365,0
preps,9,32453,0
tikes,9,32527,0
muted,8,32598,0
feats,8,32599,0
knits,9,32762,0
dales,6,33018,0
domes,8,33056,0
execs,14,33071,0
coeds,8,33144,0
mints,7,33170,0
baits,7,33281,0
wicks,14,33291,0
fleas,8,33314,0
heals,8,33355,0
runes,5,33437,0
cools,7,33580,0
wands,9,33629,0
veils,8,33722,0
lobos,7,33796,0
mamas,9,33876,0
earls,5,33885,0
hyped,14,33896,0
axles,12,33949,0
doped,9,33980,0
towed,9,34038,0
lumps,9,34151,0
paces,9,34358,0
janes,12,34668,0
sages,6,34687,0
hinds,9,34767,0
moles,7,34822,0
obits,7,34852,0
shams,10,34862,0
lowes,8,34885,0
eases,5,34946,0
buffs,13,34997,0
nosed,6,35102,0
laces,7,35146,0
aunts,5,35193,0
mitts,7,35260,0
coffs,13,35320,0
sects,7,35380,0
flips,10,35569,0
pints,7,35618,0
goofs,9,35692,0
hails,8,35867,0
punks,11,36021,0
fours,8,36082,0
tapas,7,36188,0
moors,7,36322,0
waged,10,36336,0
waxed,16,36340,0
jaded,14,36346,0
heros,8,36431,0
nears,5,36448,0
waxes,15,36503,0
datos,6,36712,0
sighs,9,36832,0
wifes,11,36848,0
mises,7,36878,0
karts,9,36890,0
piped,10,36959,0
dells,6,36996,0
trams,7,37055,0
gazed,16,37147,0
skips,11,37150,0
haves,11,37208,0
paras,7,37357,0
pours,7,37751,0
casas,7,37839,0
hades,9,37912,0
muses,7,37996,0
leans,5,38048,0
foils,8,38090,0
buoys,10,38102,0
tongs,6,38146,0
yanks,12,38150,0
poked,12,38184,0
gnats,6,38331,0
dares,6,38358,0
booms,9,38460,0
faves,11,38510,0
clays,10,38521,0
lubes,7,38603,0
fates,8,38665,0
stews,8,38667,0
drags,7,38680,0
mumps,11,38749,0
eared,6,38894,0
tacos,7,38965,0
caged,9,39012,0
popes,9,39047,0
emits,7,39130,0
hants,8,39317,0
dazed,16,39346,0
sited,6,39366,0
puffs,13,39377,0
moped,10,39443,0
mated,8,39601,0
plums,9,39617,0
lobes,7,39920,0
coals,7,39941,0
brunt,7,40020,0
glens,6,40023,0
ember,9,40036,0
islet,5,40070,0
spode,8,40089,0
gulls,6,40179,0
balsa,7,40193,0
caper,9,40207,0
quack,20,40223,0
drape,8,40224,0
mezzo,25,40270,0
silos,5,40286,0
giddy,11,40291,0
oaths,8,40303,0
hells,8,40407,0
broil,7,40467,0
cacti,9,40497,0
curbs,9,40522,0
cates,7,40603,0
jiffy,21,40632,0
colic,9,40649,0
warms,10,40676,0
saucy,10,40695,0
askew,12,40737,0
groan,6,40741,0
touts,5,40747,0
toile,5,40766,0
antes,5,40785,0
ducky,15,40845,0
abate,7,40873,0
voids,9,40890,0
mossy,10,40903,0
clots,7,40975,0
hater,8,41026,0
expel,14,41031,0
swoop,10,41049,0
gumbo,10,41050,0
lated,6,41071,0
mavis,10,41081,0
lured,6,41088,0
manna,7,41139,0
soars,5,41152,0
adorn,6,41179,0
dorms,8,41180,0
pimps,11,41192,0
pared,8,41206,0
slums,7,41214,0
squaw,17,41240,0
bouts,7,41248,0
epics,9,41276,0
larva,8,41294,0
growl,9,41315,0
brash,10,41323,0
fader,9,41353,0
slits,5,41406,0
chard,11,41447,0
sully,8,41477,0
inept,7,41493,0
divan,9,41523,0
snark,9,41563,0
papas,9,41586,0
thump,12,41588,0
decaf,11,41600,0
minas,7,41649,0
bruin,7,41666,0
dimer,8,41677,0
dewar,9,41685,0
capes,9,41696,0
salvo,8,41709,0
twigs,9,41710,0
nicol,7,41717,0
degas,7,41719,0
joked,17,41726,0
fared,9,41735,0
fleck,14,41736,0
mists,7,41799,0
zippy,21,41824,0
odeon,6,41826,0
goers,6,41838,0
slugs,6,41921,0
miter,7,41946,0
rafts,8,41960,0
avast,8,41983,0
moans,7,41993,0
eaves,8,41999,0
alibi,7,42023,0
pikes,11,42054,0
peels,7,42090,0
trike,9,42116,0
credo,8,42147,0
femur,10,42162,0
bushy,13,42177,0
grits,6,42195,0
golem,8,42248,0
faked,13,42285,0
affix,18,42290,0
quirk,18,42292,0
flaky,15,42375,0
flite,8,42408,0
domed,9,42422,0
morro,7,42427,0
panes,7,42441,0
treks,9,42478,0
beets,7,42533,0
betta,7,42535,0
repel,7,42537,0
emmet,9,42538,0
litas,5,42556,0
hakim,14,42561,0
puree,7,42565,0
bonny,10,42568,0
swath,11,42591,0
rouen,5,42639,0
prods,8,42677,0
harem,10,42714,0
fussy,11,42715,0
shoal,8,42762,0
exons,12,42775,0
biota,7,42792,0
heady,12,42813,0
celts,7,42823,0
fives,11,42849,0
hoard,9,42868,0
meson,7,42934,0
senna,5,42954,0
leben,7,42960,0
spelt,7,42970,0
barks,11,42975,0
nerdy,9,42977,0
karoo,9,43011,0
knelt,9,43087,0
glues,6,43120,0
fated,9,43165,0
halts,8,43186,0
yerba,10,43189,0
cinch,12,43203,0
cubed,10,43217,0
dinky,13,43226,0
stirs,5,43230,0
honed,9,43234,0
scrum,9,43274,0
lopes,7,43278,0
snipe,7,43281,0
mirza,16,43303,0
beaux,14,43310,0
litho,8,43410,0
thane,8,43418,0
salve,8,43422,0
winks,12,43445,0
hulls,8,43465,0
friar,8,43498,0
pygmy,16,43513,0
progs,8,43536,0
blume,9,43538,0
pansy,10,43578,0
tabla,7,43599,0
dingo,7,43611,0
baggy,12,43640,0
heist,8,43647,0
wield,9,43679,0
adage,7,43682,0
morel,7,43711,0
budge,9,43726,0
silks,9,43741,0
kneel,9,43769,0
masts,7,43801,0
peony,10,43821,0
lense,5,43859,0
batty,10,43870,0
bongs,8,43908,0
twine,8,43915,0
agape,8,43982,0
comte,9,44102,0
bilge,8,44119,0
chewy,16,44129,0
grins,6,44134,0
busby,12,44139,0
cheep,12,44146,0
pasha,10,44160,0
scour,7,44163,0
leapt,7,44176,0
riyal,8,44188,0
taffy,14,44189,0
boney,10,44263,0
brows,10,44264,0
pacer,9,44280,0
bitty,10,44299,0
flack,14,44326,0
lidar,6,44339,0
crass,7,44344,0
yells,8,44396,0
paisa,7,44402,0
durst,6,44433,0
prion,7,44454,0
inked,10,44485,0
licht,10,44517,0
carle,7,44541,0
objet,14,44552,0
rumba,9,44605,0
spunk,11,44610,0
stung,6,44626,0
smirk,11,44683,0
toads,6,44752,0
liber,7,44757,0
lossy,8,44765,0
cramp,11,44779,0
sodom,8,44784,0
conus,7,44854,0
moxie,14,44866,0
gills,6,44868,0
fugue,9,44875,0
speer,7,44902,0
hoary,11,44907,0
penne,7,44911,0
corse,7,44912,0
bleep,9,45041,0
sills,5,45046,0
igloo,6,45063,0
rakes,9,45101,0
burgh,11,45113,0
dikes,10,45127,0
allot,5,45153,0
vesta,8,45188,0
jacky,21,45189,0
meaty,10,45229,0
gages,7,45230,0
egret,6,45243,0
piney,10,45250,0
felon,8,45389,0
nacho,10,45396,0
swims,10,45477,0
spasm,9,45481,0
rimes,7,45509,0
dusky,13,45530,0
proms,9,45556,0
gluon,6,45585,0
slush,8,45601,0
selva,8,45614,0
aphis,10,45617,0
lough,9,45630,0
trios,5,45632,0
vouch,13,45651,0
gales,6,45665,0
gipsy,11,45735,0
ruddy,10,45745,0
fjord,16,45750,0
basso,7,45780,0
fords,9,45788,0
axons,12,45864,0
sorel,5,45895,0
boned,8,45896,0
junky,19,45924,0
dirge,7,45936,0
dames,8,45977,0
runny,8,45989,0
edict,8,46050,0
shrew,11,46061,0
foals,8,46063,0
cased,8,46082,0
prays,10,46088,0
nonce,7,46092,0
plage,8,46132,0
kilns,9,46134,0
karst,9,46142,0
dongs,7,46154,0
mirth,10,46164,0
kilts,9,46204,0
lysis,8,46224,0
booby,12,46295,0
conch,12,46306,0
corny,10,46345,0
noose,5,46376,0
recur,7,46382,0
howes,11,46383,0
takin,9,46412,0
camas,9,46444,0
zooms,16,46468,0
taint,5,46613,0
chine,10,46639,0
crier,7,46641,0
hamza,19,46666,0
beset,7,46693,0
swede,9,46704,0
glows,9,46774,0
ladle,6,46786,0
pinks,11,46796,0
surly,8,46824,0
cleat,7,46843,0
sabin,7,46871,0
glebe,8,46903,0
motte,7,46908,0
brews,10,46995,0
laity,8,47125,0
hales,8,47151,0
soyuz,17,47163,0
beefy,13,47231,0
skits,9,47236,0
bursa,7,47272,0
welds,9,47282,0
spiny,10,47297,0
wahoo,11,47304,0
bazar,16,47310,0
clung,8,47327,0
maxis,14,47363,0
iliad,6,47399,0
graze,15,47400,0
afoot,8,47432,0
woken,12,47445,0
hotly,11,47448,0
glitz,15,47496,0
stave,8,47518,0
vertu,8,47519,0
shins,8,47549,0
punts,7,47561,0
crick,13,47590,0
sedge,7,47657,0
rummy,12,47682,0
stoop,7,47721,0
curvy,13,47729,0
jeeps,14,47793,0
rages,6,47810,0
tithe,8,47814,0
cocky,16,47881,0
beano,7,47889,0
scape,9,47916,0
idler,6,47936,0
slaps,7,47989,0
spate,7,48006,0
semis,7,48014,0
gleam,8,48023,0
halos,8,48039,0
metis,7,48095,0
kilos,9,48105,0
tamer,7,48117,0
trice,7,48204,0
aviso,8,48235,0
pilar,7,48271,0
thorp,10,48299,0
stile,5,48312,0
xenia,12,48316,0
nadir,6,48320,0
gavel,9,48357,0
sahib,10,48383,0
senor,5,48400,0
profs,10,48403,0
foams,10,48407,0
facia,10,48421,0
feist,8,48433,0
spitz,16,48454,0
splat,7,48459,0
snows,8,48470,0
bogey,11,48496,0
nitty,8,48566,0
mages,8,48577,0
vying,12,48662,0
pooch,12,48668,0
glace,8,48673,0
adios,6,48683,0
fatwa,11,48700,0
stade,6,48725,0
whims,13,48727,0
fangs,9,48766,0
rabat,7,48779,0
wiles,8,48780,0
ensue,5,48782,0
conto,7,48788,0
pekin,11,48807,0
slimy,10,48820,0
borer,7,48932,0
clump,11,48942,0
mensa,7,48947,0
tarps,7,48987,0
tilde,6,49007,0
midis,8,49028,0
skids,10,49082,0
skeet,9,49089,0
prowl,10,49121,0
taber,7,49156,0
hoyas,11,49171,0
dimly,11,49188,0
naira,5,49231,0
bijou,14,49245,0
razer,14,49267,0
hymen,13,49277,0
forgo,9,49362,0
tacks,11,49366,0
brats,7,49407,0
lakhs,12,49418,0
faery,11,49444,0
poise,7,49465,0
duchy,14,49482,0
etude,6,49504,0
gaunt,6,49528,0
rioja,12,49629,0
suave,8,49663,0
tulle,5,49677,0
gabby,13,49679,0
gooey,9,49780,0
bidet,8,49812,0
didst,7,49823,0
carex,14,49827,0
manos,7,49895,0
kendo,10,49905,0
tangy,9,49960,0
artsy,8,49974,0
wilds,9,49984,0
golds,7,50004,0
mache,12,50010,0
brads,8,50030,0
grebe,8,50041,0
blobs,9,50050,0
payed,11,50062,0
rondo,6,50098,0
piste,7,50108,0
whoop,13,50133,0
cacao,9,50137,0
soggy,10,50150,0
linac,7,50175,0
repos,7,50224,0
beret,7,50260,0
golly,9,50296,0
snips,7,50352,0
scrip,9,50380,0
crump,11,50404,0
cyclo,12,50419,0
mince,9,50453,0
frets,8,50462,0
fluor,8,50498,0
hunch,13,50532,0
spurt,7,50642,0
rater,5,50659,0
mazes,16,50677,0
farts,8,50724,0
anise,5,50785,0
rebbe,9,50845,0
pinup,9,50847,0
surah,8,50850,0
dixit,13,50922,0
swabs,10,50944,0
prise,7,50952,0
terns,5,50981,0
raged,7,50993,0
hosta,8,50995,0
lazar,14,51010,0
hiked,13,51015,0
umbra,9,51023,0
amply,12,51052,0
spits,7,51067,0
loony,8,51175,0
duped,9,51203,0
rumps,9,51225,0
inane,5,51242,0
corky,14,51277,0
yolks,12,51295,0
spook,11,51312,0
snags,6,51349,0
olden,6,51357,0
tatar,5,51375,0
lyase,8,51398,0
llano,5,51451,0
reedy,9,51479,0
ceded,9,51481,0
amide,8,51491,0
sleds,6,51502,0
wreak,12,51515,0
bloat,7,51568,0
kiwis,12,51576,0
seder,6,51588,0
kylix,19,51778,0
conga,8,51896,0
agave,9,51903,0
beeps,9,52002,0
greys,9,52025,0
wench,13,52070,0
pawns,10,52151,0
quint,14,52207,0
loins,5,52233,0
midge,9,52248,0
glial,6,52258,0
milos,7,52334,0
bream,9,52348,0
imago,8,52412,0
orcas,7,52416,0
jakes,16,52426,0
betas,7,52499,0
omits,7,52530,0
selle,5,52541,0
penna,7,52598,0
ricks,11,52619,0
sleet,5,52632,0
drips,8,52740,0
saree,5,52749,0
polis,7,52759,0
fille,8,52769,0
soapy,10,52775,0
savin,8,52776,0
tardy,9,52817,0
harps,10,52915,0
boner,7,52978,0
smelt,7,53019,0
porns,7,53022,0
renin,5,53024,0
yearn,8,53029,0
paged,9,53122,0
erupt,7,53129,0
loris,5,53181,0
sodas,6,53203,0
plats,7,53239,0
daman,8,53262,0
mamie,9,53288,0
upped,10,53290,0
trine,5,53344,0
belay,10,53403,0
slats,5,53420,0
lumpy,12,53450,0
galls,6,53495,0
unary,8,53501,0
heave,11,53507,0
rarer,5,53526,0
ahold,9,53555,0
dobra,8,53559,0
snook,9,53564,0
coven,10,53569,0
mores,7,53578,0
elegy,9,53589,0
sloop,7,53602,0
taunt,5,53644,0
aphid,11,53645,0
myrrh,13,53682,0
chaff,16,53686,0
showy,14,53694,0
emcee,9,53712,0
spied,8,53743,0
aloof,8,53755,0
snore,5,53766,0
silty,8,53820,0
duper,8,53859,0
ochre,10,53865,0
quell,14,53900,0
posit,7,53925,0
clary,10,53942,0
duomo,8,54092,0
dined,7,54140,0
orang,6,54208,0
magus,8,54222,0
bores,7,54238,0
silex,12,54277,0
vireo,8,54282,0
umber,9,54313,0
areal,5,54333,0
downy,12,54384,0
kudzu,19,54391,0
lemur,7,54468,0
terse,5,54494,0
utile,5,54511,0
trite,5,54520,0
shard,9,54529,0
hanky,15,54541,0
nicad,8,54553,0
kiddy,14,54614,0
sires,5,54674,0
roque,14,54713,0
dowel,9,54722,0
bards,8,54726,0
stags,6,54773,0
pylon,10,54787,0
seedy,9,54808,0
sturt,5,54828,0
caret,7,54890,0
vichy,16,55019,0
weeps,10,55026,0
quoth,17,55044,0
combe,11,55069,0
apres,7,55092,0
testa,5,55121,0
ditty,9,55130,0
skiff,15,55140,0
gummy,13,55158,0
hight,12,55162,0
varia,8,55170,0
rebar,7,55171,0
toney,8,55185,0
sisal,5,55259,0
clave,10,55335,0
pokes,11,55349,0
hunky,15,55374,0
tipsy,10,55395,0
atria,5,55398,0
sagas,6,55406,0
cress,7,55410,0
ficus,10,55470,0
culpa,9,55504,0
froth,11,55515,0
derma,8,55522,0
tubby,12,55643,0
mired,8,55672,0
breve,10,55675,0
rinks,9,55703,0
raver,8,55713,0
smote,7,55762,0
axion,12,55792,0
bolus,7,55804,0
mushy,13,55867,0
dozer,15,55879,0
dowry,12,55906,0
adieu,6,55932,0
snuck,11,55973,0
campy,14,55983,0
awash,11,56008,0
barbs,9,56031,0
clift,10,56056,0
locum,9,56076,0
payor,10,56146,0
aback,13,56165,0
griff,12,56173,0
scaly,10,56176,0
esker,9,56181,0
glint,6,56223,0
stoic,7,56249,0
alums,7,56286,0
amiss,7,56337,0
carbo,9,56405,0
livid,9,56410,0
hares,8,56417,0
pokey,14,56426,0
smite,7,56460,0
alist,5,56464,0
sarin,5,56466,0
chump,14,56480,0
scoot,7,56541,0
ingle,6,56612,0
hyena,11,56625,0
daffy,15,56633,0
blurs,7,56655,0
stabs,7,56664,0
lurks,9,56709,0
larch,10,56759,0
situs,5,56791,0
boles,7,56802,0
aline,5,56810,0
byway,16,56845,0
pleat,7,56855,0
swash,11,57008,0
clank,11,57051,0
marts,7,57061,0
locos,7,57088,0
ruble,7,57100,0
brier,7,57161,0
coves,10,57173,0
noddy,10,57222,0
doers,6,57251,0
blimp,11,57286,0
loopy,10,57295,0
chomp,14,57335,0
rosin,5,57436,0
wilts,8,57485,0
gulag,7,57490,0
macaw,12,57492,0
jager,13,57519,0
opals,7,57545,0
kooks,13,57559,0
dived,10,57562,0
baldy,11,57582,0
crocs,9,57593,0
plier,7,57594,0
loner,5,57596,0
writs,8,57679,0
banal,7,57722,0
rears,5,57732,0
lolly,8,57750,0
guava,9,57807,0
clade,8,57824,0
holed,9,57869,0
wimpy,15,57889,0
snout,5,57953,0
bigot,8,57959,0
goons,6,57981,0
titer,5,57987,0
paves,10,58043,0
balms,9,58146,0
wooly,11,58215,0
irate,5,58225,0
sitar,5,58233,0
pushy,13,58234,0
sheaf,11,58252,0
roars,5,58291,0
bilbo,9,58298,0
dingy,10,58318,0
horas,8,58334,0
lotte,5,58354,0
duals,6,58356,0
azide,15,58364,0
rands,6,58377,0
truer,5,58428,0
limes,7,58429,0
kraut,9,58458,0
reams,7,58480,0
quays,17,58502,0
slung,6,58575,0
bight,11,58611,0
fells,8,58622,0
tucks,11,58668,0
ables,7,58711,0
oxbow,17,58712,0
calyx,17,58722,0
wacko,14,58837,0
pails,7,58915,0
burly,10,58916,0
mange,8,58941,0
dings,7,58947,0
mowed,11,58973,0
evert,8,59066,0
helio,8,59073,0
leeks,9,59089,0
lusts,5,59119,0
blots,7,59142,0
raked,10,59165,0
gaudy,10,59182,0
swoon,8,59200,0
frosh,11,59283,0
kebab,13,59286,0
ambit,9,59386,0
ghoul,9,59410,0
clack,13,59455,0
whiff,17,59480,0
maile,7,59507,0
caulk,11,59572,0
tilts,5,59587,0
limba,9,59609,0
claro,7,59702,0
flees,8,59752,0
blocs,9,59770,0
sayer,8,59857,0
tarry,8,59875,0
joule,12,59879,0
tuber,7,59881,0
vexed,16,59916,0
micra,9,59965,0
plied,8,59974,0
twang,9,59993,0
ombre,9,60000,0
calms,9,60076,0
obeys,10,60095,0
voile,8,60140,0
kilim,11,60191,0
layed,9,60193,0
ghazi,18,60201,0
whorl,11,60282,0
gouge,7,60356,0
chirp,12,60360,0
gyrus,9,60393,0
ganja,13,60394,0
halve,11,60398,0
tamed,8,60442,0
rower,8,60473,0
aunty,8,60514,0
snafu,8,60529,0
shaul,8,60573,0
prams,9,60593,0
monad,8,60627,0
bandy,11,60643,0
shits,8,60665,0
snide,6,60722,0
satis,5,60760,0
dusts,6,60801,0
gruff,12,60813,0
buxom,16,60820,0
musty,10,60842,0
knead,10,61094,0
lamas,7,61098,0
rebut,7,61142,0
coups,9,61290,0
segue,6,61302,0
dotty,9,61305,0
twirl,8,61306,0
ingot,6,61308,0
mimeo,9,61314,0
guppy,13,61346,0
rooks,9,61409,0
telia,5,61426,0
homey,13,61439,0
glean,6,61462,0
bogle,8,61652,0
poppa,11,61676,0
pasty,10,61729,0
shoji,15,61763,0
paver,10,61764,0
agios,6,61892,0
ovals,8,61903,0
crone,7,61936,0
pubes,9,61976,0
tical,7,61980,0
matts,7,61984,0
thunk,12,61986,0
laver,8,62004,0
peeks,11,62019,0
creel,7,62072,0
delis,6,62081,0
fosse,8,62148,0
stull,5,62205,0
pater,7,62277,0
mused,8,62291,0
shays,11,62307,0
rebus,7,62368,0
luger,6,62425,0
foamy,13,62451,0
lurid,6,62489,0
hansa,8,62497,0
pampa,11,62519,0
mulls,7,62553,0
hoots,8,62637,0
whiny,14,62666,0
huffy,17,62710,0
bests,7,62750,0
tinge,6,62776,0
scuff,13,62783,0
quips,16,62797,0
loran,5,62913,0
cruse,7,62931,0
evens,8,62949,0
muffs,13,63042,0
telos,5,63043,0
chums,12,63050,0
tomes,7,63101,0
pisos,7,63174,0
miser,7,63196,0
phlox,17,63337,0
sakes,9,63375,0
tepid,8,63433,0
slurs,5,63461,0
smock,13,63492,0
sired,6,63507,0
sooty,8,63518,0
cubby,14,63537,0
porky,14,63550,0
bourg,8,63567,0
covet,10,63590,0
gyros,9,63691,0
minty,10,63735,0
loons,5,63823,0
cuddy,12,63854,0
cored,8,63890,0
parle,7,63906,0
dears,6,63991,0
tints,5,64038,0
waver,11,64040,0
conic,9,64077,0
bares,7,64085,0
strum,7,64091,0
omens,7,64112,0
rheum,10,64120,0
vanes,8,64122,0
sappy,12,64148,0
mocks,13,64187,0
natty,8,64241,0
pinko,11,64300,0
elude,6,64306,0
tripe,7,64316,0
gault,6,64341,0
becks,13,64370,0
saran,5,64390,0
bromo,9,64401,0
liven,8,64427,0
spilt,7,64448,0
dunks,10,64455,0
bunks,11,64544,0
feria,8,64563,0
peeve,10,64622,0
gutsy,9,64641,0
nooks,9,64679,0
selah,8,64694,0
shyly,14,64720,0
scone,7,64739,0
throb,10,64761,0
duels,6,64779,0
kalam,11,64842,0
shims,10,64872,0
miler,7,64974,0
evict,10,64991,0
neigh,9,65031,0
balmy,12,65132,0
toots,5,65264,0
zesty,17,65275,0
murry,10,65355,0
canny,10,65400,0
rifts,8,65418,0
vroom,10,65450,0
taiga,6,65455,0
rumen,7,65540,0
deoxy,16,65546,0
krill,9,65562,0
skein,9,65571,0
moldy,11,65587,0
matin,7,65600,0
oriel,5,65657,0
nines,5,65658,0
aught,9,65775,0
unban,7,65795,0
narco,7,65800,0
gules,6,65847,0
corks,11,65890,0
plows,10,65901,0
waker,12,65931,0
chins,10,65940,0
rance,7,65995,0
perms,9,66053,0
tryst,8,66061,0
fossa,8,66109,0
cotes,7,66168,0
lurch,10,66209,0
allee,5,66217,0
quash,17,66240,0
hokey,15,66259,0
mufti,10,66400,0
gasps,8,66405,0
septa,7,66436,0
spars,7,66454,0
frise,8,66457,0
howls,11,66471,0
sneer,5,66483,0
curia,7,66488,0
allay,8,66494,0
decry,11,66548,0
sizer,14,66657,0
gusty,9,66678,0
usury,8,66806,0
redes,6,66818,0
hooch,13,66862,0
alway,11,66871,0
steno,5,66964,0
plies,7,67002,0
leper,7,67054,0
foram,10,67087,0
oldie,6,67113,0
tater,5,67122,0
canst,7,67293,0
muons,7,67299,0
lunge,6,67307,0
swale,8,67332,0
hosed,9,67398,0
rives,8,67413,0
wrens,8,67457,0
tenon,5,67473,0
novae,8,67499,0
yager,9,67513,0
polyp,12,67531,0
refit,8,67610,0
dosed,7,67612,0
boite,7,67614,0
pucks,13,67683,0
kerns,9,67717,0
trapt,7,67776,0
slink,9,67892,0
droll,6,67912,0
endow,9,67961,0
razed,15,67975,0
manus,7,68008,0
sokol,9,68011,0
klutz,18,68070,0
joist,12,68143,0
fizzy,29,68188,0
mongo,8,68198,0
offal,11,68204,0
dawns,9,68214,0
mungo,8,68216,0
staid,6,68220,0
pithy,13,68234,0
shirk,12,68256,0
pangs,8,68264,0
knell,9,68341,0
exalt,12,68369,0
liana,5,68462,0
wisps,10,68463,0
oaten,5,68542,0
burbs,9,68589,0
zingy,18,68595,0
laker,9,68602,0
durum,8,68643,0
guano,6,68674,0
boars,7,68719,0
afore,8,68721,0
begat,8,68797,0
ripen,7,68821,0
brawn,10,68851,0
pacts,9,68880,0
putts,7,68942,0
stipe,7,69055,0
batts,7,69238,0
sunna,5,69275,0
flyby,16,69315,0
wring,9,69333,0
stilt,5,69368,0
pavan,10,69388,0
seeps,7,69444,0
slims,7,69476,0
roped,8,69518,0
clang,8,69523,0
djinn,13,69596,0
coble,9,69611,0
saris,5,69622,0
bared,8,69672,0
humus,10,69723,0
lauds,6,69774,0
pales,7,69908,0
blain,7,69939,0
felts,8,69950,0
tykes,12,69970,0
solus,5,70000,0
frock,14,70021,0
wrest,8,70059,0
runic,7,70069,0
shute,8,70146,0
copes,9,70168,0
recto,7,70172,0
ashen,8,70175,0
thiol,8,70198,0
snarl,5,70199,0
waned,9,70443,0
punky,14,70447,0
kemps,13,70478,0
finis,8,70504,0
rishi,8,70516,0
leggy,10,70604,0
nulls,5,70703,0
caved,11,70713,0
corns,7,70717,0
dados,7,70792,0
bocce,11,70809,0
amass,7,70820,0
iliac,7,70902,0
arete,5,70913,0
techy,13,70924,0
spiky,14,70948,0
bogan,8,70959,0
sumac,9,70960,0
dower,9,70968,0
ricin,7,70969,0
wordy,12,70981,0
reeks,9,71030,0
bogie,8,71085,0
jaunt,12,71096,0
agers,6,71121,0
spier,7,71166,0
rares,5,71299,0
oleic,7,71316,0
octyl,10,71426,0
imams,9,71446,0
dicky,15,71478,0
hoppy,15,71495,0
gorse,6,71531,0
louse,5,71533,0
burro,7,71537,0
ileum,7,71585,0
bassi,7,71594,0
scoff,13,71713,0
maser,7,71758,0
musky,14,71764,0
furor,8,71779,0
oomph,12,71828,0
casks,11,71838,0
wader,9,71928,0
sixes,12,71944,0
frere,8,72055,0
dregs,7,72134,0
udder,7,72187,0
asana,5,72297,0
sewed,9,72346,0
tushy,11,72360,0
malts,7,72486,0
sabra,7,72504,0
biome,9,72545,0
echos,10,72558,0
scull,7,72579,0
flume,10,72613,0
manas,7,72635,0
bakes,11,72648,0
pacha,12,72668,0
aedes,6,72678,0
hafiz,20,72705,0
atman,7,72708,0
rungs,6,72745,0
lytic,10,72749,0
seely,8,72775,0
edger,7,72793,0
garni,6,72844,0
mamba,11,72867,0
trill,5,72935,0
borax,14,72995,0
wimps,12,73101,0
coped,10,73136,0
chiao,10,73228,0
lowed,9,73254,0
usurp,7,73258,0
staph,10,73276,0
galax,13,73278,0
chubs,12,73279,0
aggro,7,73295,0
gilly,9,73340,0
kapok,15,73399,0
crags,8,73477,0
bodes,8,73478,0
homed,11,73510,0
tates,5,73542,0
scold,8,73551,0
dewan,9,73565,0
tress,5,73570,0
folia,8,73631,0
sawed,9,73633,0
croak,11,73790,0
abhor,10,73795,0
peart,7,73812,0
reman,7,73820,0
dopey,11,73830,0
tweet,8,73889,0
leery,8,73905,0
rowed,9,73934,0
elfin,8,73943,0
emote,7,73950,0
meads,8,73984,0
loupe,7,74006,0
jumpy,19,74028,0
poons,7,74071,0
frags,9,74179,0
testy,8,74214,0
pasts,7,74366,0
loach,10,74440,0
infix,15,74485,0
liras,5,74568,0
geode,7,74571,0
minim,9,74674,0
riven,8,74718,0
jeers,12,74732,0
soaks,9,74735,0
kurta,9,74817,0
kamik,15,74871,0
snobs,7,74950,0
dicta,8,74995,0
clink,11,75077,0
whigs,12,75204,0
weirs,8,75205,0
shill,8,75207,0
bossy,10,75235,0
arras,5,75255,0
whist,11,75296,0
sayid,9,75337,0
ketch,14,75354,0
dobie,8,75375,0
softs,8,75484,0
lunes,5,75494,0
dural,6,75515,0
lapin,7,75521,0
manes,7,75545,0
swart,8,75558,0
vanda,9,75572,0
weald,9,75627,0
dicey,11,75645,0
hocus,10,75649,0
dowdy,13,75681,0
rials,5,75735,0
dungy,10,75803,0
dilly,9,75839,0
gamba,10,75856,0
folky,15,75869,0
prost,7,75870,0
dobby,13,75886,0
stuns,5,75891,0
sikes,9,76007,0
bawdy,14,76010,0
beaut,7,76091,0
joust,12,76094,0
weedy,12,76113,0
sacra,7,76129,0
grope,8,76139,0
booed,8,76150,0
ghast,9,76227,0
afoul,8,76260,0
hames,10,76294,0
hance,10,76324,0
ology,9,76365,0
altho,8,76369,0
blest,7,76374,0
mesas,7,76375,0
feuds,9,76565,0
toque,14,76592,0
primi,9,76623,0
milks,11,76627,0
tains,5,76659,0
cilia,7,76798,0
pinon,7,76843,0
torte,5,76908,0
rajah,15,76969,0
outed,6,77000,0
comal,9,77029,0
gazes,15,77039,0
twats,8,77050,0
peppy,14,77061,0
loess,5,77136,0
humic,12,77146,0
sulky,12,77150,0
egger,7,77189,0
sylva,11,77195,0
droop,8,77197,0
waded,10,77222,0
cuppa,11,77314,0
liane,5,77334,0
grubs,8,77337,0
flail,8,77417,0
eland,6,77426,0
ardor,6,77455,0
tinny,8,77475,0
sexed,13,77482,0
talus,5,77513,0
dures,6,77528,0
apace,9,77569,0
loral,5,77571,0
carob,9,77586,0
auxin,12,77646,0
boric,9,77674,0
dross,6,77731,0
yucky,17,77749,0
hauls,8,77813,0
lunas,5,77866,0
dorky,13,77867,0
baler,7,77893,0
mutes,7,77919,0
kooky,16,78025,0
bundt,8,78068,0
ached,11,78091,0
xylem,17,78101,0
atone,5,78161,0
valse,8,78164,0
douce,8,78166,0
paler,7,78192,0
cuter,7,78207,0
frisk,12,78272,0
oiler,5,78276,0
cella,7,78349,0
pumas,9,78395,0
loath,8,78508,0
remap,9,78529,0
neves,8,78542,0
bindi,8,78558,0
exult,12,78589,0
claps,9,78590,0
pipet,9,78684,0
nomen,7,78722,0
rubus,7,78900,0
spews,10,78921,0
galas,6,78922,0
vetch,13,78929,0
carrs,7,78954,0
stour,5,79082,0
toyed,9,79085,0
extol,12,79099,0
knave,12,79155,0
croup,9,79167,0
quire,14,79196,0
brags,8,79221,0
bails,7,79270,0
moats,7,79279,0
dirks,10,79302,0
ratty,8,79400,0
pilaf,10,79446,0
scree,7,79482,0
lamer,7,79512,0
gunny,9,79571,0
antic,7,79626,0
hirer,8,79640,0
fowls,11,79659,0
coons,7,79677,0
berms,9,79690,0
nudie,6,79707,0
leman,7,79756,0
genom,8,79768,0
cushy,13,79791,0
husks,12,79845,0
raved,9,79863,0
reaps,7,79885,0
recut,7,79930,0
cesta,7,79938,0
scrim,9,79963,0
gilts,6,79980,0
nihil,8,80013,0
ovine,8,80017,0
untie,5,80044,0
annul,5,80071,0
lanky,12,80072,0
vises,8,80074,0
outdo,6,80090,0
dorks,10,80201,0
stich,10,80204,0
mammy,14,80267,0
beaks,11,80268,0
hexes,15,80288,0
banns,7,80315,0
ennui,5,80336,0
purer,7,80401,0
trave,8,80474,0
porgy,11,80477,0
colas,7,80482,0
perse,7,80577,0
bleat,7,80589,0
coops,9,80593,0
thins,8,80629,0
pappy,14,80671,0
tanka,9,80687,0
fasts,8,80749,0
sprig,8,80933,0
ovate,8,80948,0
tinea,5,80960,0
danio,6,80984,0
dally,9,81209,0
spica,9,81337,0
duces,8,81359,0
tings,6,81375,0
linky,12,81383,0
cobbs,11,81397,0
shorn,8,81409,0
jebel,14,81472,0
orals,5,81503,0
exude,13,81520,0
gamin,8,81601,0
surfs,8,81606,0
amble,9,81655,0
fiver,11,81662,0
aurum,7,81689,0
ducal,8,81747,0
sooth,8,81802,0
aider,6,81869,0
campi,11,82008,0
tuxes,12,82115,0
sabot,7,82167,0
ceiba,9,82237,0
scram,9,82277,0
jawed,16,82366,0
ulnar,5,82417,0
lobed,8,82444,0
vagus,9,82468,0
yogic,11,82489,0
grimy,11,82500,0
burrs,7,82829,0
toros,5,82834,0
loamy,10,82857,0
jinks,16,82870,0
biddy,12,82894,0
crony,10,82908,0
sambo,9,82915,0
swags,9,82960,0
duffs,12,82980,0
teary,8,83064,0
sower,8,83068,0
kiddo,11,83212,0
bombe,11,83229,0
nuked,10,83255,0
satyr,8,83263,0
pares,7,83298,0
yokes,12,83323,0
drams,8,83494,0
graal,6,83518,0
fount,8,83585,0
meany,10,83602,0
lithe,8,83606,0
tusks,9,83620,0
bitsy,10,83713,0
robed,8,83724,0
pelts,7,83786,0
auras,5,83968,0
skied,10,84029,0
panto,7,84100,0
seers,5,84118,0
begum,10,84140,0
klong,10,84173,0
cluck,13,84202,0
marly,10,84220,0
pions,7,84224,0
cutty,10,84227,0
tasse,5,84237,0
pates,7,84250,0
cubit,9,84325,0
brome,9,84386,0
vinca,10,84414,0
kazoo,18,84527,0
gaffe,12,84625,0
liken,9,84829,0
nosey,8,84855,0
kauri,9,84906,0
toddy,10,84985,0
malic,9,84989,0
mesic,9,84998,0
spoor,7,85000,0
disci,8,85024,0
doily,9,85068,0
wowed,12,85083,0
chink,14,85123,0
satay,8,85135,0
gaily,9,85222,0
harts,8,85316,0
allyl,8,85348,0
oozes,14,85442,0
kluge,10,85596,0
tatty,8,85672,0
divot,9,85749,0
sutta,5,85774,0
tines,5,85785,0
gazer,15,85791,0
chics,12,85936,0
chert,10,85992,0
arcus,7,86019,0
frizz,26,86273,0
pipit,9,86325,0
eider,6,86326,0
junto,12,86330,0
novas,8,86354,0
wooed,9,86596,0
glans,6,86630,0
pulps,9,86676,0
biter,7,86696,0
doeth,9,86832,0
belga,8,86871,0
warps,10,87025,0
wonks,12,87108,0
sedum,8,87138,0
undid,7,87145,0
purrs,7,87178,0
brees,7,87188,0
betel,7,87200,0
wonky,15,87233,0
unwed,9,87282,0
syncs,10,87301,0
clued,8,87471,0
boggy,12,87608,0
tunas,5,87671,0
lifer,8,87755,0
meted,8,87809,0
outre,5,87821,0
mucin,9,87841,0
creak,11,87974,0
benni,7,87977,0
splay,10,88024,0
dupes,8,88040,0
larks,9,88043,0
voles,8,88046,0
eclat,7,88155,0
mutts,7,88256,0
ghyll,12,88281,0
irked,10,88336,0
monos,7,88379,0
chiro,10,88428,0
toils,5,88435,0
minke,11,88448,0
scabs,9,88494,0
ostia,5,88659,0
stoma,7,88688,0
nates,5,88781,0
ravin,8,88875,0
jukes,16,88993,0
gongs,7,89077,0
raper,7,89152,0
cully,10,89237,0
wrung,9,89261,0
manse,7,89340,0
wests,8,89355,0
augur,6,89419,0
hosen,8,89460,0
motes,7,89476,0
idyll,9,89481,0
birks,11,89526,0
frits,8,89579,0
riled,6,89626,0
kyrie,12,89738,0
veers,8,89805,0
beget,8,89838,0
diwan,9,89890,0
wispy,13,89982,0
inure,5,90007,0
dryad,10,90078,0
chafe,13,90291,0
tapis,7,90299,0
deary,9,90309,0
kohls,12,90312,0
nobly,10,90314,0
bunko,11,90338,0
fixit,15,90385,0
skint,9,90412,0
nobby,12,90533,0
sigil,6,90603,0
bulla,7,90629,0
tippy,12,90718,0
serfs,8,90811,0
jammy,19,90828,0
stupa,7,90831,0
feign,9,91169,0
mealy,10,91170,0
boule,7,91183,0
zilch,19,91186,0
pupae,9,91212,0
shuck,14,91387,0
neons,5,91433,0
annas,5,91659,0
mafic,12,91664,0
haply,13,91760,0
scowl,10,91783,0
belch,12,91899,0
limey,10,91930,0
liger,6,91971,0
torii,5,92016,0
nisus,5,92062,0
plonk,11,92066,0
ohmic,12,92113,0
dices,8,92189,0
shive,11,92274,0
dines,6,92367,0
whizz,29,92369,0
capon,9,92403,0
afire,8,92505,0
sowed,9,92506,0
gloat,6,92581,0
joram,14,92745,0
thuja,15,92746,0
tames,7,92759,0
nites,5,92770,0
squib,16,92852,0
topos,7,92854,0
gowan,9,92861,0
coots,7,92891,0
dunce,8,93019,0
lagan,6,93128,0
massy,10,93143,0
hoofs,11,93162,0
drawl,9,93174,0
chive,13,93259,0
setae,5,93316,0
barbe,9,93366,0
sibyl,10,93384,0
smolt,7,93554,0
kissy,12,93573,0
noirs,5,93614,0
warty,11,93619,0
clefs,10,93633,0
mucky,16,93638,0
sangh,9,93709,0
vinos,8,93805,0
moire,7,93972,0
canty,10,93983,0
vapid,11,94014,0
aglow,9,94098,0
fetes,8,94206,0
skeen,9,94360,0
swamy,13,94456,0
sprue,7,94471,0
trope,7,94515,0
avers,8,94571,0
quale,14,94602,0
fumed,11,94645,0
kloof,12,94778,0
nieve,8,94855,0
segno,6,94890,0
washy,14,94903,0
welly,11,94962,0
teats,5,95050,0
verts,8,95181,0
junco,14,95254,0
netop,7,95260,0
catty,10,95393,0
crake,11,95430,0
devas,9,95552,0
skimp,13,95573,0
caned,8,95650,0
aerie,5,95716,0
harpy,13,95735,0
chela,10,95775,0
singe,6,95797,0
plunk,11,95819,0
veena,8,95870,0
donee,6,95873,0
mutch,12,95942,0
abuts,7,96043,0
whoso,11,96119,0
beefs,10,96241,0
picot,9,96288,0
fores,8,96364,0
beton,7,96379,0
caput,9,96443,0
peavy,13,96497,0
routh,8,96502,0
deism,8,96560,0
yogis,9,96699,0
raspy,10,96709,0
ovoid,9,96723,0
imbue,9,96725,0
slags,6,96759,0
ogres,6,96829,0
ambos,9,96922,0
acrid,8,96952,0
matey,10,96971,0
volte,8,97238,0
comas,9,97258,0
vagal,9,97317,0
inker,9,97384,0
youse,8,97391,0
jolts,12,97394,0
forbs,10,97442,0
belie,7,97537,0
slyly,11,97558,0
shied,9,97582,0
opine,7,97587,0
thein,8,97591,0
lutes,5,97632,0
plait,7,97695,0
namer,7,97764,0
lysed,9,97774,0
soled,6,97840,0
ileal,5,97856,0
geoid,7,97861,0
oping,8,97957,0
turds,6,98005,0
wails,8,98097,0
fazed,18,98117,0
fagin,9,98203,0
dolci,8,98287,0
abuzz,25,98426,0
alkyd,13,98449,0
spuds,8,98475,0
scald,8,98480,0
tilak,9,98489,0
tyers,8,98494,0
lader,6,98560,0
skink,13,98589,0
ramie,7,98600,0
hadst,9,98650,0
rowen,8,98686,0
leant,5,98711,0
ergot,6,98732,0
hards,9,98758,0
siver,8,98885,0
trots,5,98948,0
grama,8,99038,0
stank,9,99072,0
mazer,16,99249,0
tills,5,99289,0
bahts,10,99373,0
culex,14,99400,0
botts,7,99460,0
yawns,11,99613,0
frill,8,99707,0
vamps,12,99714,0
dooms,8,99878,0
macks,13,99950,0
skene,9,100011,0
cyano,10,100225,0
pocky,16,100252,0
okays,12,100280,0
lieve,8,100308,0
felly,11,100311,0
duras,6,100405,0
polys,10,100436,0
roams,7,100565,0
herby,13,100601,0
negus,6,100811,0
lavas,8,100870,0
benes,7,100905,0
nubia,7,100948,0
flics,10,100980,0
cokes,11,101020,0
debye,11,101202,0
curds,8,101205,0
aimer,7,101327,0
dryly,12,101366,0
uteri,5,101491,0
farad,9,101511,0
capos,9,101666,0
tench,10,101698,0
furan,8,101751,0
corer,7,101781,0
nevus,8,101885,0
copra,9,101928,0
kugel,10,101948,0
gonad,7,102052,0
ilium,7,102087,0
sebum,9,102232,0
baste,7,102244,0
moots,7,102328,0
panne,7,102386,0
cruet,7,102402,0
presa,7,102430,0
cower,10,102486,0
soupy,10,102515,0
hones,8,102555,0
deign,7,102635,0
chapt,12,102708,0
unlit,5,102980,0
grosz,15,103001,0
rices,7,103043,0
groat,6,103065,0
lutea,5,103142,0
wryly,14,103199,0
redan,6,103256,0
banes,7,103281,0
julep,14,103367,0
wools,8,103426,0
nomos,7,103500,0
griot,6,103576,0
prude,8,103598,0
pekoe,11,103610,0
soldi,6,103685,0
muzzy,28,103703,0
poops,9,103713,0
buteo,7,103732,0
blips,9,103765,0
tubas,7,103885,0
wurst,8,103887,0
waked,13,103939,0
snubs,7,103941,0
oases,5,103997,0
brach,12,103998,0
pally,10,104117,0
guyot,9,104134,0
bendy,11,104152,0
penes,7,104165,0
botch,12,104177,0
aeons,5,104388,0
swill,8,104410,0
taxus,12,104477,0
blued,8,104580,0
kasha,12,104592,0
caked,12,104681,0
wroth,11,104733,0
lochs,10,104768,0
ribes,7,104842,0
annal,5,104925,0
pukka,15,104958,0
dozed,16,104968,0
phyla,13,104980,0
perdu,8,104985,0
scena,7,105039,0
haver,11,105167,0
gamed,9,105172,0
fanon,8,105249,0
foots,8,105282,0
miffy,16,105307,0
copse,9,105348,0
gapes,8,105433,0
gigas,7,105455,0
beery,10,105585,0
triac,7,105674,0
dyers,9,105804,0
shool,8,105814,0
rayed,9,105831,0
hider,9,105946,0
ruder,6,105957,0
dicot,8,105961,0
cowed,11,106038,0
dater,6,106049,0
deeps,8,106082,0
ghats,9,106104,0
pudgy,12,106112,0
scaup,9,106177,0
sensa,5,106221,0
sprit,7,106233,0
newts,8,106255,0
lotos,5,106405,0
natch,10,106407,0
sabes,7,106416,0
oboes,7,106467,0
rhomb,12,106624,0
burry,10,106653,0
pinas,7,106680,0
lucre,7,106773,0
ferny,11,106894,0
fiord,9,106999,0
jades,13,107007,0
gesso,6,107009,0
sated,6,107026,0
dumpy,13,107036,0
boral,7,107049,0
beady,11,107094,0
phots,10,107198,0
hammy,15,107234,0
bronc,9,107259,0
longe,6,107309,0
hissy,11,107374,0
cades,8,107476,0
coset,7,107509,0
cloze,16,107599,0
envoi,8,107623,0
feint,8,107762,0
cusps,9,107797,0
cento,7,107814,0
orris,5,107846,0
vires,8,107876,0
tapir,7,107879,0
blurt,7,107899,0
tempi,9,107903,0
aliya,8,107907,0
wolfs,11,107927,0
attar,5,107940,0
updos,8,108033,0
sicko,11,108074,0
frond,9,108076,0
impel,9,108145,0
solum,7,108168,0
barer,7,108206,0
merde,8,108224,0
copal,9,108545,0
hussy,11,108650,0
caped,10,108827,0
deers,6,108876,0
coria,7,108911,0
holey,11,109055,0
shuns,8,109144,0
loper,7,109174,0
thole,8,109204,0
carps,9,109229,0
preys,10,109252,0
vales,8,109344,0
aioli,5,109346,0
smuts,7,109436,0
ramus,7,109473,0
saner,5,109531,0
prest,7,109564,0
asper,7,109620,0
newel,8,109622,0
varus,8,109704,0
galea,6,109842,0
hobos,10,110010,0
pingo,8,110088,0
homos,10,110207,0
gores,6,110286,0
saxes,12,110382,0
woops,10,110456,0
motet,7,110474,0
mimes,9,110525,0
jnana,12,110630,0
recta,7,110742,0
shaws,11,110755,0
villi,8,110773,0
pried,8,110796,0
douse,6,110802,0
sadhu,9,110805,0
ritzy,17,110806,0
jingo,13,110810,0
antsy,8,110941,0
arses,5,111082,0
gruel,6,111268,0
shiel,8,111284,0
treed,6,111306,0
muggy,12,111317,0
hooky,15,111455,0
bouse,7,111489,0
heigh,12,111517,0
muggs,9,111833,0
ragas,6,111881,0
zazen,23,111895,0
ulama,7,112013,0
wolds,9,112037,0
eosin,5,112080,0
thous,8,112164,0
sulfa,8,112191,0
lamia,7,112238,0
goner,6,112358,0
bluer,7,112452,0
chads,11,112473,0
torcs,7,112509,0
snood,6,112615,0
suber,7,112634,0
spall,7,112855,0
acari,7,112864,0
milch,12,112948,0
algor,6,113083,0
abaca,9,113107,0
flunk,12,113153,0
paean,7,113171,0
karns,9,113241,0
sines,5,113259,0
slays,8,113275,0
troth,8,113321,0
blase,7,113424,0
riles,5,113431,0
auric,7,113499,0
sours,5,113544,0
spurn,7,113548,0
oozed,15,113566,0
nixed,13,113604,0
nixes,12,113665,0
flues,8,113692,0
wades,9,113705,0
plink,11,113726,0
malty,10,113742,0
morts,7,113939,0
sward,9,113989,0
bosun,7,114001,0
areca,7,114070,0
keels,9,114094,0
sonde,6,114096,0
pecks,13,114100,0
hullo,8,114105,0
fatso,8,114160,0
spats,7,114178,0
baled,8,114235,0
doled,7,114309,0
gutta,6,114341,0
plena,7,114350,0
mosso,7,114423,0
ousts,5,114467,0
sates,5,114497,0
peals,7,114549,0
sumps,9,114641,0
herma,10,114653,0
fames,10,114657,0
scarp,9,114910,0
liman,7,114994,0
denes,6,115048,0
lento,5,115134,0
holts,8,115135,0
tabid,8,115192,0
paled,8,115279,0
mooch,12,115285,0
gadis,7,115363,0
idled,7,115376,0
grump,10,115490,0
tansy,8,115499,0
diene,6,115536,0
doles,6,115539,0
biped,10,115686,0
hovel,11,115793,0
fraps,10,115933,0
wanes,8,115989,0
stunk,9,115992,0
fauns,8,115996,0
melds,8,116191,0
stele,5,116287,0
dreck,12,116321,0
globs,8,116412,0
crape,9,116414,0
czars,16,116477,0
clast,7,116541,0
bluey,10,116635,0
fetid,9,116654,0
kaput,11,116684,0
toman,7,116737,0
apter,7,116755,0
sways,11,116927,0
doozy,18,116980,0
sophy,13,117003,0
skews,12,117020,0
nippy,12,117029,0
welts,8,117034,0
rinds,6,117043,0
moult,7,117158,0
redid,7,117171,0
barmy,12,117181,0
elope,7,117313,0
sinew,8,117411,0
noter,5,117440,0
segni,6,117565,0
fawns,11,117569,0
doyen,9,117703,0
finny,11,117811,0
yodel,9,117815,0
spiff,13,117963,0
pieta,7,117965,0
drees,6,118039,0
riper,7,118148,0
loden,6,118154,0
bourn,7,118157,0
esses,5,118190,0
cissy,10,118224,0
nyala,8,118243,0
poach,12,118441,0
twixt,15,118568,0
adobo,8,118608,0
preen,7,118633,0
surer,5,118658,0
gored,7,118769,0
botel,7,118891,0
mures,7,119018,0
cobia,9,119104,0
genii,6,119245,0
terai,5,119270,0
withe,11,119328,0
nidal,6,119353,0
woozy,20,119667,0
flout,8,119708,0
kabob,13,119721,0
lairs,5,119764,0
sones,5,119769,0
feted,9,119842,0
naves,8,119962,0
voces,10,120082,0
wedel,9,120153,0
telic,7,120154,0
boozy,19,120271,0
aargh,9,120505,0
kafir,12,120569,0
xeric,14,120570,0
emmer,9,120573,0
clews,10,120606,0
hocks,14,120622,0
dyads,10,120630,0
pisco,9,120653,0
carls,7,120658,0
trona,5,120663,0
hadji,16,120713,0
yoked,13,120745,0
priss,7,120758,0
tares,5,120777,0
fovea,11,120808,0
kneed,10,120936,0
brede,8,120968,0
cecum,11,121217,0
amuck,13,121279,0
quate,14,121333,0
tizzy,26,121386,0
jocko,18,121598,0
whelp,13,121721,0
raphe,10,121739,0
deist,6,121783,0
tolan,5,121848,0
mudra,8,121874,0
darks,10,121905,0
arris,5,121972,0
bruit,7,122179,0
pouty,10,122303,0
tiffs,11,122448,0
mulla,7,122468,0
ploys,10,122589,0
repot,7,122593,0
edify,12,122806,0
piker,11,122829,0
sprat,7,122831,0
pricy,12,122866,0
matzo,16,122910,0
puked,12,123083,0
oaken,9,123095,0
haugh,12,123119,0
fogey,12,123132,0
recce,9,123149,0
redon,6,123180,0
agama,8,123228,0
dynes,9,123280,0
pated,8,123350,0
wrack,14,123387,0
mends,8,123406,0
peery,10,123509,0
pewee,10,123554,0
blahs,10,123642,0
balas,7,123644,0
moony,10,123688,0
prole,7,123775,0
lefts,8,123801,0
metes,7,123824,0
hoagy,12,123832,0
quoin,14,123848,0
quins,14,123852,0
ament,7,123923,0
waddy,13,123964,0
pupal,9,123987,0
fakir,12,124169,0
grana,6,124253,0
gaits,6,124277,0
sheol,8,124336,0
hazes,17,124849,0
bwana,10,124858,0
gaped,9,124890,0
paned,8,125077,0
wises,8,125106,0
clunk,11,125262,0
kiang,10,125300,0
fayed,12,125343,0
sains,5,125460,0
briny,10,125484,0
nizam,16,125924,0
cagey,11,125956,0
aloes,5,126005,0
tromp,9,126037,0
dully,9,126043,0
twits,8,126083,0
weepy,13,126096,0
kerbs,11,126120,0
chide,11,126122,0
celli,7,126124,0
atopy,10,126127,0
lares,5,126171,0
rooty,8,126314,0
ditzy,18,126447,0
musts,7,126524,0
tabus,7,126529,0
egged,8,126573,0
murex,14,126733,0
genic,8,126772,0
croon,7,126798,0
oleum,7,126816,0
nacre,7,126863,0
stime,7,126892,0
tubed,8,126908,0
bated,8,126923,0
caner,7,126948,0
leges,6,127026,0
sards,6,127032,0
civet,10,127064,0
ogham,11,127512,0
boras,7,127513,0
toffs,11,127516,0
mosey,10,127597,0
pubis,9,127635,0
zombi,18,127649,0
prang,8,127702,0
duddy,11,127790,0
quare,14,127885,0
schwa,13,128082,0
hanse,8,128131,0
scats,7,128328,0
mixup,16,128351,0
newsy,11,128568,0
heder,9,128644,0
zowie,17,128660,0
laten,5,128664,0
rutin,5,128856,0
lings,6,128873,0
toady,9,128894,0
hurls,8,129189,0
pinta,7,129264,0
venal,8,129275,0
clime,9,129362,0
licit,7,129433,0
gassy,9,129649,0
strop,7,129809,0
sente,5,129857,0
gests,6,129992,0
abele,7,129998,0
anele,5,130095,0
shewn,11,130123,0
dooly,9,130139,0
pinna,7,130160,0
nomes,7,130187,0
hooka,12,130244,0
bused,8,130250,0
balks,11,130293,0
faker,12,130303,0
brims,9,130381,0
waifs,11,130468,0
kythe,15,130687,0
parvo,10,130743,0
routs,5,130765,0
cooed,8,130858,0
poesy,10,131006,0
soddy,10,131076,0
gayer,9,131125,0
baser,7,131178,0
daven,9,131377,0
perea,7,131451,0
fards,9,131553,0
kames,11,131555,0
sieur,5,131588,0
bipod,10,131612,0
rubes,7,131613,0
cabby,14,131797,0
mayas,10,131889,0
yenta,8,132022,0
antis,5,132247,0
calve,10,132311,0
calix,14,132380,0
cutey,10,132383,0
culls,7,132452,0
begot,8,132509,0
setts,5,132524,0
supes,7,132528,0
nawab,10,132540,0
cycad,13,132607,0
guids,7,132649,0
sipes,7,132691,0
odder,7,132698,0
rebuy,10,132755,0
humph,15,132781,0
schmo,12,132850,0
cooly,10,133094,0
damar,8,133235,0
paise,7,133314,0
gnash,9,133350,0
swink,12,133414,0
waken,12,133439,0
brose,7,133583,0
minks,11,133629,0
romps,9,133681,0
pseud,8,133752,0
shush,11,133781,0
tiler,5,133904,0
bortz,16,133923,0
nixie,12,134155,0
kabar,11,134161,0
vacua,10,134289,0
doest,6,134300,0
spirt,7,134325,0
wiggy,13,134351,0
mimer,9,134378,0
cedes,8,134426,0
jests,12,134475,0
thaws,11,134486,0
gouty,9,134545,0
huger,9,134759,0
makar,11,135002,0
bothy,13,135045,0
okapi,11,135133,0
dweeb,11,135246,0
biffy,16,135282,0
ulema,7,135312,0
indri,6,135412,0
burin,7,135438,0
tokay,12,135563,0
ratan,5,135599,0
kefir,12,135672,0
kirks,13,135778,0
bevor,10,135863,0
lulls,5,135879,0
momus,9,135961,0
pitas,7,136059,0
noris,5,136206,0
mires,7,136341,0
braze,16,136373,0
bergs,8,136486,0
naiad,6,136525,0
loams,7,136607,0
dippy,13,136644,0
glume,8,136829,0
macer,9,136995,0
bibbs,11,137079,0
toker,9,137175,0
eyrie,8,137194,0
bawls,10,137293,0
yokel,12,137338,0
bunya,10,137364,0
biles,7,137377,0
burps,9,137382,0
seral,5,137389,0
rekey,12,137441,0
botas,7,137535,0
buras,7,137583,0
drays,9,137618,0
rasps,7,137734,0
treen,5,137737,0
sware,8,137783,0
davit,9,137825,0
hokum,14,137849,0
opsin,7,137866,0
jokey,19,138023,0
pomes,9,138126,0
bunco,9,138234,0
rusts,5,138253,0
geest,6,138287,0
senti,5,138363,0
titis,5,138393,0
pored,8,138407,0
mirex,14,138438,0
weeny,11,138688,0
casus,7,138823,0
solan,5,138838,0
saker,9,138967,0
rived,9,139024,0
ameer,7,139178,0
rolfs,8,139325,0
copen,9,139488,0
foist,8,139527,0
softy,11,139531,0
gulps,8,139692,0
caird,8,139759,0
whish,14,139832,0
taluk,9,139833,0
mangy,11,139879,0
ileus,5,140099,0
primp,11,140126,0
raker,9,140159,0
plasm,9,140268,0
jambs,16,140282,0
syren,8,140308,0
chook,14,140373,0
sanga,6,140491,0
raser,5,140586,0
fucus,10,140735,0
wheal,11,140884,0
soave,8,140899,0
junks,16,140914,0
foxed,16,141037,0
prats,7,141149,0
seres,5,141404,0
aspic,9,141606,0
dinge,7,141742,0
slake,9,141749,0
sidle,6,141984,0
chows,13,142113,0
assai,5,142185,0
cager,8,142277,0
nares,5,142372,0
monie,7,142429,0
buran,7,142472,0
maces,9,142495,0
flubs,10,142561,0
pandy,11,142590,0
velar,8,142685,0
giron,6,142787,0
biked,12,142797,0
gemmy,13,142886,0
osier,5,142935,0
muhly,13,143007,0
teems,7,143115,0
honan,8,143252,0
axing,13,143350,0
sauls,5,143377,0
facer,10,143659,0
gulfs,9,143694,0
braes,7,143762,0
pengo,8,143795,0
salmi,7,143809,0
teles,5,143863,0
apsis,7,143868,0
wussy,11,143934,0
marvy,13,144038,0
vivas,11,144090,0
risus,5,144109,0
dowie,9,144189,0
epact,9,144274,0
gimps,10,144371,0
benne,7,144417,0
bubby,14,144443,0
tyros,8,144529,0
stela,5,144564,0
cutis,7,144739,0
debar,8,145048,0
glogg,8,145194,0
carpi,9,145248,0
amort,7,145304,0
coyly,13,145373,0
hazan,17,145469,0
lethe,8,145545,0
tepee,7,145578,0
dowse,9,145615,0
duits,6,145685,0
hilts,8,145746,0
miche,12,145805,0
virtu,8,145844,0
trews,8,145924,0
argot,6,146043,0
drave,9,146103,0
luces,7,146105,0
whang,12,146144,0
touse,5,146159,0
slosh,8,146260,0
dagga,8,146289,0
pucka,13,146362,0
nanas,5,146363,0
hooey,11,146485,0
bents,7,146532,0
wecht,13,146581,0
boons,7,146590,0
somas,7,146715,0
wombs,12,146790,0
bulks,11,146875,0
ebbed,10,147019,0
astir,5,147058,0
tynes,8,147194,0
limps,9,147233,0
cocci,11,147293,0
parol,7,147358,0
odium,8,147367,0
squab,16,147630,0
pilus,7,147637,0
tache,10,147648,0
caver,10,147655,0
uvula,8,147939,0
speel,7,147969,0
varas,8,148033,0
peons,7,148062,0
charr,10,148160,0
marcs,9,148193,0
idles,6,148230,0
hokes,12,148241,0
talky,12,148270,0
pends,8,148457,0
iller,5,148526,0
kraal,9,148749,0
peris,7,148886,0
cooch,12,148934,0
lippy,12,149085,0
goads,7,149089,0
malar,7,149148,0
bozos,16,149298,0
warks,12,149412,0
urate,5,149660,0
scads,8,149734,0
rathe,8,149770,0
miked,12,149831,0
jibes,14,149907,0
yurts,8,149930,0
stoat,5,149951,0
slaty,8,150111,0
blare,7,150121,0
wides,9,150138,0
sofar,8,150160,0
piton,7,150163,0
peaty,10,150227,0
doxie,13,150607,0
volar,8,150732,0
armer,7,150866,0
vakil,12,151089,0
almas,7,151201,0
tsars,5,151532,0
tilth,8,151540,0
corms,9,151655,0
baize,16,151863,0
mayst,10,151952,0
dicer,8,151994,0
ewers,8,152080,0
furze,17,152127,0
alang,6,152199,0
dills,6,152361,0
whens,11,152397,0
wormy,13,152557,0
geste,6,152618,0
slank,9,152722,0
milia,7,152740,0
loots,5,152766,0
paten,7,153009,0
silts,5,153238,0
roble,7,153271,0
korat,9,153497,0
hilar,8,153571,0
glady,10,153752,0
prese,7,153776,0
emend,8,153865,0
leavy,11,153909,0
flyte,11,153949,0
tangs,6,153959,0
gobos,8,154033,0
trode,6,154102,0
musks,11,154141,0
bucko,13,154166,0
skive,12,154201,0
clods,8,154208,0
hexyl,18,154224,0
floes,8,154304,0
khadi,13,154485,0
diazo,15,154492,0
ceder,8,154691,0
mousy,10,154706,0
colly,10,154723,0
wavey,14,154850,0
harks,12,155015,0
zoner,14,155127,0
munis,7,155177,0
gists,6,155207,0
gimpy,13,155564,0
linga,6,155659,0
vised,9,155668,0
kines,9,155947,0
kenaf,12,156133,0
mbira,9,156203,0
thill,8,156239,0
panga,8,156279,0
meres,7,156471,0
carse,7,156629,0
humpy,15,156667,0
bungs,8,156721,0
roose,5,156776,0
saiga,6,156850,0
palet,7,156872,0
trigo,6,156894,0
ricer,7,156896,0
stane,5,156911,0
skims,11,157000,0
tutus,5,157026,0
rearm,7,157110,0
caber,9,157175,0
demur,8,157222,0
cornu,7,157607,0
invar,8,157829,0
gamay,11,158089,0
lobar,7,158115,0
ovule,8,158224,0
sabir,7,158263,0
lamed,8,158372,0
hulks,12,158420,0
wynns,11,158487,0
pries,7,158651,0
rajas,12,158656,0
skald,10,158676,0
almes,7,158749,0
hurly,11,158838,0
gally,9,158948,0
swith,11,159080,0
mauls,7,159087,0
grans,6,159285,0
pareo,7,159405,0
acnes,7,159411,0
platy,10,159479,0
rends,6,159511,0
pians,7,160073,0
sylph,13,160269,0
vinal,8,160332,0
nubby,12,160450,0
liard,6,160711,0
puces,9,160867,0
serac,7,161027,0
shier,8,161240,0
woosh,11,161557,0
bolas,7,161624,0
niter,5,161685,0
pyxis,17,161714,0
cecal,9,161851,0
talas,5,161947,0
murre,7,162238,0
nappe,9,162472,0
gauzy,18,162538,0
avens,8,162695,0
owlet,8,162773,0
quids,15,163095,0
canso,7,163151,0
gaged,8,163175,0
braza,16,163448,0
besom,9,163528,0
lovat,8,163895,0
gooks,10,163976,0
yobbo,12,164069,0
menta,7,164120,0
carom,9,164257,0
carny,10,164321,0
shies,8,164379,0
aping,8,164419,0
sorbs,7,164619,0
taler,5,164813,0
skoal,9,164824,0
usque,14,164873,0
dopes,8,165024,0
koans,9,165080,0
citer,7,165622,0
lores,5,165756,0
linum,7,165880,0
shags,9,166018,0
egads,7,166030,0
jaggy,17,166140,0
bolls,7,166274,0
fusee,8,166366,0
baric,9,166383,0
culms,9,166511,0
poofy,13,166606,0
fifer,11,166829,0
cholo,10,166842,0
wafts,11,166846,0
coned,8,166956,0
rotas,5,166970,0
fondu,9,167084,0
hemes,10,167130,0
cants,7,167146,0
grego,7,167167,0
nisei,5,167192,0
fungo,9,167209,0
runts,5,167245,0
toles,5,167274,0
limed,8,167279,0
luaus,5,167324,0
azole,14,167396,0
unhip,10,167428,0
spang,8,167594,0
pulpy,12,167639,0
pigmy,13,167683,0
hypes,13,167828,0
flits,8,168678,0
galop,8,168752,0
tiros,5,168867,0
cedis,8,168994,0
patin,7,169018,0
drear,6,169244,0
jills,12,169688,0
slunk,9,169739,0
yelps,10,169791,0
virga,9,169801,0
hemin,10,169856,0
avgas,9,169927,0
troys,8,170025,0
stria,5,170035,0
halma,10,170124,0
easts,5,170125,0
conns,7,170260,0
cowls,10,170271,0
ducat,8,170359,0
anole,5,170434,0
coved,11,170444,0
tuffs,11,170555,0
tsuba,7,170594,0
sudsy,9,170600,0
rimer,7,170619,0
micas,9,170772,0
elute,5,170841,0
veldt,9,170857,0
tinct,7,170879,0
scuds,8,170969,0
pshaw,13,171022,0
goyim,11,171085,0
ephod,11,171232,0
fitly,11,171235,0
limas,7,171240,0
xylan,15,171379,0
bassy,10,171421,0
koine,9,171642,0
apers,7,171754,0
bluet,7,171873,0
proso,7,171953,0
spacy,12,172028,0
scops,9,172186,0
shews,11,172214,0
gigot,7,172466,0
gigue,7,172519,0
pouts,7,172652,0
etape,7,172761,0
bunds,8,172769,0
alack,11,172803,0
psoas,7,172823,0
miaow,10,172833,0
fenny,11,172834,0
khans,12,172913,0
daunt,6,172953,0
cires,7,172992,0
rente,5,173046,0
aquae,14,173178,0
doser,6,173182,0
laith,8,173249,0
serin,5,173258,0
ninny,8,173269,0
lucks,11,173378,0
toper,7,173409,0
saros,5,173794,0
kaons,9,173888,0
rowth,11,173949,0
oxime,14,174129,0
joeys,15,174422,0
sifts,8,174797,0
yowie,11,174966,0
parer,7,175091,0
treys,8,175124,0
viols,8,175196,0
hoise,8,175402,0
angas,6,175572,0
golfs,9,175577,0
retch,10,175654,0
zappy,21,175706,0
rebid,8,175990,0
chirk,14,175998,0
incus,7,176169,0
picas,9,176262,0
uveal,8,176274,0
donga,7,176372,0
pined,8,176424,0
chays,13,176437,0
filch,13,176519,0
rucks,11,176687,0
ascus,7,177006,0
lyssa,8,177173,0
purls,7,177342,0
tunny,8,177462,0
nonet,5,177476,0
targe,6,177656,0
hewed,12,177709,0
garbs,8,177865,0
molas,7,177934,0
soppy,12,177949,0
gaffs,12,177957,0
chiel,10,178186,0
boffo,13,178611,0
chary,13,178624,0
lardy,9,178704,0
shote,8,178988,0
swage,9,179003,0
mitis,7,179129,0
phial,10,179258,0
slobs,7,179360,0
plews,10,179675,0
wined,9,179688,0
lyres,8,179902,0
dulls,6,179908,0
algas,6,179972,0
dinks,10,180015,0
airer,5,180128,0
bocci,11,180215,0
meows,10,180308,0
ocker,11,180369,0
unbox,14,180661,0
serai,5,180819,0
acing,8,180879,0
poled,8,180951,0
ruffs,11,180973,0
louts,5,181015,0
gular,6,181019,0
duros,6,181215,0
jemmy,19,181375,0
trull,5,181386,0
nervy,11,181393,0
noria,5,181441,0
peats,7,181592,0
yaffs,14,181947,0
cozen,16,182589,0
moggy,12,182765,0
amies,7,183034,0
tazza,23,183120,0
kerne,9,183313,0
redds,7,183422,0
whelk,15,183438,0
toped,8,183473,0
rotis,5,183725,0
seamy,10,183744,0
souks,9,183846,0
hylas,11,183965,0
douma,8,184095,0
poler,7,184245,0
whits,11,184254,0
tacts,7,184408,0
dojos,13,184423,0
boogy,11,184429,0
bairn,7,184460,0
moola,7,184490,0
qualm,16,184580,0
coxes,14,184649,0
coses,7,184710,0
mense,7,184787,0
alane,5,184821,0
sties,5,184868,0
laded,7,185029,0
haole,8,185081,0
salal,5,185270,0
auris,5,185373,0
musca,9,185414,0
hajji,22,185633,0
oculi,7,185775,0
kulak,13,185836,0
fends,9,186245,0
talar,5,186338,0
plebs,9,186427,0
alans,5,186585,0
monas,7,186707,0
noels,5,186855,0
outgo,6,186869,0
cycas,12,186904,0
axels,12,186909,0
bloop,9,186921,0
swats,8,186929,0
butty,10,187334,0
selfs,8,187507,0
compt,11,187614,0
secco,9,187659,0
twerp,10,187714,0
tarty,8,187815,0
lahar,8,187818,0
putti,7,188109,0
lacer,7,188221,0
holms,10,188307,0
ceria,7,188350,0
dacha,11,188366,0
stroy,8,188378,0
pukes,11,188426,0
sepoy,10,188522,0
ivies,8,188608,0
numbs,9,188819,0
cense,7,188848,0
tonus,5,188944,0
sarod,6,188953,0
typic,12,189128,0
basks,11,189423,0
achoo,10,189573,0
tenia,5,189655,0
kibbe,13,189715,0
divvy,15,189722,0
snoot,5,189761,0
quern,14,189936,0
schul,10,190034,0
abets,7,190157,0
notum,7,190212,0
nopal,7,190268,0
kalpa,11,190445,0
kabab,13,190530,0
matza,16,190698,0
mohel,10,190771,0
looby,10,190839,0
cooky,14,190988,0
burse,7,191101,0
viand,9,191107,0
gunks,10,191404,0
aldol,6,191500,0
dulse,6,191517,0
sepal,7,191595,0
palea,7,191714,0
imino,7,191749,0
crams,9,191770,0
tipis,7,191889,0
winos,8,191942,0
sural,5,191981,0
wauls,8,192199,0
strew,8,192301,0
dites,6,192341,0
withy,14,192369,0
quoit,14,192420,0
poilu,7,192554,0
lycee,10,192598,0
coxed,15,192769,0
pawed,11,192944,0
repin,7,193113,0
bines,7,193230,0
eyres,8,193240,0
veery,11,193311,0
shyer,11,193582,0
stets,5,193590,0
gogos,7,193620,0
brans,7,193708,0
cines,7,193762,0
kopek,15,193833,0
poohs,10,193842,0
reify,11,193866,0
hakes,12,193879,0
gamey,11,193909,0
chugs,11,193949,0
heeds,9,194357,0
doted,7,194386,0
waxen,15,194502,0
whomp,15,194522,0
maned,8,194568,0
dashi,9,194628,0
maund,8,194799,0
moras,7,195046,0
halva,11,195061,0
quais,14,195174,0
gelee,6,195675,0
cains,7,195741,0
nival,8,195822,0
ihram,10,195860,0
dotes,6,196120,0
upend,8,196230,0
styes,8,196572,0
poult,7,196742,0
vinas,8,196825,0
bolos,7,196833,0
hazed,18,197003,0
ajuga,13,197013,0
roved,9,197035,0
gawky,16,197054,0
grees,6,197261,0
eying,9,197515,0
befit,10,197673,0
toter,5,197694,0
baulk,11,197935,0
jehad,16,198309,0
shoyu,11,199257,0
ocher,10,199348,0
gofer,9,199358,0
guyed,10,199523,0
adman,8,199921,0
spean,7,200217,0
micks,13,200403,0
guiro,6,201070,0
simar,7,201185,0
bract,9,201572,0
chits,10,201670,0
vegie,9,201708,0
readd,7,201759,0
pical,9,201870,0
fugal,9,201973,0
semes,7,202394,0
plebe,9,202540,0
cripe,9,202560,0
finks,12,202595,0
sunup,7,202755,0
jowls,15,202828,0
rotes,5,202904,0
usnea,5,202935,0
yipes,10,202980,0
sirup,7,203166,0
sexto,12,203167,0
duroc,8,203270,0
artel,5,203385,0
mucks,13,203701,0
frier,8,203741,0
pujas,14,203848,0
abler,7,204024,0
genua,6,204198,0
axils,12,204334,0
liker,9,204394,0
loups,7,204439,0
gaper,8,204836,0
stows,8,204859,0
herms,10,204885,0
hyoid,12,204937,0
tamps,9,205108,0
yogas,9,205486,0
abase,7,205592,0
middy,12,205756,0
vails,8,205807,0
katas,9,205940,0
iroko,9,206075,0
gayly,12,206082,0
mokes,11,206108,0
duple,8,206372,0
barny,10,206411,0
eggar,7,206745,0
hewer,11,206916,0
sculp,9,206920,0
quaff,20,207306,0
petti,7,207420,0
kanes,9,207450,0
parrs,7,207470,0
rales,5,207659,0
nabob,9,207863,0
pyric,12,207870,0
suras,5,207884,0
dolts,6,208078,0
hexed,16,208094,0
azido,15,208102,0
milty,10,208331,0
winey,11,208407,0
deads,7,208503,0
arhat,8,208599,0
maxes,14,208660,0
aitch,10,208941,0
deets,6,209136,0
wends,9,209155,0
akela,9,210074,0
wheen,11,210094,0
dishy,12,210272,0
skuas,9,210304,0
hyrax,18,210985,0
kyats,12,211015,0
roans,5,211075,0
joles,12,211253,0
naric,7,211428,0
airth,8,211466,0
thrum,10,211488,0
netty,8,211580,0
nidus,6,211947,0
amain,7,211991,0
cavil,10,212079,0
anent,5,212186,0
palmy,12,212314,0
faros,8,212595,0
parch,12,212656,0
cleek,11,212752,0
darky,13,212884,0
gramp,10,212900,0
laree,5,212939,0
waxer,15,213026,0
fagot,9,213041,0
rills,5,213067,0
wised,9,213112,0
makos,11,213119,0
sakis,9,213832,0
hotch,13,213844,0
burls,7,213964,0
drily,9,214005,0
culti,7,214229,0
ropey,10,214440,0
shoed,9,214529,0
gnaws,9,215387,0
agger,7,215404,0
raggy,10,215489,0
gaddi,8,215693,0
coude,8,215744,0
ludic,8,215972,0
bunts,7,216189,0
appal,9,216390,0
ancon,7,216461,0
kilty,12,216475,0
honks,12,216503,0
fundi,9,216767,0
whets,11,217553,0
ruffe,11,217621,0
imbed,10,218327,0
punny,10,218398,0
ludes,6,218707,0
shoos,8,218780,0
whump,15,218946,0
damns,8,219034,0
eking,10,219184,0
arced,8,219377,0
ither,8,219383,0
ulpan,7,219385,0
kales,9,219446,0
frats,8,219449,0
niton,5,219531,0
tondo,6,219541,0
jurat,12,219873,0
poofs,10,220101,0
cosey,10,220322,0
hayer,11,220378,0
pavin,10,220390,0
liers,5,220417,0
plops,9,220452,0
shako,12,220889,0
noway,11,220933,0
jawan,15,221393,0
firer,8,221517,0
fauve,11,221560,0
brays,10,221663,0
enorm,7,221770,0
whirr,11,221903,0
minny,10,222030,0
jambe,16,222161,0
leets,5,222840,0
shott,8,222879,0
cooee,7,223092,0
mynah,13,223376,0
hosel,8,223551,0
hyson,11,224290,0
omers,7,224403,0
ruses,5,224918,0
rusks,9,225106,0
viers,8,225223,0
tabun,7,225394,0
spick,13,225508,0
plyer,10,225956,0
abbes,9,226146,0
imide,8,226458,0
cimex,16,226723,0
nones,5,226733,0
amido,8,227007,0
slops,7,227214,0
orate,5,227377,0
brank,11,227465,0
penni,7,227695,0
deray,9,227807,0
simas,7,227840,0
toted,6,227923,0
sodic,8,228052,0
balky,14,228084,0
brigs,8,228284,0
theca,10,228323,0
roset,5,228461,0
cames,9,228891,0
prill,7,228984,0
boyar,10,229247,0
cuing,8,229473,0
roups,7,229560,0
arsis,5,229614,0
issei,5,229740,0
worts,8,229809,0
gushy,12,230446,0
doomy,11,230704,0
witan,8,230749,0
zetas,14,230819,0
acini,7,230889,0
rangy,9,231029,0
nocks,11,231063,0
plods,8,231139,0
ottar,5,231190,0
hasps,10,231231,0
prate,7,231985,0
knish,12,232148,0
zymes,19,232268,0
mairs,7,232297,0
sulks,9,232512,0
imine,7,232608,0
laxer,12,232758,0
buret,7,232885,0
skulk,13,232896,0
alfas,8,233218,0
byres,10,233247,0
meths,10,233522,0
lames,7,233794,0
brail,7,233798,0
elide,6,234015,0
letch,10,234309,0
pargo,8,234372,0
riels,5,234927,0
honer,8,235241,0
getup,8,235672,0
logia,6,235708,0
embar,9,235950,0
damps,10,235955,0
carns,7,235965,0
cowry,13,236170,0
speir,7,236219,0
druse,6,236321,0
fulls,8,236396,0
puggy,12,236447,0
wrapt,10,236542,0
wetly,11,236584,0
bialy,10,236615,0
fices,10,236664,0
ephah,13,236811,0
flogs,9,236897,0
lathi,8,237073,0
enoki,9,237374,0
snick,11,237911,0
hollo,8,237936,0
tamal,7,238278,0
lenes,5,238569,0
pyran,10,238791,0
papaw,12,239198,0
anomy,10,239492,0
donas,6,239564,0
boche,12,239579,0
ichor,10,239727,0
jupes,14,239762,0
lehua,8,239989,0
dipso,8,240004,0
moste,7,240047,0
fiefs,11,240071,0
beaky,14,240080,0
gumma,10,240220,0
joyed,16,240473,0
thuds,9,240787,0
babka,13,240832,0
swigs,9,241009,0
samek,11,241030,0
myoma,12,241302,0
latke,9,241387,0
leers,5,241846,0
goops,8,242032,0
gager,7,242073,0
dormy,11,242428,0
coper,9,242442,0
roues,5,242490,0
fremd,11,242521,0
canid,8,242570,0
indol,6,242681,0
parve,10,242776,0
jabot,14,242877,0
kopje,18,243086,0
goral,6,243089,0
pardi,8,243138,0
babul,9,243156,0
kinin,9,243562,0
hahas,11,243652,0
loped,8,243730,0
barfs,10,243762,0
mucor,9,243823,0
pedes,8,243950,0
podia,8,244086,0
herry,11,244182,0
pyres,10,244255,0
glads,7,244373,0
medii,8,244488,0
beaus,7,244766,0
jives,15,244778,0
surfy,11,244831,0
loury,8,245101,0
tules,5,245129,0
dhoti,9,245232,0
thebe,10,245420,0
animi,7,245745,0
velum,10,245821,0
hazer,17,245896,0
dolma,8,246477,0
flans,8,246632,0
coked,12,246658,0
jinns,12,247289,0
scrod,8,247400,0
aglet,6,247868,0
tofts,8,248009,0
plack,13,248302,0
tragi,6,248588,0
diked,11,249030,0
abris,7,249117,0
sulci,7,249133,0
oread,6,249197,0
riata,5,249505,0
elint,5,249730,0
scums,9,249734,0
murra,7,249760,0
motts,7,249842,0
algum,8,249887,0
roves,8,250218,0
fifes,11,250343,0
ditsy,9,250351,0
giros,6,250496,0
indow,9,250512,0
fesse,8,250589,0
reran,5,250614,0
icily,10,250649,0
ogled,7,250762,0
funks,12,251073,0
topoi,7,251526,0
zamia,16,251548,0
keens,9,251576,0
laris,5,251851,0
wisha,11,252452,0
ictus,7,252576,0
molts,7,252795,0
quirt,14,253324,0
godet,7,253437,0
ailed,6,253474,0
churl,10,253593,0
jugal,13,253815,0
sarky,12,253876,0
sherd,9,254075,0
offed,12,254188,0
luffa,11,254382,0
bhang,11,254398,0
coati,7,254609,0
barky,14,254693,0
wefts,11,254758,0
purin,7,255013,0
prier,7,255356,0
ossia,5,255507,0
boomy,12,255822,0
septs,7,256241,0
goony,9,256245,0
stopt,7,256290,0
unfed,9,256340,0
yulan,8,256448,0
shoon,8,256449,0
logoi,6,256538,0
ranee,5,256573,0
birse,7,256637,0
diols,6,256668,0
bided,9,256967,0
vends,9,256992,0
mimed,10,257344,0
neeps,7,257426,0
chare,10,257558,0
cuber,9,257633,0
rhumb,12,257961,0
inion,5,257974,0
blebs,9,258092,0
marse,7,258151,0
curfs,10,258520,0
pross,7,258594,0
flays,11,258659,0
plotz,16,259349,0
swang,9,259492,0
blini,7,259650,0
soras,5,259658,0
petto,7,259893,0
laths,8,259987,0
deify,12,260075,0
pardy,11,260103,0
veiny,11,260123,0
lungi,6,260264,0
sered,6,260310,0
babas,9,260350,0
delly,9,260738,0
shads,9,260860,0
justs,12,260957,0
croci,9,261013,0
hilum,10,261093,0
skean,9,261099,0
wirra,8,261198,0
loges,6,261264,0
gleed,7,262056,0
morae,7,262438,0
jinni,12,262609,0
tikis,9,262614,0
axone,12,262663,0
bocks,13,262668,0
awned,9,263049,0
togas,6,263170,0
birls,7,263459,0
hawse,11,263748,0
bolar,7,263863,0
abaft,10,264157,0
dodos,7,264179,0
ursae,5,264411,0
fjeld,16,264428,0
gurry,9,264745,0
doges,7,265284,0
mavin,10,265650,0
navvy,14,265998,0
daube,8,266077,0
stope,7,266216,0
mopey,12,266354,0
sumos,7,266380,0
tarsi,5,266712,0
datto,6,266779,0
xebec,16,267844,0
ribby,12,268235,0
vexes,15,268393,0
gyres,9,268421,0
snaky,12,268754,0
seism,7,269179,0
kenos,9,269318,0
goopy,11,269768,0
lotic,7,269965,0
trues,5,270116,0
kheda,13,270140,0
mizen,16,270266,0
eikon,9,270638,0
numen,7,270810,0
ruths,8,271104,0
mahoe,10,271422,0
bacca,11,271774,0
rawer,8,272619,0
kevil,12,272916,0
muley,10,273000,0
turfs,8,273315,0
tigon,6,273349,0
salep,7,273758,0
nabis,7,273958,0
yagis,9,274145,0
culet,7,274303,0
galah,9,275524,0
trone,5,275602,0
phons,10,275769,0
bolds,8,275898,0
swarf,11,275939,0
admix,15,276217,0
frays,11,276301,0
rotch,10,276672,0
tachs,10,276851,0
sapid,8,277617,0
pryer,10,277639,0
yaird,9,277927,0
scute,7,277949,0
bedel,8,277965,0
elain,5,278067,0
cists,7,278242,0
thuya,11,278267,0
ofter,8,278935,0
wyles,11,279198,0
abeam,9,279434,0
tutee,5,279537,0
marls,7,279642,0
frugs,9,279673,0
lodes,6,279689,0
helos,8,280240,0
tolyl,8,280256,0
socle,7,280262,0
frass,8,280281,0
arval,8,280339,0
dozes,15,280639,0
orach,10,280730,0
vaunt,8,281038,0
kapas,11,281082,0
frump,12,281499,0
tuque,14,281505,0
proem,9,281609,0
jeton,12,281688,0
daric,8,281696,0
octan,7,281913,0
tirls,5,281942,0
palps,9,282163,0
hecks,14,282294,0
sopor,7,282476,0
pilau,7,282520,0
pikas,11,282794,0
girds,7,283070,0
sulfo,8,283115,0
scudo,8,283192,0
kinas,9,283336,0
thoro,8,283485,0
bides,8,283703,0
baboo,9,284910,0
wadis,9,284998,0
kanas,9,285098,0
drabs,8,285273,0
thurl,8,285736,0
drubs,8,285840,0
soldo,6,285972,0
sneap,7,286445,0
ambry,12,286472,0
feres,8,286714,0
sloyd,9,286809,0
afars,8,287174,0
roven,8,287213,0
solei,5,287362,0
sough,9,287438,0
dumka,12,287676,0
toyon,8,287739,0
ratel,5,288753,0
gimel,8,289046,0
yangs,9,289706,0
kukri,13,289766,0
elate,5,290132,0
anted,6,290147,0
clach,12,290498,0
addax,14,290637,0
ghaut,9,290889,0
fumer,10,291186,0
dropt,8,291582,0
inapt,7,291589,0
ninon,5,291609,0
virls,8,291745,0
codas,8,292611,0
brume,9,293005,0
muser,7,293317,0
linin,5,293961,0
kolos,9,294181,0
swail,8,294607,0
haled,9,294733,0
baddy,12,294868,0
pones,7,295451,0
sasin,5,296087,0
relet,5,296088,0
flocs,10,296412,0
hucks,14,296753,0
buffi,13,296867,0
trued,6,297079,0
peles,7,297369,0
coyer,10,297681,0
gilds,7,297715,0
chams,12,297929,0
sanes,5,298410,0
molls,7,298921,0
tided,7,299025,0
addle,7,299091,0
ouzel,14,299193,0
lades,6,299397,0
finos,8,299409,0
enate,5,299733,0
peaky,14,300053,0
gaols,6,300110,0
adown,9,300138,0
boors,7,300864,0
pulis,7,301433,0
reata,5,301698,0
wanly,11,302166,0
ramee,7,302753,0
antra,5,303157,0
fuzes,17,303182,0
huffs,14,303300,0
estop,7,303611,0
mussy,10,304073,0
ratos,5,304244,0
stere,5,304268,0
prexy,17,304496,0
topes,7,304611,0
bifid,11,304770,0
ornis,5,305415,0
ontic,7,305715,0
hawed,12,306207,0
antas,5,306353,0
faqir,17,306494,0
miggs,9,306583,0
krait,9,306615,0
gambe,10,306736,0
fusty,11,307136,0
siree,5,307148,0
tined,6,307184,0
brugh,11,307207,0
fique,17,307739,0
tufty,11,307980,0
cions,7,308299,0
cobby,14,308444,0
sharn,8,308484,0
tokes,9,308805,0
bayed,11,308821,0
anile,5,308889,0
dight,10,309228,0
lears,5,309243,0
ixora,12,309848,0
barde,8,309851,0
binal,7,309884,0
jutes,12,310149,0
nadas,6,310439,0
tutty,8,311142,0
hemic,12,312064,0
umbel,9,312134,0
oribi,7,312144,0
baith,10,312148,0
boart,7,312332,0
boded,9,312450,0
colza,16,312972,0
croze,16,313530,0
lazed,15,313712,0
mysid,11,314749,0
kempt,13,315326,0
slews,8,315582,0
chuff,16,315838,0
olein,5,317053,0
cesti,7,317182,0
faggy,13,317750,0
alula,5,318822,0
hapax,17,318869,0
fusil,8,319944,0
scurf,10,320496,0
recti,7,320525,0
lepta,7,320734,0
gluey,9,320960,0
pelon,7,321211,0
doper,8,321539,0
maims,9,321591,0
curst,7,322008,0
knops,11,322262,0
obole,7,322589,0
nonyl,8,322692,0
vitta,8,322897,0
rudds,7,322975,0
stirk,9,323275,0
alary,8,323511,0
drupe,8,323520,0
choky,17,323744,0
socko,11,325863,0
kedge,11,326116,0
dhows,12,326231,0
drest,6,326763,0
kicky,18,326999,0
lezzy,26,327046,0
torsk,9,327079,0
hoggs,10,327673,0
merks,11,327800,0
imped,10,327801,0
demes,8,327824,0
porny,10,328282,0
adits,6,328427,0
maill,7,328733,0
buffo,13,329343,0
hypha,16,329353,0
azote,14,329894,0
cozey,19,329926,0
dekko,14,330034,0
vodun,9,330071,0
avows,11,330885,0
sadis,6,331060,0
maist,7,331870,0
toits,5,332683,0
aahed,9,,0
aalii,5,,0
abaci,9,,0
abaka,11,,0
abamp,11,,0
abash,10,,0
abmho,12,,0
abohm,12,,0
aboil,7,,0
aboma,9,,0
aboon,7,,0
abyes,10,,0
abysm,12,,0
acerb,9,,0
aceta,7,,0
acidy,11,,0
ackee,11,,0
acmes,9,,0
acmic,11,,0
acned,8,,0
acock,13,,0
acold,8,,0
acred,8,,0
acyls,10,,0
adeem,8,,0
admen,8,,0
adoze,15,,0
adunc,8,,0
adust,6,,0
adyta,9,,0
adzes,15,,0
aecia,7,,0
afrit,8,,0
agars,6,,0
agaze,15,,0
agene,6,,0
aghas,9,,0
agism,8,,0
agist,6,,0
aglee,6,,0
agley,9,,0
agmas,8,,0
agone,6,,0
agons,6,,0
agria,6,,0
agues,6,,0
ahull,8,,0
airns,5,,0
airts,5,,0
aiver,8,,0
ajiva,15,,0
akees,9,,0
akene,9,,0
alant,5,,0
alate,5,,0
albas,7,,0
alcid,8,,0
alecs,7,,0
alefs,8,,0
algid,7,,0
algin,6,,0
alifs,8,,0
allod,6,,0
almah,10,,0
almeh,10,,0
almud,8,,0
almug,8,,0
aloin,5,,0
amahs,10,,0
ameba,9,,0
amens,7,,0
amias,7,,0
amice,9,,0
amids,8,,0
amins,7,,0
amirs,7,,0
ammos,9,,0
amnia,7,,0
amnic,9,,0
amoks,11,,0
amole,7,,0
ampul,9,,0
amyls,10,,0
anear,5,,0
anils,5,,0
ankhs,12,,0
ankus,9,,0
anlas,5,,0
anoas,5,,0
ansae,5,,0
antae,5,,0
antre,5,,0
apeak,11,,0
apeek,11,,0
apery,10,,0
apian,7,,0
apish,10,,0
apods,8,,0
aport,7,,0
apses,7,,0
aquas,14,,0
araks,9,,0
ardeb,8,,0
areae,5,,0
areic,7,,0
argal,6,,0
argil,6,,0
argle,6,,0
argol,6,,0
arils,5,,0
armet,7,,0
aroid,6,,0
arpen,7,,0
artal,5,,0
arums,7,,0
arvos,8,,0
aryls,8,,0
asdic,8,,0
ashed,9,,0
askoi,9,,0
askos,9,,0
aspis,7,,0
asyla,8,,0
ataps,7,,0
ataxy,15,,0
atilt,5,,0
atmas,7,,0
atomy,10,,0
atony,8,,0
atrip,7,,0
audad,7,,0
aulic,7,,0
aurae,5,,0
aurar,5,,0
aurei,5,,0
aures,5,,0
awing,9,,0
awols,8,,0
axile,12,,0
axite,12,,0
axled,13,,0
axman,14,,0
axmen,14,,0
ayahs,11,,0
ayins,8,,0
azans,14,,0
azine,14,,0
azlon,14,,0
azoic,16,,0
azons,14,,0
azoth,17,,0
baaed,8,,0
baals,7,,0
babus,9,,0
baffs,13,,0
baffy,16,,0
baiza,16,,0
balds,8,,0
baned,8,,0
banty,10,,0
barms,9,,0
barye,10,,0
basts,7,,0
battu,7,,0
bauds,8,,0
bawds,11,,0
bawty,13,,0
bazoo,16,,0
beamy,12,,0
becap,11,,0
bedew,11,,0
bedim,10,,0
befog,11,,0
beigy,11,,0
bemas,9,,0
bemix,16,,0
berme,9,,0
besot,7,,0
beths,10,,0
bewig,11,,0
bezil,16,,0
bhoot,10,,0
bhuts,10,,0
biali,7,,0
bices,9,,0
bider,8,,0
bield,8,,0
biers,7,,0
biffs,13,,0
bigly,11,,0
bikie,11,,0
bilgy,11,,0
bilks,11,,0
bimah,12,,0
bimas,9,,0
binit,7,,0
bints,7,,0
biont,7,,0
birle,7,,0
birrs,7,,0
bises,7,,0
bisks,11,,0
bitts,7,,0
bizes,16,,0
blabs,9,,0
blams,9,,0
blate,7,,0
blats,7,,0
blawn,10,,0
blaws,10,,0
blear,7,,0
blent,7,,0
blets,7,,0
blimy,12,,0
blite,7,,0
blowy,13,,0
blubs,9,,0
blype,12,,0
boffs,13,,0
bohea,10,,0
bonks,11,,0
bonze,16,,0
borts,7,,0
borty,10,,0
bosks,11,,0
bosky,14,,0
bousy,10,,0
bovid,11,,0
bowse,10,,0
boyla,10,,0
boyos,10,,0
braky,14,,0
bravi,10,,0
braws,10,,0
braxy,17,,0
brens,7,,0
bries,7,,0
brins,7,,0
brios,7,,0
broos,7,,0
brosy,10,,0
brusk,11,,0
bubal,9,,0
buhls,10,,0
buhrs,10,,0
bulgy,11,,0
bumfs,12,,0
bumph,14,,0
bunns,7,,0
burds,8,,0
burgs,8,,0
busks,11,,0
butle,7,,0
butut,7,,0
byrls,10,,0
byssi,10,,0
cabob,11,,0
cacas,9,,0
cadge,9,,0
cadgy,12,,0
cadis,8,,0
caeca,9,,0
caffs,13,,0
cahow,13,,0
caids,8,,0
cakey,14,,0
calfs,10,,0
calks,11,,0
caphs,12,,0
carks,11,,0
casky,14,,0
cauld,8,,0
cauls,7,,0
cavie,10,,0
cawed,11,,0
cebid,10,,0
ceils,7,,0
celom,9,,0
ceorl,7,,0
cepes,9,,0
cerci,9,,0
cered,8,,0
ceric,9,,0
ceros,7,,0
cetes,7,,0
chape,12,,0
chark,14,,0
chaws,13,,0
cheth,13,,0
chias,10,,0
chimb,14,,0
chirm,12,,0
chirr,10,,0
chivy,16,,0
chott,10,,0
chufa,13,,0
churr,10,,0
chyle,13,,0
chyme,15,,0
cibol,9,,0
cirri,7,,0
civie,10,,0
civvy,16,,0
clads,8,,0
clags,8,,0
clapt,9,,0
clavi,10,,0
clepe,9,,0
clept,9,,0
clipt,9,,0
clomb,11,,0
clomp,11,,0
clonk,11,,0
clons,7,,0
cloot,7,,0
clops,9,,0
clour,7,,0
cloys,10,,0
coact,9,,0
coala,7,,0
coaly,10,,0
coapt,9,,0
cocas,9,,0
cogon,8,,0
cohog,11,,0
cohos,10,,0
coifs,10,,0
coign,8,,0
coirs,7,,0
coled,8,,0
colog,8,,0
comae,9,,0
commy,14,,0
conge,8,,0
conin,7,,0
conks,11,,0
conky,14,,0
cooer,7,,0
cooey,10,,0
coofs,10,,0
coomb,11,,0
coopt,9,,0
cosec,9,,0
cosie,7,,0
cotan,7,,0
coted,8,,0
couth,10,,0
covin,10,,0
coxae,14,,0
coxal,14,,0
coyed,11,,0
coypu,12,,0
cozes,16,,0
cozie,16,,0
craal,7,,0
craws,10,,0
crepy,12,,0
cruck,13,,0
cruds,8,,0
cruor,7,,0
crura,7,,0
crwth,13,,0
cubeb,11,,0
cuifs,10,,0
cuish,10,,0
cukes,11,,0
culch,12,,0
cupel,9,,0
cuppy,14,,0
curch,12,,0
curdy,11,,0
curer,7,,0
curet,7,,0
curns,7,,0
currs,7,,0
cusec,9,,0
cusks,11,,0
cusso,7,,0
cutch,12,,0
cutes,7,,0
cutin,7,,0
cutup,9,,0
cyans,10,,0
cyder,11,,0
cylix,17,,0
cymae,12,,0
cymar,12,,0
cymas,12,,0
cymes,12,,0
cymol,12,,0
cyton,10,,0
daces,8,,0
dadas,7,,0
daffs,12,,0
dagos,7,,0
dahls,9,,0
dangs,7,,0
darbs,8,,0
darer,6,,0
darns,6,,0
dashy,12,,0
daubs,8,,0
dauby,11,,0
dauts,6,,0
dawed,10,,0
dawen,9,,0
dawks,13,,0
dawts,9,,0
dazes,15,,0
deair,6,,0
deash,9,,0
deave,9,,0
decos,8,,0
dedal,7,,0
deedy,10,,0
defat,9,,0
defis,9,,0
defog,10,,0
degum,9,,0
deice,8,,0
deils,6,,0
deked,11,,0
dekes,10,,0
deled,7,,0
deles,6,,0
delfs,9,,0
demit,8,,0
demob,10,,0
derat,6,,0
derms,8,,0
desex,13,,0
dewax,16,,0
dewed,10,,0
dexes,13,,0
dexie,13,,0
dhaks,13,,0
dhals,9,,0
dhobi,11,,0
dhole,9,,0
dhuti,9,,0
dicty,11,,0
didie,7,,0
didos,7,,0
diker,10,,0
dikey,13,,0
dints,6,,0
direr,6,,0
dirls,6,,0
dirts,6,,0
disme,8,,0
ditas,6,,0
dizen,15,,0
djins,13,,0
doats,6,,0
dobla,8,,0
doffs,12,,0
dogey,10,,0
doggo,8,,0
dogie,7,,0
doits,6,,0
domal,8,,0
domic,10,,0
donsy,9,,0
dopas,8,,0
dorps,8,,0
dorrs,6,,0
dorsa,6,,0
dorty,9,,0
dotal,6,,0
doter,6,,0
doums,8,,0
doura,6,,0
doven,9,,0
dowed,10,,0
doyly,12,,0
draff,12,,0
drail,6,,0
drats,6,,0
dreed,7,,0
dreks,10,,0
dribs,8,,0
dript,8,,0
drouk,10,,0
duads,7,,0
duded,8,,0
duked,11,,0
dulia,6,,0
dumbs,10,,0
dumky,15,,0
dunam,8,,0
dunch,11,,0
dungs,7,,0
dunts,6,,0
duomi,8,,0
dured,7,,0
durns,6,,0
durra,6,,0
durrs,6,,0
dusks,10,,0
dwine,9,,0
dyked,14,,0
dykey,16,,0
dynel,9,,0
eagre,6,,0
eaved,9,,0
ebbet,9,,0
ebons,7,,0
eched,11,,0
eches,10,,0
ecrus,7,,0
edile,6,,0
educe,8,,0
educt,8,,0
egers,6,,0
egest,6,,0
elans,5,,0
elemi,7,,0
eloin,5,,0
elver,8,,0
embay,12,,0
embow,12,,0
emeer,7,,0
emeus,7,,0
emirs,7,,0
emyde,11,,0
emyds,11,,0
endue,6,,0
enols,5,,0
enows,8,,0
ensky,12,,0
entia,5,,0
enure,5,,0
enzym,19,,0
epees,7,,0
ephas,10,,0
ephor,10,,0
epode,8,,0
equid,15,,0
ernes,5,,0
erose,5,,0
erses,5,,0
eruct,7,,0
erugo,6,,0
ervil,8,,0
escar,7,,0
escot,7,,0
eskar,9,,0
etnas,5,,0
etuis,5,,0
etwee,8,,0
etyma,10,,0
exine,12,,0
exurb,14,,0
eyers,8,,0
eyras,8,,0
eyrir,8,,0
faddy,13,,0
fadge,10,,0
fados,9,,0
faena,8,,0
fakey,15,,0
fanes,8,,0
fanga,9,,0
fanos,8,,0
fanum,10,,0
farci,10,,0
farcy,13,,0
farer,8,,0
farle,8,,0
farls,8,,0
fatly,11,,0
faugh,12,,0
fauld,9,,0
favas,11,,0
favus,11,,0
fawny,14,,0
fazes,17,,0
fease,8,,0
feaze,17,,0
fecks,14,,0
feeze,17,,0
felid,9,,0
femes,10,,0
feods,9,,0
feoff,14,,0
ferly,11,,0
fetas,8,,0
fetor,8,,0
feuar,8,,0
feued,9,,0
feyer,11,,0
feyly,14,,0
fezes,17,,0
fiars,8,,0
fiats,8,,0
fichu,13,,0
ficin,10,,0
fidge,10,,0
fidos,9,,0
fifed,12,,0
filar,8,,0
fillo,8,,0
filos,8,,0
filum,10,,0
firns,8,,0
firry,11,,0
fiscs,10,,0
flabs,10,,0
flams,10,,0
flamy,13,,0
flawy,14,,0
flaxy,18,,0
fleam,10,,0
flews,11,,0
fleys,11,,0
flong,9,,0
flota,8,,0
flued,9,,0
fluky,15,,0
flump,12,,0
fluty,11,,0
fluyt,11,,0
foehn,11,,0
fogie,9,,0
fohns,11,,0
foins,8,,0
forby,13,,0
fordo,9,,0
forky,15,,0
frena,8,,0
frigs,9,,0
fritt,8,,0
froes,8,,0
frons,8,,0
frore,8,,0
frows,11,,0
fubsy,13,,0
fuggy,13,,0
fugio,9,,0
fugle,9,,0
fugus,9,,0
fujis,15,,0
fumet,10,,0
furls,8,,0
furzy,20,,0
fusel,8,,0
fuzed,18,,0
fuzee,17,,0
fuzil,17,,0
fyces,13,,0
fykes,15,,0
fytte,11,,0
gadid,8,,0
gamas,8,,0
gambs,10,,0
gamic,10,,0
gammy,13,,0
gamps,10,,0
ganef,9,,0
ganev,9,,0
ganof,9,,0
gappy,13,,0
gasts,6,,0
gauds,7,,0
gaums,8,,0
gaurs,6,,0
gavot,9,,0
gawks,13,,0
gawps,11,,0
gawsy,12,,0
gayal,9,,0
gazar,15,,0
gecks,12,,0
gelds,7,,0
gelid,7,,0
gelts,6,,0
gemot,8,,0
genip,8,,0
genro,6,,0
gerah,9,,0
germy,11,,0
getas,6,,0
geums,8,,0
ghees,9,,0
gibed,9,,0
giber,8,,0
gibes,8,,0
gighe,10,,0
ginks,10,,0
gipon,8,,0
girns,6,,0
girsh,9,,0
girts,6,,0
gismo,8,,0
glair,6,,0
glary,9,,0
glazy,18,,0
gleba,8,,0
glede,7,,0
gleds,7,,0
gleek,10,,0
glees,6,,0
gleet,6,,0
gleys,9,,0
glias,6,,0
gliff,12,,0
glime,8,,0
glims,8,,0
gloam,8,,0
gloms,8,,0
glops,8,,0
glost,6,,0
glout,6,,0
gloze,15,,0
gluer,6,,0
glugs,7,,0
gluts,6,,0
gnarl,6,,0
gnarr,6,,0
gnars,6,,0
gnawn,9,,0
goban,8,,0
gombo,10,,0
gonef,9,,0
gonia,6,,0
gonif,9,,0
gonof,9,,0
gooky,13,,0
goosy,9,,0
gorps,8,,0
gorsy,9,,0
gouts,6,,0
gowds,10,,0
gowks,13,,0
goxes,13,,0
grapy,11,,0
gride,7,,0
grift,9,,0
grigs,7,,0
gript,8,,0
gripy,11,,0
grith,9,,0
grogs,7,,0
grots,6,,0
grues,6,,0
grume,8,,0
guaco,8,,0
guans,6,,0
guars,6,,0
gucks,12,,0
gudes,7,,0
guffs,12,,0
gulfy,12,,0
gulpy,11,,0
gunky,13,,0
gurge,7,,0
gursh,9,,0
gussy,9,,0
gutty,9,,0
gybed,12,,0
gybes,11,,0
gyral,9,,0
gyred,10,,0
gyron,9,,0
gyved,13,,0
gyves,12,,0
haafs,11,,0
haars,8,,0
habus,10,,0
hacek,14,,0
hadal,9,,0
haded,10,,0
haems,10,,0
haets,8,,0
hafis,11,,0
hafts,11,,0
haika,12,,0
haiks,12,,0
hajes,15,,0
hajis,15,,0
haler,8,,0
halid,9,,0
halms,10,,0
hamal,10,,0
hared,9,,0
harls,8,,0
haulm,10,,0
hayed,12,,0
hebes,10,,0
hedgy,13,,0
heeze,17,,0
hefts,11,,0
heils,8,,0
helot,8,,0
helve,11,,0
hemal,10,,0
hemps,12,,0
hempy,15,,0
hents,8,,0
herls,8,,0
herns,8,,0
hests,8,,0
heths,11,,0
heuch,13,,0
heugh,12,,0
hexad,16,,0
hexer,15,,0
hided,10,,0
hillo,8,,0
hilus,8,,0
hinny,11,,0
hists,8,,0
hived,12,,0
hoars,8,,0
hodad,10,,0
hoers,8,,0
hoick,14,,0
hoked,13,,0
hokku,16,,0
holks,12,,0
hongs,9,,0
hooly,11,,0
hooty,11,,0
hoper,10,,0
horah,11,,0
horal,8,,0
horsy,11,,0
houri,8,,0
howff,17,,0
howfs,14,,0
howks,15,,0
hulas,8,,0
hulky,15,,0
hurds,9,,0
huzza,26,,0
hying,12,,0
hypos,13,,0
iambi,9,,0
iambs,9,,0
icier,7,,0
icker,11,,0
ictic,9,,0
idyls,9,,0
iglus,6,,0
ikats,9,,0
ikons,9,,0
ileac,7,,0
ilial,5,,0
imaum,9,,0
imido,8,,0
imids,8,,0
immix,16,,0
impis,9,,0
inarm,7,,0
inbye,10,,0
incog,8,,0
indue,6,,0
inkle,9,,0
inned,6,,0
intis,5,,0
inurn,5,,0
iodic,8,,0
iodid,7,,0
iodin,6,,0
iotas,5,,0
irade,6,,0
irids,6,,0
iring,6,,0
irone,5,,0
isbas,7,,0
isled,6,,0
istle,5,,0
ivied,9,,0
ixias,12,,0
ixtle,12,,0
izars,14,,0
jacal,14,,0
jaggs,14,,0
jagra,13,,0
jalap,14,,0
jalop,14,,0
janty,15,,0
japed,15,,0
japer,14,,0
japes,14,,0
jarls,12,,0
jatos,12,,0
jauks,16,,0
jaups,14,,0
javas,15,,0
jefes,15,,0
jehus,15,,0
jells,12,,0
jerid,13,,0
jetes,12,,0
jewed,16,,0
jibbs,16,,0
jibed,15,,0
jiber,14,,0
jiffs,18,,0
jilts,12,,0
jimpy,19,,0
jisms,14,,0
jived,16,,0
jiver,15,,0
jivey,18,,0
jolty,15,,0
jorum,14,,0
jotas,12,,0
jotty,15,,0
joual,12,,0
jouks,16,,0
jowar,15,,0
jowed,16,,0
jowly,18,,0
jubas,14,,0
jubes,14,,0
judos,13,,0
jugum,15,,0
jujus,19,,0
juked,17,,0
jupon,14,,0
jural,12,,0
jurel,12,,0
jutty,15,,0
kadis,10,,0
kagus,10,,0
kaiak,13,,0
kaifs,12,,0
kails,9,,0
kains,9,,0
kakas,13,,0
kakis,13,,0
kalif,12,,0
kaphs,14,,0
kaury,12,,0
kavas,12,,0
kayos,12,,0
kbars,11,,0
kebar,11,,0
kebob,13,,0
kecks,15,,0
keefs,12,,0
keeks,13,,0
keets,9,,0
keeve,12,,0
keirs,9,,0
kelep,11,,0
kelim,11,,0
kelps,11,,0
kelpy,14,,0
kench,14,,0
kepis,11,,0
kerfs,12,,0
ketol,9,,0
kevel,12,,0
kexes,16,,0
khafs,15,,0
khaph,17,,0
khats,12,,0
kheth,15,,0
khets,12,,0
khoum,14,,0
kibbi,13,,0
kibei,11,,0
kibes,11,,0
kibla,11,,0
kiefs,12,,0
kiers,9,,0
kikes,13,,0
kinos,9,,0
kirns,9,,0
kists,9,,0
kited,10,,0
kiter,9,,0
kithe,12,,0
kiths,12,,0
kivas,12,,0
knaps,11,,0
knars,9,,0
knaur,9,,0
knosp,11,,0
knout,9,,0
knurl,9,,0
knurs,9,,0
koels,9,,0
kolas,9,,0
konks,13,,0
kophs,14,,0
koppa,13,,0
korai,9,,0
korun,9,,0
kotos,9,,0
kotow,12,,0
kreep,11,,0
krubi,11,,0
kudus,10,,0
kumys,14,,0
kurus,9,,0
kusso,9,,0
kvass,12,,0
kyack,18,,0
kyaks,16,,0
kyars,12,,0
kytes,12,,0
laari,5,,0
labra,7,,0
laevo,8,,0
laich,10,,0
laics,7,,0
laigh,9,,0
laked,10,,0
lalls,5,,0
lamby,12,,0
lards,6,,0
larky,12,,0
larum,7,,0
lased,6,,0
lases,5,,0
lathy,11,,0
lauan,5,,0
laved,9,,0
laves,8,,0
lawed,9,,0
lawny,11,,0
laxly,15,,0
lazes,14,,0
leady,9,,0
ledgy,10,,0
lehrs,8,,0
lenis,5,,0
lenos,5,,0
letup,7,,0
leuds,6,,0
lexes,12,,0
lichi,10,,0
lidos,6,,0
lieus,5,,0
ligan,6,,0
lilts,5,,0
limbi,9,,0
limby,12,,0
limen,7,,0
limns,7,,0
limpa,9,,0
liney,8,,0
lingy,9,,0
linns,5,,0
linos,5,,0
lints,5,,0
linty,8,,0
lipin,7,,0
lirot,5,,0
lisps,7,,0
litai,5,,0
loafs,8,,0
loggy,10,,0
lolls,5,,0
looed,6,,0
looey,8,,0
loofa,8,,0
loofs,8,,0
looie,5,,0
loppy,12,,0
losel,5,,0
lotah,8,,0
lotas,5,,0
lours,5,,0
lowse,8,,0
loxed,13,,0
loxes,12,,0
luffs,11,,0
luged,7,,0
luges,6,,0
lulus,5,,0
lunet,5,,0
lunks,9,,0
lunts,5,,0
lurer,5,,0
lusus,5,,0
luted,6,,0
luxes,12,,0
lweis,8,,0
lyard,9,,0
lyart,8,,0
lycea,10,,0
lyses,8,,0
lysin,8,,0
lytta,8,,0
maars,7,,0
mabes,9,,0
maced,10,,0
machs,12,,0
macle,9,,0
magot,8,,0
malms,9,,0
malmy,12,,0
mamey,12,,0
maqui,16,,0
mashy,13,,0
mauds,8,,0
mauts,7,,0
mavie,10,,0
mawed,11,,0
mayed,11,,0
mayos,10,,0
mazed,17,,0
meeds,8,,0
meiny,10,,0
melic,9,,0
mells,7,,0
menad,8,,0
meous,7,,0
merer,7,,0
merls,7,,0
meshy,13,,0
mesne,7,,0
mewed,11,,0
mewls,10,,0
mezes,16,,0
miaou,7,,0
miasm,9,,0
miaul,7,,0
miens,7,,0
miffs,13,,0
mikra,11,,0
milpa,9,,0
milts,7,,0
minae,7,,0
mincy,12,,0
mingy,11,,0
mirks,11,,0
mirky,14,,0
misdo,8,,0
misos,7,,0
mohur,10,,0
moils,7,,0
mojos,14,,0
molal,7,,0
momes,9,,0
mooed,8,,0
mools,7,,0
moory,10,,0
moper,9,,0
mopes,9,,0
morns,7,,0
mosks,11,,0
mosts,7,,0
motey,10,,0
mothy,13,,0
mouch,12,,0
moues,7,,0
moxas,14,,0
mozos,16,,0
mucid,10,,0
mucro,9,,0
mujik,18,,0
mulct,9,,0
muled,8,,0
mumms,11,,0
mumus,9,,0
muras,7,,0
mured,8,,0
murid,8,,0
murks,11,,0
murrs,7,,0
musth,10,,0
muter,7,,0
muton,7,,0
mynas,10,,0
myoid,11,,0
myope,12,,0
myopy,15,,0
mythy,16,,0
naans,5,,0
nabes,7,,0
naevi,8,,0
naggy,10,,0
naifs,8,,0
naled,6,,0
napes,7,,0
narcs,7,,0
nards,6,,0
naris,5,,0
narks,9,,0
narky,12,,0
navar,8,,0
neaps,7,,0
neats,5,,0
neems,7,,0
neifs,8,,0
neist,5,,0
nemas,7,,0
nerol,5,,0
nerts,5,,0
nertz,14,,0
netts,5,,0
neuks,9,,0
neume,7,,0
neums,7,,0
newie,8,,0
ngwee,9,,0
nided,7,,0
nides,6,,0
nighs,9,,0
nills,5,,0
nimbi,9,,0
nipas,7,,0
nitid,6,,0
nitre,5,,0
nodus,6,,0
noggs,7,,0
nohow,11,,0
noils,5,,0
noily,8,,0
nolos,5,,0
nomas,7,,0
nomoi,7,,0
nonas,5,,0
nooky,12,,0
noons,5,,0
notal,5,,0
nowts,8,,0
nucha,10,,0
nuder,6,,0
nudzh,18,,0
nurds,6,,0
nurls,5,,0
nutsy,8,,0
oakum,11,,0
oared,6,,0
oasts,5,,0
oater,5,,0
oaves,8,,0
obeah,10,,0
obeli,7,,0
obias,7,,0
oboli,7,,0
obols,7,,0
ochry,13,,0
ocrea,7,,0
octad,8,,0
odeum,8,,0
odist,6,,0
odyle,9,,0
odyls,9,,0
ofays,11,,0
ogams,8,,0
ogees,6,,0
ogive,9,,0
ogler,6,,0
ogles,6,,0
ohias,8,,0
ohing,9,,0
oidia,6,,0
oinks,9,,0
okehs,12,,0
okras,9,,0
oleos,5,,0
olios,5,,0
ollas,5,,0
omasa,7,,0
omber,9,,0
onery,8,,0
onium,7,,0
oohed,9,,0
oorie,5,,0
ootid,6,,0
opahs,10,,0
orbed,8,,0
orcin,7,,0
ordos,6,,0
orgic,8,,0
orles,5,,0
orlop,7,,0
ormer,7,,0
orpin,7,,0
orzos,14,,0
osmic,9,,0
osmol,7,,0
ottos,5,,0
ouphe,10,,0
ouphs,10,,0
ourie,5,,0
ousel,5,,0
outby,10,,0
ouzos,14,,0
ovoli,8,,0
ovolo,8,,0
owsen,8,,0
oxeye,15,,0
oxids,13,,0
oxims,14,,0
oxlip,14,,0
oxter,12,,0
oyers,8,,0
pacas,9,,0
padis,8,,0
padle,8,,0
padri,8,,0
paeon,7,,0
pagod,9,,0
paiks,11,,0
palls,7,,0
palpi,9,,0
pappi,11,,0
pards,8,,0
pareu,7,,0
parge,8,,0
pases,7,,0
patly,10,,0
pavid,11,,0
pavis,10,,0
pawer,10,,0
pawky,17,,0
pawls,10,,0
paxes,14,,0
peage,8,,0
peags,8,,0
peans,7,,0
pechs,12,,0
pecky,16,,0
peens,7,,0
peins,7,,0
peise,7,,0
pekan,11,,0
pekes,11,,0
pelfs,10,,0
pepla,9,,0
pepos,9,,0
perdy,11,,0
pesty,10,,0
pewit,10,,0
phpht,15,,0
phuts,10,,0
phyle,13,,0
pibal,9,,0
picul,9,,0
piing,8,,0
piked,12,,0
pikis,11,,0
pilaw,10,,0
pilea,7,,0
pilei,7,,0
pilis,7,,0
pimas,9,,0
pinny,10,,0
pipal,9,,0
pirns,7,,0
pirog,8,,0
piths,10,,0
pixes,14,,0
plash,10,,0
plica,9,,0
plumy,12,,0
pocks,13,,0
podgy,12,,0
pogey,11,,0
poind,8,,0
pommy,14,,0
pomps,11,,0
pongs,8,,0
poods,8,,0
poori,7,,0
poove,10,,0
popsy,12,,0
porks,11,,0
potsy,10,,0
potto,7,,0
pouff,13,,0
poufs,10,,0
poxed,15,,0
poxes,14,,0
poyou,10,,0
praam,9,,0
prahu,10,,0
praos,7,,0
prase,7,,0
praus,7,,0
preed,8,,0
prees,7,,0
prigs,8,,0
prims,9,,0
prink,11,,0
proas,7,,0
prosy,10,,0
prows,10,,0
pruta,7,,0
psoae,7,,0
psoai,7,,0
pudic,10,,0
pujah,17,,0
puled,8,,0
puler,7,,0
pules,7,,0
pulik,11,,0
punas,7,,0
pungs,8,,0
punka,11,,0
punty,10,,0
pupas,9,,0
purda,8,,0
puris,7,,0
pursy,10,,0
puses,7,,0
puton,7,,0
putto,7,,0
pyins,10,,0
pyoid,11,,0
pyxes,17,,0
pyxie,17,,0
qaids,15,,0
qanat,14,,0
qophs,19,,0
quags,15,,0
quaky,21,,0
quass,14,,0
quean,14,,0
queys,17,,0
quiff,20,,0
quipu,16,,0
quods,15,,0
qursh,17,,0
rabic,9,,0
racon,7,,0
raffs,11,,0
ragee,6,,0
ragis,6,,0
raias,5,,0
rajes,12,,0
rakee,9,,0
rakis,9,,0
ramet,7,,0
rammy,12,,0
ranid,6,,0
ranis,5,,0
rared,6,,0
rased,6,,0
rases,5,,0
ratal,5,,0
ratch,10,,0
rawin,8,,0
rawly,11,,0
raxed,13,,0
raxes,12,,0
rayah,11,,0
rayas,8,,0
razee,14,,0
razes,14,,0
reave,8,,0
rebec,9,,0
rebop,9,,0
recks,11,,0
reded,7,,0
redia,6,,0
redip,8,,0
redly,9,,0
redos,6,,0
redry,9,,0
redub,8,,0
redye,9,,0
reefy,11,,0
reeky,12,,0
reest,5,,0
refed,9,,0
refel,8,,0
refix,15,,0
refly,11,,0
refry,11,,0
reges,6,,0
regma,8,,0
regna,6,,0
rehem,10,,0
reifs,8,,0
reink,9,,0
reive,8,,0
relit,5,,0
remet,7,,0
remex,14,,0
renig,6,,0
reoil,5,,0
repeg,8,,0
repps,9,,0
rerig,6,,0
resaw,8,,0
resay,8,,0
resee,5,,0
resew,8,,0
resod,6,,0
resow,8,,0
retag,6,,0
retax,12,,0
retem,7,,0
retia,5,,0
retie,5,,0
revet,8,,0
rewan,8,,0
rewax,15,,0
rewed,9,,0
rewet,8,,0
rewin,8,,0
rewon,8,,0
rexes,12,,0
rheas,8,,0
rhyta,11,,0
riant,5,,0
riced,8,,0
ridgy,10,,0
rifer,8,,0
rille,5,,0
rimed,8,,0
riped,8,,0
ripes,7,,0
roils,5,,0
roily,8,,0
roods,6,,0
rooky,12,,0
rosed,6,,0
rotls,5,,0
rotos,5,,0
rotte,5,,0
roupy,10,,0
roust,5,,0
rowel,8,,0
ruana,5,,0
ruche,10,,0
ruers,5,,0
rugae,6,,0
rugal,6,,0
ruing,6,,0
runty,8,,0
rushy,11,,0
rutty,8,,0
ryked,13,,0
rykes,12,,0
rynds,9,,0
ryots,8,,0
sabed,8,,0
sades,6,,0
sadhe,9,,0
sagos,6,,0
sagum,8,,0
saice,7,,0
saids,6,,0
sajou,12,,0
salic,7,,0
salol,5,,0
salpa,7,,0
salps,7,,0
samps,9,,0
saned,6,,0
sapor,7,,0
sarks,9,,0
satem,7,,0
sauch,10,,0
saugh,9,,0
saury,8,,0
sawer,8,,0
sayst,8,,0
scags,8,,0
scall,7,,0
scatt,7,,0
scaur,7,,0
scend,8,,0
schav,13,,0
scows,10,,0
scrag,8,,0
scudi,8,,0
sculk,11,,0
scups,9,,0
scuta,7,,0
scuts,7,,0
sedgy,10,,0
seels,5,,0
seepy,10,,0
segos,6,,0
seifs,8,,0
seise,5,,0
sengi,6,,0
sepic,9,,0
serer,5,,0
serow,8,,0
serry,8,,0
setal,5,,0
sewan,8,,0
sewar,8,,0
sexts,12,,0
shahs,11,,0
shaly,11,,0
shawm,13,,0
sheal,8,,0
sheas,8,,0
shend,9,,0
shent,8,,0
shily,11,,0
shirr,8,,0
shist,8,,0
shivs,11,,0
shlep,10,,0
shoat,8,,0
shoer,8,,0
shogs,9,,0
shorl,8,,0
shris,8,,0
shtik,12,,0
shuln,8,,0
shuls,8,,0
sials,5,,0
sibbs,9,,0
sices,7,,0
sicks,11,,0
siker,9,,0
silds,6,,0
simps,9,,0
sinhs,8,,0
siped,8,,0
sirra,5,,0
sises,5,,0
situp,7,,0
sixmo,14,,0
sixte,12,,0
sizar,14,,0
skags,10,,0
skats,9,,0
skeed,10,,0
skees,9,,0
skegs,10,,0
skelm,11,,0
skelp,11,,0
skeps,11,,0
skiey,12,,0
skimo,11,,0
skirl,9,,0
skirr,9,,0
skite,9,,0
skosh,12,,0
skyed,13,,0
skyey,15,,0
slaws,8,,0
slier,5,,0
slily,8,,0
slipe,7,,0
slipt,7,,0
sloes,5,,0
slogs,6,,0
sloid,6,,0
slojd,13,,0
slubs,7,,0
slued,6,,0
slues,5,,0
sluff,11,,0
slurb,7,,0
slyer,8,,0
slype,10,,0
smalt,7,,0
smarm,9,,0
smaze,16,,0
smeek,11,,0
smerk,11,,0
smews,10,,0
smogs,8,,0
snash,8,,0
snath,8,,0
snaws,8,,0
sneck,11,,0
sneds,6,,0
snibs,7,,0
snits,5,,0
snogs,6,,0
snool,5,,0
snots,5,,0
snugs,6,,0
snyes,8,,0
softa,8,,0
sojas,12,,0
sokes,9,,0
sonly,8,,0
sonsy,8,,0
sooey,8,,0
sooks,9,,0
soots,5,,0
sophs,10,,0
sords,6,,0
sorer,5,,0
sorgo,6,,0
sorns,5,,0
sorus,5,,0
soths,8,,0
sotol,5,,0
souse,5,,0
sowar,8,,0
soyas,8,,0
sozin,14,,0
spado,8,,0
spaed,8,,0
spaes,7,,0
spahi,10,,0
spail,7,,0
spait,7,,0
spale,7,,0
spays,10,,0
speil,7,,0
spics,9,,0
spiks,11,,0
spile,7,,0
spiry,10,,0
spivs,10,,0
sprag,8,,0
sprug,8,,0
spued,8,,0
spues,7,,0
spume,9,,0
spumy,12,,0
sputa,7,,0
squeg,15,,0
stagy,9,,0
staig,6,,0
steek,9,,0
stied,6,,0
stimy,10,,0
stirp,7,,0
stoae,5,,0
stoai,5,,0
stoas,5,,0
stobs,7,,0
stogy,9,,0
stook,9,,0
stoss,5,,0
stoup,7,,0
stowp,10,,0
strow,8,,0
stums,7,,0
stupe,7,,0
styed,9,,0
stymy,13,,0
subah,10,,0
subas,7,,0
sudds,7,,0
sudor,6,,0
suers,5,,0
suets,5,,0
suety,8,,0
sughs,9,,0
suint,5,,0
sulus,5,,0
sunns,5,,0
surds,6,,0
surgy,9,,0
surra,5,,0
sweer,8,,0
swive,11,,0
swobs,10,,0
swops,10,,0
swots,8,,0
swoun,8,,0
sycee,10,,0
syces,10,,0
sylis,8,,0
syphs,13,,0
tabes,7,,0
taces,7,,0
tacet,7,,0
taels,5,,0
tafia,8,,0
tahrs,8,,0
tajes,12,,0
talcs,7,,0
tamis,7,,0
tardo,6,,0
tared,6,,0
tarns,5,,0
taroc,7,,0
tarok,9,,0
taros,5,,0
tarre,5,,0
tauts,5,,0
tawed,9,,0
tawer,8,,0
tawie,8,,0
tawse,8,,0
taxer,12,,0
tazze,23,,0
teaks,9,,0
teals,5,,0
tecta,7,,0
teels,5,,0
teffs,11,,0
tegua,6,,0
teiid,6,,0
teind,6,,0
telae,5,,0
teloi,5,,0
tenty,8,,0
tepal,7,,0
tepas,7,,0
tepoy,10,,0
terce,7,,0
terga,6,,0
terne,5,,0
teths,8,,0
teuch,10,,0
teugh,9,,0
tewed,9,,0
thack,14,,0
tharm,10,,0
thegn,9,,0
thens,8,,0
thews,11,,0
thewy,14,,0
thirl,8,,0
thraw,11,,0
thrip,10,,0
throe,8,,0
thymi,13,,0
thymy,16,,0
toffy,14,,0
tofus,8,,0
togae,6,,0
togue,6,,0
toked,10,,0
tolas,5,,0
toled,6,,0
tolus,5,,0
tondi,6,,0
topee,7,,0
tophe,10,,0
tophi,10,,0
tophs,10,,0
topis,7,,0
toras,5,,0
tores,5,,0
torot,5,,0
torse,5,,0
torsi,5,,0
towie,8,,0
towny,11,,0
toyer,8,,0
toyos,8,,0
traik,9,,0
trank,9,,0
tranq,14,,0
trass,5,,0
trets,5,,0
trigs,6,,0
triol,5,,0
troak,9,,0
trock,11,,0
troke,9,,0
trooz,14,,0
trows,8,,0
trugs,6,,0
tryma,10,,0
tsade,6,,0
tsadi,6,,0
tsked,10,,0
tubae,7,,0
tufas,8,,0
tumid,8,,0
tumps,9,,0
tungs,6,,0
tupik,11,,0
turfy,11,,0
turps,7,,0
tuyer,8,,0
twaes,8,,0
twier,8,,0
twiny,11,,0
twirp,10,,0
twyer,11,,0
tyees,8,,0
tyned,9,,0
typal,10,,0
typey,13,,0
typps,12,,0
tyred,9,,0
tythe,11,,0
tzars,14,,0
uhlan,8,,0
ukase,9,,0
ulans,5,,0
ulnad,6,,0
ulnae,5,,0
ulnas,5,,0
ulvas,8,,0
umbos,9,,0
umiac,9,,0
umiak,11,,0
umiaq,16,,0
umped,10,,0
unais,5,,0
unapt,7,,0
unarm,7,,0
unaus,5,,0
unbar,7,,0
unbid,8,,0
uncap,9,,0
uncia,7,,0
uncos,7,,0
uncoy,10,,0
uncus,7,,0
undee,6,,0
unfix,15,,0
ungot,6,,0
unhat,8,,0
unlay,8,,0
unled,6,,0
unlet,5,,0
unman,7,,0
unmew,10,,0
unmix,14,,0
unpeg,8,,0
unpen,7,,0
unpin,7,,0
unrig,6,,0
unrip,7,,0
unsay,8,,0
unsew,8,,0
unsex,12,,0
unwit,8,,0
unwon,8,,0
upbow,12,,0
upbye,12,,0
updry,11,,0
uplit,7,,0
uraei,5,,0
urare,5,,0
urari,5,,0
urase,5,,0
urbia,7,,0
ureal,5,,0
ureas,5,,0
uredo,6,,0
ureic,7,,0
urger,6,,0
urial,5,,0
uveas,8,,0
vairs,8,,0
vaned,9,,0
vangs,9,,0
varix,15,,0
varve,11,,0
vasal,8,,0
vasts,8,,0
vasty,11,,0
vatic,10,,0
vatus,8,,0
veals,8,,0
vealy,11,,0
veeps,10,,0
velds,9,,0
venae,8,,0
venge,9,,0
venin,8,,0
verst,8,,0
vexer,15,,0
vexil,15,,0
viced,11,,0
viewy,14,,0
vigas,9,,0
viler,8,,0
vills,8,,0
vimen,10,,0
vined,9,,0
vinic,10,,0
virid,9,,0
vizir,17,,0
vizor,17,,0
vogie,9,,0
voled,9,,0
volti,8,,0
volva,11,,0
vomer,10,,0
vower,11,,0
vrows,11,,0
vuggs,10,,0
vuggy,13,,0
vughs,12,,0
vulgo,9,,0
wacke,14,,0
wacks,14,,0
waffs,14,,0
wains,8,,0
wairs,8,,0
waled,9,,0
waler,8,,0
wames,10,,0
wamus,10,,0
waney,11,,0
wared,9,,0
waspy,13,,0
wasts,8,,0
watap,10,,0
wauks,12,,0
wawls,11,,0
weals,8,,0
weans,8,,0
wedgy,13,,0
weens,8,,0
weest,8,,0
weets,8,,0
wekas,12,,0
wenny,11,,0
whamo,13,,0
whams,13,,0
whaps,13,,0
whaup,13,,0
wheep,13,,0
whelm,13,,0
whews,14,,0
wheys,14,,0
whids,12,,0
whins,11,,0
whipt,13,,0
whirs,11,,0
whity,14,,0
whoof,14,,0
whops,13,,0
whort,11,,0
widdy,13,,0
wifed,12,,0
wifty,14,,0
wiled,9,,0
wingy,12,,0
winze,17,,0
wirer,8,,0
wited,9,,0
wites,8,,0
wived,12,,0
wiver,11,,0
wizen,17,,0
wizes,17,,0
woads,9,,0
woald,9,,0
wodge,10,,0
woful,11,,0
womby,15,,0
wonts,8,,0
wooer,8,,0
woofs,11,,0
wrang,9,,0
wrick,14,,0
wried,9,,0
wrier,8,,0
wries,8,,0
wryer,11,,0
wyled,12,,0
wynds,12,,0
wyted,12,,0
wytes,11,,0
xenic,14,,0
xerus,12,,0
xylol,15,,0
xylyl,18,,0
xysti,15,,0
xysts,15,,0
yacks,14,,0
yamen,10,,0
yamun,10,,0
yapok,14,,0
yapon,10,,0
yarer,8,,0
yauds,9,,0
yauld,9,,0
yaups,10,,0
yawed,12,,0
yawls,11,,0
yawps,13,,0
yeans,8,,0
yecch,15,,0
yechs,13,,0
yechy,16,,0
yeggs,10,,0
yelks,12,,0
yente,8,,0
yerks,12,,0
yeses,8,,0
yetis,8,,0
yetts,8,,0
yeuks,12,,0
yeuky,15,,0
yills,8,,0
yince,10,,0
yirds,9,,0
yirrs,8,,0
yirth,11,,0
ylems,10,,0
yocks,14,,0
yodhs,12,,0
yodle,9,,0
yogee,9,,0
yoghs,12,,0
yogin,9,,0
yolky,15,,0
yomim,12,,0
yonic,10,,0
yonis,8,,0
yores,8,,0
yourn,8,,0
yowed,12,,0
yowes,11,,0
yowls,11,,0
yuans,8,,0
yucas,10,,0
yucch,15,,0
yucks,14,,0
yugas,9,,0
yules,8,,0
yupon,10,,0
yurta,8,,0
zanza,23,,0
zarfs,17,,0
zaxes,21,,0
zayin,17,,0
zeals,14,,0
zebec,18,,0
zebus,16,,0
zeins,14,,0
zerks,18,,0
zests,14,,0
zibet,16,,0
zills,14,,0
zincs,16,,0
zincy,19,,0
zineb,16,,0
zings,15,,0
zinky,21,,0
ziram,16,,0
zitis,14,,0
zizit,23,,0
zlote,14,,0
zoeae,14,,0
zoeal,14,,0
zoeas,14,,0
zonks,18,,0
zooid,15,,0
zooks,18,,0
zoons,14,,0
zooty,17,,0
zoril,14,,0
zoris,14,,0
