rank,word,avg_answers_left,worst_case,feedback_patterns,green_chance_pct,is_likely_answer
1,raise,53.1,144,132,45,1
2,orate,54.4,138,122,40,0
3,irate,55.1,146,124,40,0
4,arise,56.6,146,128,40,1
5,arose,57,150,124,39,1
6,ariel,58.6,141,128,39,1
7,taler,58.8,161,144,36,0
8,artel,59.6,161,134,36,0
9,ratel,60.1,161,141,36,0
10,oater,60.1,138,121,32,0
11,saner,60.2,189,130,44,0
12,tares,60.4,191,139,38,0
13,carte,60.5,188,148,45,1
14,later,60.8,161,139,34,1
15,snare,61.5,189,130,43,1
16,antre,61.7,172,134,35,0
17,rates,61.8,191,128,34,0
18,crate,62.2,188,148,44,1
19,stare,62.2,191,135,41,1
20,arles,62.2,182,118,35,1
21,lares,62.4,182,129,36,0
22,terai,62.5,146,119,29,0
23,toile,63,160,126,45,0
24,retia,63,146,129,29,0
25,trace,63.1,188,148,42,1
26,alter,63.3,161,133,31,1
27,caret,63.3,188,145,45,0
28,tears,63.5,191,140,35,0
29,nares,63.6,189,120,35,0
30,serai,63.6,144,118,36,0
31,rales,63.7,182,124,34,0
32,carle,64,201,147,45,0
33,learn,64.3,169,133,35,1
34,carse,64.3,200,143,45,0
35,stoae,64.4,152,111,42,0
36,alert,64.5,161,136,32,1
37,liane,64.6,176,132,43,0
38,laser,64.7,182,127,33,1
39,torse,65,205,142,43,0
40,slate,65.2,186,149,45,1
41,litre,65.5,181,137,39,1
42,seral,65.5,182,132,38,0
43,trone,66.1,204,130,42,0
44,sorel,66.2,184,124,45,0
45,reals,66.4,182,120,33,0
46,leant,66.4,194,132,38,0
47,react,66.5,188,136,38,1
48,lears,66.5,182,124,33,0
49,crane,66.6,203,142,44,1
50,laten,66.9,169,138,36,0
51,urate,67,167,122,40,0
52,tales,67.1,186,132,36,0
53,nears,67.1,189,115,31,0
54,trine,67.2,206,140,42,0
55,atone,67.3,168,116,37,0
56,reoil,67.3,147,111,34,0
57,rance,67.4,203,131,42,0
58,alone,67.9,164,124,38,1
59,saice,67.9,185,128,51,0
60,cater,68.3,188,141,37,1
61,oriel,68.4,163,109,36,0
62,oaten,68.4,157,122,34,0
63,cares,68.8,200,133,40,0
64,aster,68.9,191,114,26,1
65,store,69,205,118,40,1
66,nacre,69,203,127,39,0
67,stale,69.2,186,140,41,1
68,trail,69.3,190,128,36,1
69,stane,69.5,193,128,42,0
70,least,69.6,186,142,37,1
71,renal,69.6,169,130,30,1
72,earns,69.6,189,112,33,0
73,anole,69.7,164,119,36,0
74,roast,69.9,206,128,39,1
75,aline,69.9,176,132,39,0
76,snore,70,199,123,42,0
77,earls,70.1,182,118,31,0
78,trade,70.2,213,126,40,1
79,scare,70.2,200,129,41,1
80,aloes,70.2,162,116,34,0
81,roset,70.3,205,130,38,0
82,aisle,70.5,172,126,38,1
83,haole,70.5,187,109,43,0
84,nitre,70.6,206,123,37,0
85,teals,70.6,186,137,35,0
86,tores,70.6,205,131,37,0
87,solar,70.9,187,117,42,1
88,rathe,70.9,211,116,38,0
89,lanes,71,198,125,35,0
90,lores,71,184,119,35,0
91,senor,71.1,199,126,41,0
92,tinea,71.1,164,126,35,0
93,siren,71.2,204,130,44,1
94,telia,71.2,163,125,30,0
95,irone,71.3,172,109,38,0
96,relit,71.4,181,127,32,0
97,tenor,71.6,204,130,34,1
98,tries,71.7,220,131,38,1
99,anise,71.8,170,129,37,0
100,nates,71.8,193,118,32,0
101,ceria,71.8,162,123,34,0
102,slier,71.9,191,129,42,0
103,races,72,200,117,32,0
104,serin,72,204,131,40,0
105,caner,72.1,203,132,38,0
106,tiler,72.1,181,136,32,0
107,rinse,72.2,204,129,39,1
108,ramie,72.2,171,121,41,0
109,anile,72.2,176,130,37,0
110,aeons,72.3,162,111,35,0
111,rotes,72.3,205,130,33,0
112,taros,72.3,206,131,33,0
113,tared,72.4,213,128,40,0
114,prate,72.6,219,138,42,0
115,serac,72.8,200,123,37,0
116,trial,72.9,190,127,34,1
117,roles,72.9,184,115,33,0
118,deair,72.9,171,124,38,0
119,targe,73.2,220,127,41,0
120,sarin,73.3,206,131,42,0
121,tires,73.5,220,132,35,0
122,teary,73.5,175,126,41,0
123,setal,73.5,186,130,38,0
124,loser,73.6,184,118,32,1
125,caste,73.6,198,128,42,1
126,orles,73.6,184,102,31,0
127,uraei,73.6,156,92,34,0
128,recta,73.7,188,116,26,0
129,sonar,73.8,215,120,43,1
130,parle,73.8,228,133,43,0
131,urase,73.8,182,117,38,0
132,alien,73.9,176,132,37,1
133,sayer,73.9,195,110,41,0
134,train,74,207,134,35,1
135,tesla,74,186,124,30,1
136,canoe,74.2,197,131,45,1
137,ratio,74.3,157,123,30,1
138,trice,74.3,234,137,42,0
139,toner,74.4,204,131,36,1
140,lacer,74.4,201,134,32,0
141,leans,74.5,198,125,34,0
142,share,74.6,208,133,43,1
143,grate,74.6,220,126,41,1
144,tenia,74.7,173,127,32,0
145,ratos,74.7,206,119,29,0
146,haler,74.7,189,121,33,0
147,hares,74.8,208,120,35,0
148,neats,74.8,193,117,32,0
149,liter,74.9,181,133,29,1
150,sitar,74.9,224,124,38,0
151,orals,74.9,187,103,30,0
152,hater,75,211,128,33,0
153,riant,75.1,207,126,37,0
154,heart,75.2,211,140,36,1
155,marse,75.2,233,134,42,0
156,toles,75.3,190,124,35,0
157,ursae,75.3,182,106,37,0
158,stole,75.4,187,116,40,1
159,toras,75.4,206,125,32,0
160,rated,75.6,213,126,35,0
161,morae,75.7,183,125,43,0
162,lairs,75.8,194,119,36,0
163,peart,75.9,219,149,39,0
164,oiler,75.9,163,111,28,0
165,irade,75.9,171,113,37,0
166,nerol,75.9,178,116,29,0
167,ramet,75.9,219,126,38,0
168,taels,75.9,227,128,34,0
169,pareo,76,181,124,38,0
170,sarge,76.1,233,124,46,1
171,terns,76.1,218,123,33,0
172,dater,76.2,213,125,34,0
173,acres,76.3,200,116,29,0
174,stair,76.6,224,124,38,1
175,corse,76.6,219,131,43,0
176,dares,76.7,229,115,37,0
177,cates,76.7,198,126,37,0
178,rites,76.8,220,128,30,0
179,riles,76.8,191,125,30,0
180,noise,76.9,223,111,43,1
181,areic,76.9,163,106,29,0
182,solei,77,202,110,41,0
183,derat,77,213,128,34,0
184,tarns,77,230,117,35,0
185,taces,77.1,198,114,34,0
186,adore,77.2,195,109,35,1
187,lance,77.3,220,130,42,1
188,loner,77.3,178,119,34,0
189,laris,77.3,194,125,32,0
190,antes,77.4,193,119,27,0
191,triol,77.4,204,116,34,0
192,parse,77.6,239,147,43,1
193,taper,77.6,219,127,34,1
194,arils,77.6,194,112,31,0
195,clear,77.7,201,135,33,1
196,noter,77.7,204,121,32,0
197,rails,77.8,198,118,35,0
198,armet,77.9,219,128,37,0
199,oared,77.9,191,109,36,0
200,roans,78,215,112,36,0
201,tarsi,78,224,120,31,0
202,rotas,78.1,206,119,29,0
203,saute,78.3,202,132,48,1
204,tamer,78.3,219,131,35,0
205,pater,78.3,219,130,36,0
206,sabre,78.4,242,121,47,1
207,score,78.6,219,115,40,1
208,route,78.7,220,116,40,1
209,rents,78.7,218,115,28,0
210,teloi,78.7,179,100,27,0
211,large,78.8,228,127,40,1
212,rains,78.8,206,112,36,0
213,aired,78.8,196,121,36,0
214,aures,78.8,182,122,34,0
215,ceorl,78.8,212,124,38,0
216,trona,78.9,205,127,32,0
217,trans,79,230,118,32,1
218,ocrea,79.1,166,110,27,0
219,mater,79.2,219,130,34,1
220,yearn,79.2,188,105,32,0
221,osier,79.2,172,103,28,0
222,naris,79.2,206,112,30,0
223,lathe,79.3,201,117,38,1
224,reins,79.3,204,117,33,0
225,risen,79.5,204,124,31,1
226,liars,79.5,194,118,32,0
227,canes,79.5,212,119,38,0
228,sated,79.5,219,119,44,0
229,rased,79.5,229,116,34,0
230,niter,79.7,206,122,28,0
231,rants,79.8,230,107,31,0
232,lirot,79.8,204,117,34,0
233,telos,79.9,189,118,29,0
234,liers,79.9,191,118,28,0
235,loran,80,184,124,33,0
236,airts,80.1,224,118,30,0
237,layer,80.2,192,117,32,1
238,moire,80.2,203,120,46,0
239,scale,80.3,221,128,41,1
240,sager,80.3,233,123,42,1
241,nerts,80.3,218,111,27,0
242,glare,80.4,228,124,39,1
243,hears,80.4,208,118,32,0
244,ranis,80.4,206,123,31,0
245,leary,80.5,192,127,39,1
246,maile,80.5,210,126,44,0
247,rials,80.5,198,115,32,0
248,stone,80.6,205,118,41,1
249,resin,80.6,204,123,28,1
250,liner,80.7,176,129,31,1
251,mares,80.8,233,119,36,0
252,aurei,80.8,198,96,32,0
253,crone,81,238,127,43,0
254,years,81.2,195,98,30,0
255,palet,81.2,211,129,42,0
256,riels,81.2,191,115,28,0
257,erica,81.3,184,111,31,1
258,tiers,81.4,220,127,30,0
259,hanse,81.4,219,119,41,0
260,pearl,81.7,228,131,37,1
261,thane,81.7,208,128,40,0
262,paler,81.7,228,129,36,0
263,cries,81.8,231,123,39,1
264,liras,81.8,194,120,28,0
265,paise,81.8,206,127,45,0
266,prase,81.8,239,141,41,0
267,tones,81.9,227,127,36,0
268,stile,82,246,128,41,0
269,togae,82,197,105,43,0
270,argle,82.1,228,131,39,0
271,taroc,82.1,227,125,31,0
272,dealt,82.2,207,130,37,1
273,shear,82.2,208,118,36,1
274,arson,82.2,215,124,29,1
275,cadre,82.2,247,129,44,1
276,dears,82.3,229,117,32,0
277,taber,82.4,225,124,34,0
278,pares,82.4,239,132,38,0
279,airns,82.4,206,111,32,0
280,plate,82.5,211,128,41,1
281,lader,82.6,227,123,33,0
282,shore,82.7,232,122,42,1
283,laces,82.7,221,121,32,0
284,ureal,82.7,176,105,27,0
285,spare,82.8,239,136,41,1
286,carol,83,222,128,37,1
287,cores,83,219,126,38,0
288,astir,83,224,107,26,0
289,rouse,83.1,217,116,40,1
290,maser,83.1,233,119,33,0
291,aider,83.1,196,121,31,0
292,horse,83.2,232,130,40,1
293,saber,83.2,242,115,41,1
294,dates,83.3,219,112,34,0
295,elain,83.3,243,117,31,0
296,farle,83.3,244,118,43,0
297,ourie,83.4,185,101,37,0
298,seton,83.5,224,126,38,1
299,cires,83.5,231,128,37,0
300,socle,83.5,214,118,46,0
301,throe,83.5,245,131,39,0
302,shale,83.6,216,132,43,1
303,aimer,83.6,184,112,31,0
304,lento,83.6,221,116,28,0
305,blare,83.6,244,131,41,0
306,stria,83.6,224,121,32,0
307,prole,83.7,249,111,41,0
308,snarl,83.8,221,109,35,0
309,saned,83.8,240,120,45,0
310,lated,83.9,207,119,35,0
311,range,84,240,122,39,1
312,arpen,84,227,118,34,0
313,inter,84.2,206,111,23,1
314,tiles,84.2,246,128,32,0
315,earth,84.3,211,130,31,1
316,lamer,84.4,225,120,33,0
317,cesta,84.4,198,116,32,0
318,cosie,84.4,231,115,44,0
319,inert,84.5,206,116,24,1
320,rages,84.5,233,119,33,0
321,realm,84.6,225,115,32,1
322,afore,84.6,205,91,35,0
323,resay,84.6,195,111,32,0
324,shire,84.7,242,126,43,1
325,rapes,84.7,239,122,32,0
326,stela,84.7,227,121,29,0
327,citer,84.7,234,126,34,0
328,reads,84.8,229,111,30,0
329,tread,84.9,213,131,29,1
330,saree,84.9,285,112,55,0
331,stern,85,218,116,30,1
332,talon,85,235,125,32,1
333,tripe,85,261,119,39,0
334,louie,85.1,230,100,42,1
335,trope,85.1,250,119,38,0
336,urine,85.2,213,108,38,1
337,bares,85.2,242,120,39,0
338,apter,85.2,219,121,27,0
339,hales,85.4,216,110,33,0
340,aerie,85.4,224,91,43,0
341,terga,85.4,220,118,29,0
342,ceros,85.5,219,120,33,0
343,recto,85.6,226,112,25,0
344,loris,85.7,201,116,31,0
345,namer,85.7,218,110,31,0
346,trode,85.7,267,116,38,0
347,notes,85.8,227,118,32,0
348,cared,85.8,247,119,41,0
349,stade,85.8,219,107,39,0
350,paten,85.8,208,126,38,0
351,ureas,85.8,182,107,25,0
352,manse,85.9,237,110,42,0
353,afire,85.9,211,104,36,0
354,tsade,85.9,219,106,35,0
355,mitre,86,248,129,40,1
356,tawie,86,198,100,42,0
357,table,86.1,217,126,41,1
358,steal,86.2,227,123,29,1
359,laree,86.2,274,108,49,0
360,satem,86.2,231,117,42,0
361,yeast,86.3,220,98,34,1
362,haste,86.4,232,120,38,1
363,lager,86.4,228,127,33,1
364,outre,86.4,220,120,35,0
365,elans,86.4,240,114,28,0
366,redia,86.4,185,120,27,0
367,lyase,86.5,229,110,35,0
368,reams,86.5,233,112,30,0
369,trave,86.5,261,111,39,0
370,trios,86.7,255,118,31,0
371,coset,86.7,224,119,41,0
372,close,86.8,214,118,39,1
373,plane,86.8,249,128,41,1
374,trois,86.9,255,123,31,1
375,cairn,86.9,246,129,41,1
376,leapt,86.9,211,124,35,0
377,lutea,86.9,196,120,31,0
378,braes,86.9,242,116,39,0
379,zaire,87,207,88,43,1
380,meant,87.1,239,118,39,1
381,cadet,87.2,210,115,42,1
382,baser,87.2,242,118,35,0
383,tolas,87.2,235,121,30,0
384,enrol,87.3,190,107,24,1
385,lenos,87.3,217,111,28,0
386,great,87.4,220,121,32,1
387,alder,87.4,227,125,30,1
388,tonal,87.4,235,127,33,1
389,escar,87.4,200,104,20,0
390,roils,87.4,212,108,34,0
391,pears,87.5,239,132,34,0
392,triac,87.5,240,113,31,0
393,hoise,87.5,237,110,43,0
394,noria,87.6,249,113,30,0
395,retag,87.6,220,104,26,0
396,salon,87.7,260,120,39,1
397,inlet,87.7,223,112,29,1
398,flare,87.7,244,122,40,1
399,santo,87.7,264,120,39,1
400,gears,87.7,233,117,32,0
401,carts,87.8,256,120,34,0
402,tails,87.8,289,127,36,0
403,safer,87.9,246,108,41,1
404,taker,87.9,234,103,33,1
405,loans,87.9,260,113,36,0
406,tames,87.9,231,113,35,0
407,thole,87.9,214,113,38,0
408,ranee,88.1,276,107,48,0
409,istle,88.1,246,106,30,0
410,saint,88.2,296,136,46,1
411,tried,88.2,254,133,39,1
412,chare,88.2,240,136,40,0
413,toyer,88.2,226,108,33,0
414,conte,88.3,233,132,44,1
415,lotas,88.3,235,115,29,0
416,coral,88.4,222,127,34,1
417,paseo,88.4,187,116,34,1
418,hates,88.4,232,112,33,0
419,acnes,88.4,212,103,28,0
420,tiros,88.4,255,117,30,0
421,smear,88.5,233,112,33,1
422,sired,88.5,256,120,43,0
423,rices,88.5,231,116,28,0
424,neist,88.5,250,121,36,0
425,cleat,88.7,256,130,34,0
426,tines,88.7,250,124,33,0
427,crape,88.7,253,132,41,0
428,merit,88.8,248,120,35,1
429,tired,89,254,127,36,0
430,mates,89,231,111,34,0
431,claro,89,222,123,32,0
432,tolan,89,235,122,32,0
433,blate,89,217,122,41,0
434,ulnae,89,201,104,38,0
435,relay,89.1,192,127,33,1
436,prone,89.1,262,118,41,1
437,riots,89.1,255,114,30,0
438,dales,89.1,248,113,35,0
439,arete,89.1,266,115,41,0
440,sarod,89.1,253,110,40,0
441,tarre,89.1,266,112,45,0
442,islet,89.3,246,106,28,0
443,apres,89.3,239,123,30,0
444,recti,89.4,234,98,23,0
445,shoer,89.4,232,121,39,0
446,panel,89.5,249,124,39,1
447,slice,89.5,272,131,45,1
448,morse,89.5,256,124,41,1
449,lines,89.5,234,124,31,0
450,fares,89.5,246,113,37,0
451,reman,89.5,218,121,27,0
452,baler,89.5,244,129,37,0
453,rotis,89.5,255,118,29,0
454,torsi,89.5,255,112,30,0
455,early,89.6,194,120,35,1
456,paste,89.6,242,127,40,1
457,crest,89.7,248,126,34,1
458,leash,89.7,216,122,34,1
459,gates,89.7,230,112,34,0
460,clone,89.8,234,120,41,1
461,baste,89.8,235,114,41,0
462,slant,89.9,290,132,39,1
463,coles,89.9,214,120,36,0
464,roues,89.9,217,108,33,0
465,bears,90,242,112,35,0
466,cotes,90,224,121,37,0
467,reaps,90,239,113,29,0
468,shier,90,242,121,40,0
469,lased,90,248,116,34,0
470,carns,90.1,251,110,37,0
471,minae,90.1,202,118,41,0
472,tawer,90.1,243,110,33,0
473,grace,90.2,245,116,40,1
474,soave,90.2,199,99,48,0
475,lades,90.3,248,114,32,0
476,amole,90.3,204,109,35,0
477,sauce,90.4,240,118,48,1
478,tribe,90.4,268,121,39,1
479,rheas,90.4,208,107,24,0
480,rotls,90.5,215,100,29,0
481,psoae,90.6,198,103,37,0
482,prose,90.7,255,124,40,1
483,aides,90.8,207,110,31,0
484,hairs,90.8,240,108,35,0
485,senti,90.8,250,116,36,0
486,yores,90.8,212,92,33,0
487,water,90.9,243,113,33,1
488,sieur,90.9,228,113,37,0
489,raced,91,247,117,34,0
490,redan,91,228,130,28,0
491,carls,91,237,113,35,0
492,solan,91,260,116,40,0
493,oread,91,192,116,26,0
494,heals,91.1,216,113,32,0
495,satin,91.2,296,133,40,1
496,manes,91.2,237,103,35,0
497,repot,91.2,250,116,30,0
498,tardo,91.2,253,113,31,0
499,actor,91.3,227,116,24,1
500,spore,91.3,255,122,40,1
501,hires,91.3,242,116,32,0
502,boite,91.3,216,113,46,0
503,cause,91.4,240,113,43,1
504,aside,91.4,207,102,33,1
505,tapes,91.4,242,123,34,0
506,prise,91.4,269,125,41,0
507,satyr,91.4,267,102,38,0
508,hared,91.4,246,113,37,0
509,hoars,91.4,227,110,35,0
510,tapir,91.5,266,120,34,0
511,noels,91.5,250,101,29,0
512,lenis,91.5,234,116,28,0
513,delta,91.6,207,113,27,1
514,lapse,91.6,256,134,39,1
515,neath,91.6,229,114,32,1
516,spear,91.7,239,122,33,1
517,heirs,91.7,242,109,33,0
518,salep,91.7,256,128,42,0
519,tabes,91.7,235,109,34,0
520,relic,91.8,215,102,24,1
521,morel,91.8,235,116,37,0
522,notal,91.8,235,118,29,0
523,coast,91.9,269,117,41,1
524,gorse,92,266,115,41,0
525,saker,92,261,97,40,0
526,tuner,92.1,234,118,33,1
527,laden,92.1,253,121,35,1
528,spate,92.1,242,128,42,0
529,selah,92.1,216,119,38,0
530,horal,92.1,208,113,30,0
531,onset,92.2,227,112,28,1
532,drone,92.2,274,128,40,1
533,toper,92.2,250,118,33,0
534,meats,92.3,231,116,34,0
535,tains,92.3,296,123,37,0
536,trues,92.3,270,121,35,0
537,boart,92.3,261,117,42,0
538,urial,92.3,205,104,30,0
539,pates,92.4,242,127,36,0
540,hotel,92.5,239,112,34,1
541,torah,92.5,239,127,34,1
542,sable,92.5,262,121,46,1
543,teams,92.5,231,115,32,0
544,louse,92.5,232,110,40,0
545,touse,92.5,236,120,41,0
546,sawer,92.5,264,105,40,0
547,nurse,92.6,245,113,35,1
548,cedar,92.6,247,122,35,1
549,dries,92.6,256,122,36,1
550,cager,92.6,245,111,37,0
551,males,92.7,251,110,34,0
552,bates,92.7,235,109,36,0
553,feria,92.7,199,109,32,0
554,sware,92.7,264,118,41,0
555,scart,92.9,256,123,35,1
556,spire,92.9,269,124,42,1
557,amine,92.9,202,112,36,1
558,inure,92.9,213,103,32,0
559,brace,93,258,125,42,1
560,altos,93,235,120,25,0
561,alist,93,289,130,33,0
562,heros,93.1,232,110,27,0
563,caper,93.1,253,122,36,0
564,noirs,93.1,263,107,34,0
565,coria,93.1,258,119,35,0
566,hayer,93.1,205,104,31,0
567,etnas,93.1,245,102,21,0
568,nites,93.2,250,120,28,0
569,slain,93.3,292,128,39,1
570,aglet,93.3,211,106,31,0
571,remit,93.4,248,115,31,1
572,cline,93.4,268,125,42,1
573,iotas,93.4,229,101,27,0
574,gator,93.5,255,113,33,1
575,snort,93.5,274,118,36,1
576,presa,93.5,239,127,31,0
577,raphe,93.5,253,107,36,0
578,lames,93.5,251,106,33,0
579,tirls,93.5,238,111,30,0
580,birle,93.5,252,123,42,0
581,anode,93.6,211,110,33,1
582,farce,93.6,260,122,44,1
583,paeon,93.6,224,111,35,0
584,spale,93.6,256,135,41,0
585,syren,93.7,233,99,38,0
586,amies,93.7,201,107,31,0
587,latke,93.7,228,106,38,0
588,yeans,93.7,229,92,31,0
589,sedan,93.8,240,117,38,1
590,panes,93.8,252,112,37,0
591,rouen,93.8,239,117,36,0
592,slyer,93.8,239,98,36,0
593,scone,93.9,232,110,41,0
594,asper,93.9,239,111,24,0
595,parol,93.9,244,120,35,0
596,arced,93.9,247,115,33,0
597,reach,94,240,128,33,1
598,peril,94,245,121,33,1
599,wares,94,264,113,36,0
600,narco,94,252,117,30,0
601,naric,94,246,104,28,0
602,entia,94,241,117,21,0
603,stage,94.1,230,108,39,1
604,opera,94.1,183,103,20,1
605,outer,94.1,220,116,27,1
606,eater,94.1,266,109,33,1
607,poise,94.1,248,121,45,0
608,doter,94.1,267,125,34,0
609,truce,94.2,274,126,40,1
610,darts,94.2,272,100,32,0
611,naled,94.2,253,116,34,0
612,toled,94.2,228,112,36,0
613,deans,94.3,240,116,33,0
614,hilar,94.3,222,107,29,0
615,hosel,94.3,225,107,33,0
616,since,94.4,273,126,45,1
617,tepal,94.4,211,125,28,0
618,their,94.5,247,119,32,1
619,curie,94.5,243,114,42,1
620,deals,94.5,248,119,33,0
621,sapor,94.5,270,120,39,0
622,fears,94.6,246,110,34,0
623,heats,94.6,232,120,33,0
624,pacer,94.6,253,117,34,0
625,sewar,94.6,264,108,39,0
626,padre,94.7,278,121,42,1
627,laird,94.7,241,118,37,1
628,honer,94.7,234,117,34,0
629,ailed,94.7,212,125,33,0
630,pilea,94.7,215,119,33,0
631,heron,94.8,234,121,29,1
632,triad,94.8,248,125,33,1
633,sabir,94.8,252,114,41,0
634,anime,94.9,202,118,35,1
635,beast,94.9,235,113,39,1
636,coats,94.9,269,111,38,0
637,pales,94.9,256,127,36,0
638,birse,94.9,264,119,41,0
639,anted,94.9,209,114,28,0
640,narcs,94.9,251,101,30,0
641,names,95,237,98,31,0
642,poler,95,249,109,36,0
643,coati,95,212,99,36,0
644,olein,95.1,246,105,27,0
645,lures,95.2,245,112,32,0
646,gales,95.2,251,116,35,0
647,noris,95.2,263,109,29,0
648,rakes,95.3,261,91,31,0
649,artsy,95.3,267,105,38,0
650,utile,95.3,247,107,34,0
651,cased,95.4,244,105,37,0
652,laker,95.4,250,96,31,0
653,brose,95.4,269,116,40,0
654,acred,95.4,247,104,31,0
655,forte,95.5,277,115,42,1
656,means,95.5,237,104,35,0
657,toils,95.5,284,114,35,0
658,pareu,95.5,219,98,36,0
659,stoai,95.5,229,95,29,0
660,regal,95.6,228,122,26,1
661,eyras,95.6,195,99,20,0
662,helot,95.6,244,108,31,0
663,recon,95.7,238,116,26,1
664,soled,95.7,247,108,43,0
665,drail,95.7,241,121,34,0
666,snail,95.8,292,125,36,1
667,cades,95.8,244,105,36,0
668,macer,95.8,250,120,32,0
669,airth,95.8,250,113,31,0
670,metro,95.9,251,130,29,1
671,saver,95.9,278,107,41,1
672,orcas,95.9,227,100,23,0
673,lepta,95.9,211,120,26,0
674,timer,96,248,123,31,1
675,leads,96,248,113,30,0
676,horas,96,227,110,29,0
677,rosed,96,264,112,33,0
678,petal,96.1,211,126,30,1
679,tyres,96.1,248,97,29,0
680,mires,96.1,252,117,33,0
681,erase,96.2,285,106,39,1
682,haute,96.2,227,111,40,1
683,raids,96.2,240,109,32,0
684,harem,96.2,248,112,35,0
685,racon,96.2,252,125,28,0
686,metal,96.3,230,120,29,1
687,nicer,96.3,237,111,27,1
688,inset,96.3,250,112,28,1
689,tilde,96.3,268,113,37,0
690,roble,96.3,268,114,39,0
691,pries,96.3,269,123,38,0
692,reata,96.3,266,101,34,0
693,waler,96.3,252,112,34,0
694,riley,96.4,199,117,37,1
695,meals,96.4,251,116,34,0
696,trike,96.4,271,111,39,0
697,mairs,96.4,252,108,37,0
698,tawse,96.4,258,110,40,0
699,holes,96.5,225,107,32,0
700,nails,96.5,292,113,33,0
701,ashen,96.5,219,91,24,0
702,cruet,96.5,274,125,41,0
703,banes,96.5,248,108,37,0
704,herls,96.5,235,99,28,0
705,telic,96.6,251,104,27,0
706,doser,96.6,264,116,33,0
707,troke,96.6,265,105,38,0
708,heard,96.7,246,119,33,1
709,brine,96.7,266,120,41,1
710,miter,96.7,248,120,30,0
711,tache,96.7,235,108,38,0
712,abler,96.7,244,104,26,0
713,blear,96.7,244,123,32,0
714,borne,96.8,275,121,45,1
715,roads,96.8,253,104,32,0
716,pores,96.8,255,120,37,0
717,hoers,96.8,232,109,31,0
718,acute,96.9,223,99,34,1
719,enact,96.9,281,118,29,1
720,tabor,96.9,261,121,32,1
721,mores,96.9,256,114,35,0
722,simar,96.9,252,105,37,0
723,aport,96.9,250,112,29,0
724,trays,97,267,100,28,0
725,elate,97,258,105,39,0
726,groat,97.1,255,117,34,0
727,peats,97.1,242,130,34,0
728,after,97.2,232,96,26,1
729,tease,97.2,286,106,44,1
730,liens,97.2,250,119,29,0
731,coals,97.2,283,115,38,0
732,plier,97.2,245,115,37,0
733,loper,97.2,249,108,31,0
734,drats,97.2,272,107,31,0
735,herns,97.3,250,104,30,0
736,dance,97.4,265,116,42,1
737,clean,97.4,252,124,31,1
738,elint,97.4,292,117,31,0
739,lunet,97.4,237,119,37,0
740,motel,97.5,238,118,35,1
741,polar,97.5,244,110,35,1
742,taupe,97.5,227,107,40,1
743,celts,97.5,267,110,32,0
744,ovate,97.5,193,90,34,0
745,madre,97.6,285,118,41,1
746,taken,97.7,227,97,35,1
747,rules,97.7,245,107,30,0
748,ceils,97.7,272,118,37,0
749,beats,97.8,235,107,35,0
750,napes,97.8,252,107,30,0
751,regna,97.8,240,117,29,0
752,nitro,97.9,281,111,24,1
753,rainy,97.9,229,109,42,1
754,sepia,97.9,210,107,37,1
755,shone,97.9,240,116,42,1
756,beano,97.9,222,101,36,0
757,alecs,97.9,260,118,26,0
758,caber,98,258,119,36,0
759,apers,98,239,118,23,0
760,blase,98.1,262,122,40,0
761,liard,98.1,241,120,33,0
762,usnea,98.1,197,88,25,0
763,daces,98.1,244,99,33,0
764,lyart,98.1,237,105,30,0
765,anger,98.3,240,118,26,1
766,cruel,98.3,262,110,38,1
767,drape,98.3,278,118,38,0
768,lithe,98.3,264,112,35,0
769,eclat,98.3,274,111,24,0
770,darns,98.3,269,101,34,0
771,valet,98.4,250,111,39,1
772,agile,98.4,221,111,35,1
773,vitae,98.4,222,101,38,1
774,cones,98.4,258,125,37,0
775,gores,98.4,266,112,35,0
776,menta,98.4,239,118,29,0
777,sadhe,98.4,256,105,44,0
778,telae,98.4,258,112,42,0
779,stain,98.5,296,124,34,1
780,cites,98.5,280,115,34,0
781,rosin,98.5,263,121,29,0
782,yenta,98.5,250,102,26,0
783,dorsa,98.5,253,104,31,0
784,runes,98.6,245,115,31,0
785,hance,98.6,248,120,41,0
786,scena,98.6,259,106,30,0
787,ornis,98.6,263,107,27,0
788,tacos,98.7,269,107,29,0
789,litas,98.7,289,114,25,0
790,coirs,98.7,281,111,38,0
791,harls,98.7,239,100,30,0
792,write,98.8,287,115,40,1
793,pairs,98.8,276,115,38,0
794,ulnar,98.8,220,96,29,0
795,sonde,98.8,260,119,46,0
796,false,98.9,272,117,42,1
797,waste,99,258,108,38,1
798,cruse,99,283,119,40,0
799,agers,99,233,102,22,0
800,lunar,99.1,220,104,30,1
801,rides,99.1,256,117,29,0
802,steno,99.1,281,106,30,0
803,pieta,99.1,233,107,30,0
804,getas,99.1,230,107,28,0
805,wrote,99.2,285,112,39,1
806,poser,99.2,255,118,35,1
807,pared,99.2,278,113,40,0
808,shiel,99.2,277,118,42,0
809,dotes,99.2,249,110,33,0
810,resod,99.3,264,106,27,0
811,wears,99.4,264,112,32,0
812,spier,99.4,269,124,38,0
813,drest,99.4,281,112,31,0
814,ultra,99.5,228,100,24,1
815,bales,99.5,262,119,37,0
816,almes,99.5,251,108,29,0
817,bries,99.5,264,115,38,0
818,peans,99.5,252,121,35,0
819,resid,99.6,256,110,27,1
820,feral,99.6,244,115,31,1
821,shote,99.6,257,121,42,0
822,lyres,99.6,239,94,27,0
823,suite,99.7,276,130,46,1
824,sober,99.7,269,106,41,1
825,ropes,99.7,255,113,31,0
826,siree,99.7,315,108,53,0
827,curet,99.7,274,127,41,0
828,acorn,99.9,252,115,26,1
829,peris,99.9,269,118,31,0
830,tiger,100,270,118,31,1
831,merls,100,256,102,30,0
832,those,100.1,257,123,38,1
833,toric,100.1,302,109,30,1
834,terms,100.1,278,109,29,0
835,irons,100.1,263,100,27,0
836,raves,100.1,278,103,31,0
837,smote,100.1,259,109,40,0
838,clade,100.1,275,118,39,0
839,deary,100.1,242,117,39,0
840,frena,100.1,241,107,31,0
841,ileac,100.1,235,97,22,0
842,tepas,100.1,242,122,27,0
843,rimes,100.2,252,105,28,0
844,rater,100.2,266,100,34,0
845,pleat,100.2,257,130,32,0
846,septa,100.2,242,120,36,0
847,loath,100.2,284,112,36,0
848,eloin,100.2,309,112,29,0
849,radio,100.3,186,116,29,1
850,miler,100.3,230,117,31,0
851,peals,100.3,256,131,35,0
852,nabes,100.3,248,98,30,0
853,penal,100.4,249,118,32,1
854,mahoe,100.4,233,92,39,0
855,parge,100.4,280,115,40,0
856,mensa,100.5,237,110,30,0
857,doers,100.5,264,104,32,0
858,riled,100.5,241,128,31,0
859,setae,100.5,286,108,48,0
860,helio,100.6,232,97,27,0
861,slide,100.7,297,112,43,1
862,monte,100.7,250,128,41,1
863,miser,100.7,252,118,30,0
864,redos,100.7,264,105,25,0
865,raven,100.8,269,114,33,1
866,fates,100.8,253,107,35,0
867,thine,100.9,275,124,39,1
868,cento,100.9,270,118,33,0
869,sural,100.9,239,113,35,0
870,moste,100.9,259,117,39,0
871,enate,100.9,260,97,37,0
872,barye,100.9,251,105,41,0
873,lehrs,100.9,235,89,24,0
874,other,101,245,96,21,1
875,trend,101,262,115,29,1
876,lucre,101,262,110,35,0
877,amort,101,263,113,29,0
878,airer,101,224,90,35,0
879,sharn,101,258,113,36,0
880,comae,101,240,109,43,0
881,aegis,101.1,218,105,28,1
882,toney,101.1,283,116,43,0
883,agone,101.1,226,102,35,0
884,aiver,101.1,215,106,29,0
885,alate,101.2,258,103,40,0
886,takes,101.3,254,93,33,0
887,rayed,101.3,242,108,33,0
888,lards,101.3,258,98,28,0
889,praos,101.3,270,119,33,0
890,stein,101.4,281,121,31,1
891,tiled,101.4,268,120,33,0
892,tater,101.4,266,110,36,0
893,caned,101.4,265,112,40,0
894,roams,101.4,270,107,33,0
895,molar,101.5,257,117,33,1
896,auris,101.5,232,109,28,0
897,ither,101.5,247,91,20,0
898,aryls,101.5,250,95,26,0
899,payer,101.6,242,111,33,1
900,ravel,101.6,269,115,33,1
901,cages,101.6,246,102,37,0
902,crime,101.7,289,119,41,1
903,skate,101.7,254,102,41,1
904,recap,101.7,253,108,24,1
905,naive,101.7,245,105,40,1
906,cameo,101.7,211,112,36,1
907,yarns,101.7,257,89,31,0
908,treys,101.7,248,94,24,0
909,aloin,101.7,276,121,30,0
910,paris,101.8,276,117,33,1
911,sidle,101.8,297,117,44,0
912,sucre,101.9,283,118,42,1
913,hated,101.9,244,109,34,0
914,boars,101.9,262,106,38,0
915,biter,101.9,268,116,33,0
916,doles,101.9,247,109,33,0
917,deist,101.9,291,115,37,0
918,argot,101.9,255,119,31,0
919,fanes,101.9,258,101,36,0
920,manor,102,279,122,33,1
921,marge,102,280,115,39,1
922,slime,102,290,112,43,1
923,trove,102,294,98,37,1
924,acted,102,210,100,28,0
925,nadir,102,257,117,31,0
926,laver,102,269,116,32,0
927,frise,102,284,116,40,0
928,amice,102,222,104,36,0
929,drain,102.1,257,127,34,1
930,grail,102.1,264,115,34,1
931,cents,102.1,272,109,33,0
932,beans,102.1,248,104,35,0
933,glair,102.1,264,111,35,0
934,price,102.2,296,121,42,1
935,curse,102.2,283,122,40,1
936,betas,102.2,235,106,30,0
937,trash,102.3,295,124,34,1
938,carve,102.3,297,119,42,1
939,leaps,102.3,256,117,30,0
940,bores,102.3,269,114,37,0
941,taxer,102.3,265,90,33,0
942,towie,102.3,230,92,41,0
943,alike,102.4,230,107,37,1
944,sited,102.4,291,116,40,0
945,uteri,102.4,225,91,18,0
946,cames,102.4,256,104,36,0
947,royal,102.5,221,113,27,1
948,avert,102.5,261,101,27,1
949,brant,102.6,287,117,36,1
950,pilar,102.6,248,117,31,0
951,haets,102.6,284,112,31,0
952,slope,102.7,259,114,41,1
953,harts,102.7,295,115,30,0
954,cripe,102.7,296,115,40,0
955,unlet,102.7,237,106,29,0
956,lease,102.8,306,107,43,1
957,feast,102.8,253,119,38,1
958,grant,102.9,289,120,34,1
959,moral,102.9,257,116,31,1
960,unite,102.9,246,106,34,1
961,cines,102.9,273,117,35,0
962,lodes,102.9,247,112,32,0
963,swear,103,264,107,33,1
964,largo,103,248,114,28,1
965,rares,103,285,96,37,0
966,barde,103,295,114,41,0
967,doats,103,288,102,35,0
968,eaten,103.1,260,105,35,1
969,rayon,103.1,247,111,27,1
970,stead,103.1,243,108,29,1
971,leman,103.1,241,112,28,0
972,speir,103.1,269,117,35,0
973,older,103.2,255,108,27,1
974,goers,103.2,266,104,32,0
975,helos,103.2,239,99,25,0
976,tarok,103.2,271,111,34,0
977,cream,103.3,250,115,30,1
978,shine,103.3,285,120,43,1
979,terra,103.3,266,103,32,1
980,lacey,103.4,242,113,39,1
981,repos,103.4,255,106,25,0
982,ament,103.4,270,109,27,0
983,worse,103.5,287,114,41,1
984,taped,103.5,248,110,35,0
985,toads,103.5,288,101,34,0
986,marts,103.5,302,108,31,0
987,gayer,103.5,240,101,32,0
988,sepal,103.5,256,126,35,0
989,aroid,103.5,280,125,31,0
990,krone,103.6,280,95,38,1
991,resaw,103.6,264,101,24,0
992,ready,103.7,242,107,36,1
993,raped,103.7,278,111,33,0
994,macle,103.7,279,120,39,0
995,proas,103.7,270,112,31,0
996,retie,103.7,314,105,41,0
997,laced,103.8,275,111,34,0
998,trams,103.8,302,107,30,0
999,canst,103.8,332,118,39,0
1000,yager,103.8,240,96,31,0
1001,bairn,103.8,262,117,40,0
1002,oorie,103.8,247,76,42,0
1003,sheal,103.8,271,119,31,0
1004,tomes,103.9,259,113,33,0
1005,neaps,103.9,252,101,28,0
1006,ripes,103.9,269,115,28,0
1007,grade,104,285,115,38,1
1008,eosin,104,318,113,29,0
1009,nards,104,269,92,26,0
1010,enols,104.1,281,98,23,0
1011,nemas,104.1,237,97,24,0
1012,ocean,104.2,231,100,20,1
1013,argue,104.2,241,121,37,1
1014,miner,104.2,249,116,32,1
1015,smile,104.3,290,110,41,1
1016,crave,104.3,297,108,40,1
1017,canto,104.3,292,120,33,1
1018,chore,104.3,294,121,39,1
1019,ripen,104.3,261,112,30,0
1020,cesti,104.3,280,96,29,0
1021,moira,104.4,288,121,36,1
1022,toned,104.4,266,118,37,0
1023,smite,104.4,293,113,42,0
1024,untie,104.4,246,110,33,0
1025,motes,104.4,259,114,33,0
1026,goral,104.4,248,120,32,0
1027,grape,104.5,280,113,37,1
1028,sutra,104.5,268,112,34,1
1029,abort,104.5,261,105,28,1
1030,lidar,104.5,241,119,28,0
1031,botel,104.5,246,111,38,0
1032,monie,104.5,273,120,43,0
1033,place,104.6,286,128,40,1
1034,swore,104.6,287,105,40,1
1035,robes,104.6,269,106,31,0
1036,tragi,104.6,270,101,29,0
1037,blite,104.6,289,114,40,0
1038,smart,104.7,302,116,35,1
1039,camel,104.7,279,115,38,1
1040,brail,104.7,263,114,36,0
1041,fetor,104.7,277,110,32,0
1042,shade,104.8,256,106,41,1
1043,clast,104.8,327,122,35,0
1044,maces,104.8,256,100,32,0
1045,intro,105,281,103,19,1
1046,latte,105,258,111,41,1
1047,oldie,105,223,107,35,0
1048,pated,105,248,111,37,0
1049,sheol,105,279,110,34,0
1050,toker,105,265,96,32,0
1051,topes,105,259,112,33,0
1052,costa,105.1,269,110,31,1
1053,moles,105.1,256,108,33,0
1054,hades,105.1,256,98,32,0
1055,salve,105.1,298,115,45,0
1056,crake,105.1,284,122,41,0
1057,hones,105.1,271,109,33,0
1058,caird,105.1,288,119,40,0
1059,velar,105.1,269,120,30,0
1060,atrip,105.1,266,104,24,0
1061,rugae,105.1,235,112,37,0
1062,labor,105.2,269,122,30,1
1063,raser,105.2,285,94,32,0
1064,moras,105.2,270,114,30,0
1065,marls,105.2,274,99,31,0
1066,terne,105.2,320,118,44,0
1067,teach,105.3,244,129,35,1
1068,aspen,105.3,252,103,26,1
1069,rands,105.3,269,103,27,0
1070,cried,105.4,289,122,40,1
1071,stray,105.4,267,108,37,1
1072,hosen,105.4,271,112,33,0
1073,argol,105.4,248,118,30,0
1074,talcs,105.4,327,107,32,0
1075,angle,105.5,261,118,33,1
1076,facer,105.5,260,111,34,0
1077,sofar,105.5,265,99,40,0
1078,repin,105.5,261,113,27,0
1079,tahrs,105.5,295,99,30,0
1080,chase,105.6,251,120,39,1
1081,ribes,105.6,264,112,28,0
1082,asker,105.7,261,83,22,1
1083,rewan,105.7,258,104,26,0
1084,diner,105.8,269,131,31,1
1085,serif,105.8,284,104,37,1
1086,korat,105.8,271,101,34,0
1087,canso,105.8,303,113,34,0
1088,haled,105.8,266,109,35,0
1089,feats,105.9,253,112,34,0
1090,capes,105.9,266,116,36,0
1091,coyer,105.9,261,105,34,0
1092,nerds,106,270,97,24,0
1093,tamed,106,253,114,36,0
1094,ranid,106,257,130,32,0
1095,colas,106.1,283,118,31,0
1096,datos,106.2,288,102,29,0
1097,swale,106.2,281,117,41,0
1098,slake,106.2,279,119,42,0
1099,anils,106.2,292,111,26,0
1100,style,106.3,273,98,36,1
1101,brent,106.3,276,113,34,1
1102,glace,106.3,271,111,39,0
1103,plena,106.3,249,116,29,0
1104,stied,106.3,291,112,38,0
1105,tules,106.4,293,114,32,0
1106,recut,106.5,274,106,27,0
1107,fores,106.5,270,102,36,0
1108,torcs,106.5,308,114,32,0
1109,stake,106.6,254,106,39,1
1110,poles,106.6,259,112,35,0
1111,tides,106.6,291,110,31,0
1112,cuter,106.6,274,119,33,0
1113,oaken,106.6,214,86,31,0
1114,laith,106.7,324,111,36,0
1115,heils,106.7,277,104,32,0
1116,space,106.8,266,124,42,1
1117,parts,106.8,318,115,32,0
1118,valse,106.8,298,113,40,0
1119,kanes,106.8,273,91,33,0
1120,krait,106.8,282,107,33,0
1121,erose,106.8,309,94,38,0
1122,laics,106.8,331,114,35,0
1123,twaes,106.8,258,111,34,0
1124,dinar,106.9,257,123,31,1
1125,laity,106.9,303,110,41,0
1126,salic,106.9,331,109,37,0
1127,strep,107,300,112,35,1
1128,doest,107,295,107,35,0
1129,rends,107,270,106,25,0
1130,brain,107.1,262,113,35,1
1131,pager,107.1,280,109,35,1
1132,tarps,107.1,318,113,30,0
1133,tyers,107.1,248,98,23,0
1134,deray,107.1,242,113,35,0
1135,radon,107.2,272,124,29,1
1136,cants,107.2,332,109,34,0
1137,stope,107.2,259,110,37,0
1138,relet,107.2,293,110,38,0
1139,ousel,107.2,239,100,28,0
1140,death,107.3,244,109,33,1
1141,euros,107.4,241,102,24,0
1142,oaves,107.4,214,89,30,0
1143,halos,107.5,281,100,27,0
1144,froes,107.5,270,103,36,0
1145,oyers,107.5,225,82,19,0
1146,facet,107.6,240,112,39,1
1147,cains,107.6,322,114,38,0
1148,gerah,107.6,257,113,31,0
1149,tical,107.7,308,111,27,0
1150,liger,107.7,253,124,28,0
1151,leach,107.8,254,123,33,1
1152,lopes,107.8,259,111,31,0
1153,stime,107.8,293,106,40,0
1154,stave,107.9,277,101,38,0
1155,loins,107.9,317,112,34,0
1156,novae,107.9,221,100,39,0
1157,ergot,107.9,268,110,29,0
1158,herma,107.9,248,116,26,0
1159,dites,107.9,291,112,30,0
1160,rifle,108,271,110,35,1
1161,droit,108,327,120,34,1
1162,paces,108,266,113,34,0
1163,bleat,108,277,122,32,0
1164,wanes,108,277,100,34,0
1165,gaper,108,280,111,33,0
1166,ragis,108,269,112,28,0
1167,tetra,108.1,266,106,31,1
1168,mated,108.1,253,111,35,0
1169,ostia,108.1,250,95,18,0
1170,kales,108.1,279,94,32,0
1171,bathe,108.2,256,100,40,1
1172,piers,108.2,269,115,30,0
1173,ables,108.2,262,99,26,0
1174,faros,108.2,265,103,32,0
1175,lotah,108.2,284,107,30,0
1176,razes,108.3,278,79,31,0
1177,horde,108.4,309,111,38,1
1178,savor,108.4,292,107,39,1
1179,cures,108.4,283,120,35,0
1180,rears,108.4,285,90,33,0
1181,oleic,108.4,250,92,22,0
1182,loges,108.4,262,109,32,0
1183,rajes,108.4,280,75,31,0
1184,raxes,108.4,282,83,31,0
1185,snake,108.5,273,104,40,1
1186,genoa,108.5,216,105,30,1
1187,sault,108.5,339,128,43,1
1188,ogres,108.5,266,91,25,0
1189,antis,108.5,296,119,22,0
1190,slipe,108.5,315,122,43,0
1191,teaks,108.5,254,105,32,0
1192,cable,108.6,290,122,42,1
1193,pause,108.6,257,120,42,1
1194,fries,108.6,284,115,37,1
1195,liber,108.6,252,113,28,0
1196,cored,108.6,308,116,39,0
1197,bared,108.6,295,116,40,0
1198,eland,108.6,282,116,28,0
1199,algor,108.6,248,122,27,0
1200,genro,108.6,289,111,30,0
1201,kiter,108.6,271,97,28,0
1202,noted,108.7,266,110,33,0
1203,fairs,108.7,278,105,38,0
1204,idler,108.7,241,100,22,0
1205,bolar,108.7,269,115,35,0
1206,azote,108.7,238,73,34,0
1207,shorl,108.7,252,97,35,0
1208,traik,108.7,282,111,33,0
1209,arena,108.8,276,99,32,1
1210,laxer,108.8,269,91,31,0
1211,slave,108.9,298,113,42,1
1212,matey,108.9,246,107,40,0
1213,boras,108.9,262,110,32,0
1214,lakes,109,279,90,31,0
1215,brats,109,298,102,33,0
1216,areal,109,274,103,30,0
1217,prest,109,300,131,33,0
1218,noils,109,317,103,32,0
1219,raged,109.1,285,113,34,0
1220,rases,109.1,285,93,32,0
1221,roily,109.1,255,108,40,0
1222,alive,109.2,253,112,36,1
1223,cutie,109.2,276,113,41,1
1224,ideas,109.2,225,87,17,0
1225,loads,109.2,300,101,32,0
1226,shoal,109.2,281,105,34,0
1227,amirs,109.2,252,105,26,0
1228,angel,109.3,261,121,27,1
1229,voile,109.3,252,106,43,0
1230,lutes,109.3,293,116,29,0
1231,lobar,109.3,269,117,31,0
1232,culet,109.3,281,116,39,0
1233,onery,109.3,240,97,28,0
1234,wales,109.4,281,105,34,0
1235,riyal,109.4,232,115,24,0
1236,prats,109.4,318,119,32,0
1237,grain,109.5,273,118,34,1
1238,boast,109.5,300,103,41,1
1239,tunes,109.5,286,115,33,0
1240,redon,109.5,274,124,27,0
1241,rente,109.5,320,108,40,0
1242,biers,109.5,264,108,31,0
1243,ogler,109.5,253,88,22,0
1244,frame,109.6,293,106,40,1
1245,barge,109.6,296,115,41,1
1246,areas,109.6,285,94,29,0
1247,torte,109.6,309,112,43,0
1248,tynes,109.6,262,94,28,0
1249,gated,109.7,253,99,36,0
1250,vanes,109.7,288,97,34,0
1251,refit,109.7,284,107,30,0
1252,arses,109.7,285,90,33,0
1253,alane,109.7,300,106,40,0
1254,spile,109.7,315,120,41,0
1255,yetis,109.7,257,89,25,0
1256,shame,109.8,265,109,41,1
1257,scape,109.8,266,115,39,0
1258,troak,109.8,271,106,31,0
1259,lunes,109.9,281,108,31,0
1260,baron,110,284,122,34,1
1261,ascot,110,269,96,23,1
1262,armed,110,285,114,34,0
1263,sears,110,285,91,39,0
1264,traps,110,318,115,29,0
1265,heist,110,308,124,37,0
1266,hoary,110,258,106,41,0
1267,sprat,110,318,122,35,0
1268,reran,110,276,100,30,0
1269,cotan,110,292,125,34,0
1270,nosey,110.1,276,100,38,0
1271,volte,110.1,268,104,39,0
1272,fetas,110.1,253,109,29,0
1273,keirs,110.1,285,94,31,0
1274,barns,110.2,292,101,35,0
1275,hairy,110.3,258,102,41,1
1276,leone,110.3,317,91,44,1
1277,trite,110.3,314,108,42,0
1278,snide,110.3,305,113,40,0
1279,deash,110.3,256,104,34,0
1280,tower,110.4,285,107,32,1
1281,treat,110.4,266,114,34,1
1282,legit,110.4,285,105,32,1
1283,agent,110.5,267,103,27,1
1284,gamer,110.5,280,109,34,1
1285,scant,110.5,332,116,35,1
1286,loden,110.5,271,121,34,0
1287,dotal,110.5,282,112,30,0
1288,spite,110.6,322,119,42,1
1289,easel,110.6,306,101,34,1
1290,goats,110.6,305,101,35,0
1291,boral,110.6,269,121,33,0
1292,scaur,110.6,285,100,35,0
1293,auger,110.7,241,110,30,1
1294,livre,110.7,287,116,37,1
1295,lions,110.7,317,112,31,0
1296,oiled,110.7,250,103,29,0
1297,goner,110.7,289,120,35,0
1298,aurae,110.7,259,88,40,0
1299,lycea,110.7,242,97,24,0
1300,ulcer,110.8,262,95,26,1
1301,beaut,110.8,263,100,37,0
1302,argil,110.8,264,118,30,0
1303,padle,110.8,310,119,41,0
1304,serow,110.8,287,101,36,0
1305,skier,110.9,285,100,38,1
1306,hails,111,330,105,34,0
1307,sabot,111,300,111,41,0
1308,axite,111,245,80,36,0
1309,siker,111,285,96,36,0
1310,steam,111.1,276,103,27,1
1311,fetal,111.1,237,115,30,1
1312,dolce,111.1,286,109,42,1
1313,sower,111.1,287,104,40,0
1314,feuar,111.1,248,100,35,0
1315,hames,111.2,265,89,32,0
1316,tined,111.2,290,120,34,0
1317,anear,111.2,276,98,28,0
1318,chair,111.3,293,112,37,1
1319,times,111.3,293,108,30,0
1320,fires,111.3,284,111,33,0
1321,moats,111.3,315,102,36,0
1322,longe,111.3,282,116,38,0
1323,rowel,111.3,263,95,32,0
1324,paint,111.4,336,117,41,1
1325,coted,111.4,268,106,38,0
1326,wairs,111.4,285,101,35,0
1327,plait,111.5,328,119,35,0
1328,peaty,111.5,263,109,40,0
1329,amens,111.5,267,98,23,0
1330,antae,111.5,260,98,36,0
1331,besot,111.5,265,101,33,0
1332,laevo,111.5,241,93,29,0
1333,retax,111.5,265,90,25,0
1334,sowar,111.5,286,98,39,0
1335,repay,111.6,242,113,32,1
1336,cider,111.6,289,118,33,1
1337,prune,111.6,309,110,39,1
1338,taste,111.7,286,106,41,1
1339,ankle,111.7,271,99,31,1
1340,caver,111.7,297,105,35,0
1341,deils,111.7,297,114,32,0
1342,patio,111.8,239,113,31,1
1343,beard,111.8,295,121,36,1
1344,trawl,111.8,288,95,31,1
1345,cards,111.8,292,99,32,0
1346,melts,111.8,286,104,28,0
1347,rotte,111.8,309,109,41,0
1348,frail,111.9,278,110,36,1
1349,gloat,111.9,293,107,33,0
1350,daric,111.9,288,104,30,0
1351,maist,111.9,347,115,40,0
1352,twier,111.9,287,117,33,0
1353,wries,111.9,293,107,36,0
1354,ceiba,112,235,99,35,0
1355,cavie,112,261,100,43,0
1356,spiel,112.1,315,121,39,1
1357,mites,112.1,293,112,30,0
1358,spean,112.1,268,110,30,0
1359,cosey,112.1,260,98,43,0
1360,plant,112.2,326,117,35,1
1361,ideal,112.2,230,97,18,1
1362,cease,112.2,313,97,45,1
1363,miles,112.2,290,107,31,0
1364,orang,112.2,285,100,27,0
1365,tasse,112.2,286,100,41,0
1366,avers,112.2,278,93,22,0
1367,boles,112.3,271,108,35,0
1368,anele,112.3,300,104,36,0
1369,ureic,112.3,252,90,25,0
1370,drake,112.4,301,103,38,1
1371,apron,112.4,265,112,25,1
1372,leafs,112.4,272,103,29,0
1373,dents,112.4,296,103,28,0
1374,adorn,112.4,272,108,26,0
1375,fared,112.4,293,103,39,0
1376,towel,112.5,264,100,34,1
1377,nosed,112.5,263,108,32,0
1378,decor,112.6,308,113,29,1
1379,scorn,112.6,314,104,32,1
1380,cafes,112.7,265,96,35,0
1381,vireo,112.7,249,104,32,0
1382,brans,112.7,292,102,32,0
1383,coder,112.8,308,121,35,1
1384,terse,112.8,355,121,42,0
1385,treen,112.8,320,118,36,0
1386,noble,112.9,280,102,38,1
1387,vales,112.9,298,105,33,0
1388,lobes,113,271,106,31,0
1389,meaty,113,287,103,40,0
1390,thirl,113,275,111,32,0
1391,spine,113.1,312,116,42,1
1392,servo,113.1,294,100,35,1
1393,tends,113.1,296,103,27,0
1394,weirs,113.1,293,107,33,0
1395,opine,113.1,253,105,34,0
1396,liney,113.1,289,113,38,0
1397,teind,113.1,290,113,35,0
1398,roach,113.2,295,114,35,1
1399,saith,113.2,349,124,43,1
1400,dames,113.2,287,97,34,0
1401,grans,113.2,295,108,30,0
1402,carny,113.2,295,114,42,0
1403,omers,113.2,256,94,19,0
1404,pelon,113.2,266,105,30,0
1405,comte,113.3,282,109,42,0
1406,sabed,113.3,290,101,43,0
1407,shoat,113.3,307,116,38,0
1408,voter,113.4,294,110,32,1
1409,boats,113.4,300,99,37,0
1410,hoard,113.4,287,114,35,0
1411,metis,113.4,293,111,28,0
1412,tinge,113.4,303,120,37,0
1413,griot,113.4,338,115,34,0
1414,bated,113.4,253,104,38,0
1415,acned,113.4,265,101,30,0
1416,reign,113.5,283,124,33,1
1417,scent,113.5,300,112,32,1
1418,flair,113.5,278,108,36,1
1419,titre,113.5,314,114,41,1
1420,nodes,113.5,263,106,30,0
1421,netop,113.5,264,98,25,0
1422,pones,113.5,282,108,36,0
1423,groan,113.6,285,116,31,0
1424,abets,113.6,267,89,22,0
1425,coper,113.6,300,117,35,0
1426,brens,113.6,284,99,29,0
1427,aches,113.7,251,82,23,0
1428,troys,113.7,318,93,25,0
1429,trued,113.7,319,116,35,0
1430,lower,113.8,263,96,30,1
1431,octal,113.8,263,98,18,1
1432,hired,113.8,295,109,33,0
1433,koine,113.8,276,91,43,0
1434,druse,113.8,333,106,37,0
1435,ketol,113.8,253,90,27,0
1436,laves,113.8,298,105,31,0
1437,linos,113.8,317,109,26,0
1438,urare,113.8,259,85,40,0
1439,comet,113.9,282,111,40,1
1440,limes,113.9,290,103,28,0
1441,acerb,113.9,258,100,21,0
1442,tubae,113.9,253,101,38,0
1443,clans,114,340,110,32,0
1444,naves,114,288,96,30,0
1445,emirs,114,252,102,23,0
1446,vairs,114,291,103,35,0
1447,latex,114.1,256,92,32,1
1448,coils,114.1,326,113,36,0
1449,corns,114.1,314,109,34,0
1450,tansy,114.1,341,109,39,0
1451,dicer,114.1,289,115,28,0
1452,weans,114.1,277,105,33,0
1453,roose,114.2,309,89,43,0
1454,roust,114.2,328,121,33,0
1455,force,114.3,313,105,44,1
1456,acmes,114.3,256,90,25,0
1457,lours,114.3,269,105,30,0
1458,craze,114.4,296,90,40,1
1459,derma,114.4,285,111,27,0
1460,delis,114.4,297,109,27,0
1461,inarm,114.4,261,101,22,0
1462,reifs,114.4,284,99,29,0
1463,riced,114.4,289,115,29,0
1464,pesto,114.5,259,111,27,1
1465,heads,114.5,256,100,29,0
1466,wires,114.5,293,109,32,0
1467,piste,114.5,322,116,36,0
1468,talus,114.5,339,113,29,0
1469,panto,114.5,304,114,31,0
1470,paned,114.5,295,109,38,0
1471,sewan,114.5,277,103,36,0
1472,shred,114.6,331,98,40,1
1473,goals,114.6,315,100,35,0
1474,sneap,114.6,268,105,28,0
1475,renig,114.6,283,109,28,0
1476,rehab,114.7,259,83,21,1
1477,rivet,114.7,307,112,33,1
1478,almeh,114.7,264,96,32,0
1479,eskar,114.7,261,82,18,0
1480,lowse,114.7,285,102,38,0
1481,trank,114.7,298,113,32,0
1482,weals,114.7,281,107,32,0
1483,valor,114.8,283,115,30,1
1484,carer,114.8,303,100,40,1
1485,stipe,114.8,322,111,39,0
1486,garni,114.8,273,106,32,0
1487,looie,114.8,257,80,45,0
1488,tuyer,114.8,269,97,29,0
1489,navel,114.9,289,108,32,1
1490,flier,114.9,271,115,35,1
1491,loams,115,319,99,33,0
1492,slaty,115,345,114,43,0
1493,azole,115.1,240,77,34,0
1494,liker,115.1,263,93,27,0
1495,roman,115.2,279,121,29,1
1496,salty,115.2,345,122,43,1
1497,karst,115.2,333,104,34,0
1498,unset,115.3,286,106,28,1
1499,plies,115.3,315,124,36,0
1500,pride,115.4,326,108,39,1
1501,faces,115.4,265,99,34,0
1502,paled,115.4,310,115,37,0
1503,decal,115.5,275,114,26,1
1504,codes,115.5,271,106,35,0
1505,ochre,115.5,294,97,27,0
1506,abris,115.5,252,95,23,0
1507,gaols,115.5,315,102,34,0
1508,verso,115.6,294,101,28,1
1509,weary,115.7,265,106,39,1
1510,hoyle,115.7,242,96,37,1
1511,tours,115.7,328,114,31,0
1512,auric,115.7,261,93,26,0
1513,seamy,115.7,268,100,44,0
1514,entry,115.8,248,103,27,1
1515,solve,115.8,297,104,45,1
1516,tiara,115.8,315,99,35,1
1517,trier,115.8,314,98,38,1
1518,ferns,115.8,298,96,32,0
1519,peons,115.8,274,110,34,0
1520,apery,115.8,242,111,31,0
1521,leaks,115.9,279,103,30,0
1522,spade,116,291,105,39,1
1523,flite,116,310,118,39,0
1524,stour,116,328,112,32,0
1525,spaed,116,291,106,39,0
1526,elite,116.1,337,93,38,1
1527,rouge,116.1,296,108,37,1
1528,pecan,116.1,270,110,29,1
1529,gelts,116.1,307,101,27,0
1530,taxes,116.2,284,82,33,0
1531,tates,116.2,286,100,36,0
1532,sates,116.2,286,96,43,0
1533,ramee,116.2,340,100,46,0
1534,bohea,116.2,242,85,35,0
1535,coled,116.2,286,108,37,0
1536,eruct,116.2,274,112,31,0
1537,lieus,116.2,289,97,24,0
1538,prime,116.3,327,109,40,1
1539,strap,116.4,318,109,28,1
1540,snipe,116.5,312,111,40,0
1541,bract,116.5,320,117,37,0
1542,tajes,116.5,281,76,33,0
1543,mines,116.6,286,108,32,0
1544,curia,116.6,274,102,31,0
1545,dhole,116.6,286,103,37,0
1546,fiars,116.6,278,103,33,0
1547,state,116.7,286,99,42,1
1548,seine,116.7,364,111,50,1
1549,crept,116.7,307,113,31,1
1550,pleas,116.7,269,127,27,0
1551,gnarl,116.7,267,105,29,0
1552,glean,116.8,268,115,28,0
1553,dines,116.8,305,117,31,0
1554,lehua,116.8,243,83,22,0
1555,limen,116.8,285,111,31,0
1556,dairy,116.9,278,109,42,1
1557,fader,116.9,293,104,34,0
1558,nomes,116.9,277,99,30,0
1559,dream,117,285,113,26,1
1560,maple,117,318,112,39,1
1561,libra,117,263,110,25,1
1562,haver,117,295,97,31,0
1563,shyer,117,291,95,34,0
1564,sorer,117,309,94,44,0
1565,tarot,117.1,304,109,38,1
1566,comer,117.1,301,116,35,1
1567,olden,117.1,271,111,29,0
1568,verst,117.1,336,104,32,0
1569,melon,117.2,292,109,29,1
1570,vesta,117.2,277,96,25,0
1571,farts,117.2,327,102,32,0
1572,layed,117.2,289,103,33,0
1573,tokes,117.2,271,88,32,0
1574,cited,117.3,298,106,35,0
1575,piles,117.3,315,120,32,0
1576,carex,117.3,300,92,38,0
1577,amide,117.3,257,102,33,0
1578,adieu,117.3,274,79,28,0
1579,remap,117.3,287,105,25,0
1580,shape,117.4,277,116,41,1
1581,tidal,117.4,317,110,28,1
1582,afrit,117.4,286,100,28,0
1583,cargo,117.5,297,107,32,1
1584,altho,117.5,284,102,22,0
1585,arcus,117.5,285,97,23,0
1586,yamen,117.5,258,94,32,0
1587,filer,117.6,271,117,31,1
1588,torus,117.6,328,120,29,1
1589,bites,117.6,315,103,32,0
1590,smelt,117.6,286,107,32,0
1591,staid,117.6,317,108,32,0
1592,maned,117.6,295,112,37,0
1593,hoper,117.6,297,105,31,0
1594,rakis,117.6,288,88,27,0
1595,reset,117.7,355,110,37,1
1596,shorn,117.7,317,109,35,0
1597,youse,117.7,280,83,37,0
1598,riata,117.7,315,91,34,0
1599,reink,117.7,281,97,34,0
1600,rogue,117.8,296,111,38,1
1601,siver,117.8,307,111,36,0
1602,patin,117.8,336,123,33,0
1603,ardeb,117.8,295,104,32,0
1604,veals,117.8,298,102,32,0
1605,horst,117.9,345,128,34,1
1606,lotte,117.9,279,100,41,0
1607,raked,117.9,301,87,32,0
1608,oases,117.9,219,85,31,0
1609,copse,117.9,287,112,41,0
1610,flora,118,261,106,29,1
1611,aorta,118,304,95,33,1
1612,bones,118,282,102,37,0
1613,lords,118,291,99,27,0
1614,debar,118,295,115,30,0
1615,lotic,118,330,105,27,0
1616,orach,118,295,105,29,0
1617,saury,118,290,100,44,0
1618,chile,118.1,326,117,39,1
1619,carom,118.1,315,123,33,0
1620,axone,118.1,244,80,36,0
1621,togas,118.1,305,100,29,0
1622,wared,118.1,317,102,37,0
1623,bloat,118.2,303,114,35,0
1624,parve,118.2,334,108,40,0
1625,resow,118.2,287,92,23,0
1626,short,118.3,345,125,37,1
1627,faery,118.3,256,99,40,0
1628,larch,118.3,303,111,32,0
1629,roves,118.3,294,104,30,0
1630,yaird,118.3,278,99,35,0
1631,sanes,118.3,298,91,44,0
1632,phase,118.4,277,122,38,1
1633,vires,118.4,307,109,31,0
1634,axile,118.4,253,85,35,0
1635,house,118.5,292,104,39,1
1636,lemon,118.5,292,105,27,1
1637,poets,118.5,315,109,33,0
1638,colts,118.5,339,112,31,0
1639,drave,118.5,333,101,38,0
1640,ofter,118.5,277,90,21,0
1641,story,118.6,318,102,37,1
1642,relax,118.6,269,90,24,1
1643,yerba,118.6,251,91,23,0
1644,brute,118.7,338,117,40,1
1645,retch,118.7,314,109,27,0
1646,lover,118.8,284,109,31,1
1647,scary,118.8,272,96,38,1
1648,amuse,118.8,253,106,33,1
1649,karts,118.8,333,93,29,0
1650,broil,118.8,312,106,34,0
1651,clots,118.8,339,107,30,0
1652,pelts,118.8,319,115,28,0
1653,routs,118.8,328,108,28,0
1654,ashed,118.8,256,84,23,0
1655,coapt,118.8,329,111,39,0
1656,stoke,118.9,271,93,37,1
1657,lends,118.9,290,97,25,0
1658,kerns,118.9,303,86,28,0
1659,prost,118.9,348,126,34,0
1660,piano,119,243,107,34,1
1661,warts,119,329,101,30,0
1662,talar,119,316,102,36,0
1663,lathi,119.1,324,93,23,0
1664,escot,119.1,323,94,20,0
1665,korai,119.1,267,84,26,0
1666,finer,119.2,285,110,32,1
1667,wiser,119.2,293,106,28,1
1668,lined,119.2,309,120,32,0
1669,lifer,119.2,271,108,27,0
1670,segno,119.3,282,98,38,0
1671,baits,119.4,341,106,36,0
1672,ansae,119.4,298,91,35,0
1673,farls,119.4,302,97,33,0
1674,hents,119.4,311,109,27,0
1675,trees,119.5,355,113,34,0
1676,autos,119.5,289,109,25,0
1677,dials,119.5,339,111,32,0
1678,meson,119.5,279,110,28,0
1679,tardy,119.5,316,103,36,0
1680,singe,119.5,324,123,43,0
1681,frats,119.5,327,105,32,0
1682,gnars,119.5,295,100,26,0
1683,ohias,119.5,273,83,26,0
1684,tyred,119.5,305,95,31,0
1685,lured,119.6,313,100,33,0
1686,rafts,119.6,327,89,26,0
1687,idles,119.6,297,92,22,0
1688,lamed,119.6,315,109,34,0
1689,raias,119.6,311,87,36,0
1690,smalt,119.6,367,114,36,0
1691,crash,119.7,322,114,35,1
1692,sales,119.7,306,102,43,0
1693,mails,119.7,349,106,35,0
1694,douse,119.7,279,103,40,0
1695,gruel,119.7,307,104,35,0
1696,clime,119.7,328,110,40,0
1697,ditas,119.7,317,101,26,0
1698,lints,119.7,354,104,25,0
1699,actin,119.8,315,111,23,1
1700,based,119.8,290,103,36,0
1701,clary,119.8,286,117,40,0
1702,hider,119.8,295,109,28,0
1703,quare,119.8,259,69,38,0
1704,diets,119.9,299,103,27,0
1705,moans,119.9,338,94,36,0
1706,beton,119.9,288,102,31,0
1707,gaits,119.9,353,108,34,0
1708,volar,119.9,283,112,31,0
1709,selva,120,298,102,34,0
1710,thiol,120,345,100,32,0
1711,ragee,120,342,100,46,0
1712,shalt,120.1,370,127,38,1
1713,loupe,120.1,287,98,38,0
1714,stroy,120.1,318,105,37,0
1715,tamis,120.1,347,106,30,0
1716,carpi,120.2,302,101,29,0
1717,pines,120.3,312,110,33,0
1718,dirts,120.3,341,101,28,0
1719,skite,120.3,328,99,41,0
1720,argon,120.4,285,122,28,1
1721,tophe,120.4,294,104,38,0
1722,diary,120.5,278,107,38,1
1723,token,120.5,297,94,34,1
1724,racer,120.5,303,95,32,1
1725,oaths,120.5,307,88,23,0
1726,payor,120.5,300,109,31,0
1727,ratch,120.5,334,114,30,0
1728,trait,120.6,315,111,37,1
1729,epact,120.6,319,108,29,0
1730,print,120.7,343,108,35,1
1731,cigar,120.7,311,103,32,1
1732,ryots,120.7,318,94,23,0
1733,pried,120.8,326,117,39,0
1734,biles,120.8,311,110,33,0
1735,tyros,120.9,318,99,23,0
1736,crams,120.9,317,106,31,0
1737,isled,120.9,297,92,23,0
1738,ogles,120.9,262,85,22,0
1739,homer,121,297,104,31,1
1740,games,121,289,97,33,0
1741,sores,121,309,93,44,0
1742,arias,121,311,91,32,0
1743,fated,121,271,100,36,0
1744,marcs,121,317,105,32,0
1745,coaly,121,336,110,44,0
1746,dirls,121,285,100,28,0
1747,nides,121,305,111,27,0
1748,peins,121,312,110,34,0
1749,sport,121.1,348,117,35,1
1750,organ,121.1,285,108,26,1
1751,caves,121.1,304,90,35,0
1752,credo,121.1,308,106,29,0
1753,mages,121.1,289,98,33,0
1754,meads,121.1,287,101,31,0
1755,verts,121.1,336,96,27,0
1756,glade,121.3,317,107,36,1
1757,strew,121.3,328,99,34,0
1758,shoed,121.3,293,96,40,0
1759,stere,121.3,355,107,40,0
1760,aimed,121.4,257,108,32,0
1761,plage,121.4,311,111,38,0
1762,trigo,121.4,338,112,30,0
1763,azine,121.4,244,85,36,0
1764,rille,121.4,292,93,37,0
1765,chart,121.5,334,135,34,1
1766,retro,121.5,309,96,28,1
1767,sweat,121.5,286,107,33,1
1768,creak,121.5,284,109,31,0
1769,atony,121.5,291,106,34,0
1770,filar,121.5,278,113,30,0
1771,pawer,121.5,311,91,33,0
1772,yince,121.5,278,93,36,0
1773,chose,121.6,291,112,38,1
1774,biota,121.6,320,100,33,0
1775,hards,121.6,306,90,27,0
1776,maker,121.7,303,89,31,1
1777,thorn,121.7,343,116,30,1
1778,overt,121.7,294,90,23,1
1779,horns,121.7,317,103,30,0
1780,eared,121.7,340,95,37,0
1781,matin,121.7,345,114,31,0
1782,carob,121.7,315,113,32,0
1783,toter,121.7,309,106,35,0
1784,blent,121.7,296,99,32,0
1785,stand,121.8,345,98,32,1
1786,named,121.8,295,101,33,0
1787,inane,121.8,246,89,36,0
1788,lemur,121.8,289,97,28,0
1789,teats,121.8,286,106,35,0
1790,sente,121.8,377,116,48,0
1791,calve,121.8,325,111,41,0
1792,baric,121.8,298,105,32,0
1793,kiers,121.8,285,96,25,0
1794,warns,121.9,319,93,33,0
1795,halts,121.9,370,110,28,0
1796,crags,121.9,308,101,32,0
1797,meany,121.9,305,96,42,0
1798,chiel,121.9,326,113,38,0
1799,ropey,121.9,287,103,38,0
1800,zlote,121.9,273,74,35,0
1801,stove,122,293,90,36,1
1802,irony,122,333,90,35,1
1803,abode,122,267,90,31,1
1804,prion,122,345,112,34,0
1805,scute,122,329,111,38,0
1806,janes,122.1,293,76,33,0
1807,muter,122.1,305,111,30,0
1808,north,122.2,343,110,28,1
1809,ranch,122.2,318,109,31,1
1810,seats,122.2,286,97,40,0
1811,mains,122.2,345,98,36,0
1812,karns,122.2,324,89,31,0
1813,eagre,122.2,342,97,40,0
1814,cheat,122.3,315,122,31,1
1815,roars,122.3,311,85,36,0
1816,pails,122.3,362,115,36,0
1817,venal,122.3,289,107,28,0
1818,bines,122.3,305,103,34,0
1819,naevi,122.3,245,86,25,0
1820,adobe,122.4,267,89,31,1
1821,cakes,122.4,297,87,35,0
1822,botas,122.4,300,102,31,0
1823,owlet,122.4,264,104,29,0
1824,octan,122.4,292,103,19,0
1825,brios,122.4,308,106,31,0
1826,terce,122.4,367,110,42,0
1827,adios,122.5,287,94,24,0
1828,ernes,122.5,334,96,33,0
1829,tense,122.6,377,109,42,1
1830,filet,122.6,310,126,36,1
1831,linac,122.6,342,104,25,0
1832,votes,122.7,293,101,32,0
1833,malts,122.7,367,101,29,0
1834,swart,122.7,329,109,35,0
1835,arvos,122.7,292,100,26,0
1836,orcin,122.7,345,109,26,0
1837,tawed,122.7,281,98,35,0
1838,penis,122.8,312,109,30,1
1839,belts,122.8,322,101,29,0
1840,wader,122.8,317,99,32,0
1841,enorm,122.8,286,103,21,0
1842,macro,122.9,315,114,28,1
1843,gents,122.9,328,104,29,0
1844,thein,122.9,335,116,29,0
1845,rowen,122.9,292,104,32,0
1846,clues,123,328,111,33,0
1847,grope,123,341,106,35,0
1848,bents,123,319,94,30,0
1849,floes,123,268,104,33,0
1850,leady,123,289,104,37,0
1851,tacet,123,274,100,40,0
1852,surge,123.1,333,118,42,1
1853,ponce,123.1,313,115,43,1
1854,pages,123.1,297,109,35,0
1855,hosta,123.1,307,107,26,0
1856,coble,123.1,314,109,42,0
1857,wrest,123.1,328,115,31,0
1858,acrid,123.1,288,101,25,0
1859,hemal,123.1,269,100,26,0
1860,loose,123.2,306,90,43,1
1861,holey,123.2,293,101,39,0
1862,puler,123.2,306,106,32,0
1863,holed,123.3,286,102,33,0
1864,dures,123.3,333,107,32,0
1865,copra,123.3,301,111,32,0
1866,pored,123.3,344,108,38,0
1867,adits,123.3,317,101,25,0
1868,tegua,123.3,268,101,27,0
1869,plain,123.4,354,114,34,1
1870,giant,123.4,351,122,36,1
1871,purse,123.4,337,126,38,1
1872,eidos,123.4,322,96,23,1
1873,comes,123.4,293,101,35,0
1874,twine,123.4,321,109,38,0
1875,antic,123.4,315,107,20,0
1876,grots,123.4,344,103,28,0
1877,brake,123.5,318,108,40,1
1878,soars,123.5,311,86,43,0
1879,surah,123.5,293,114,36,0
1880,rives,123.5,307,106,27,0
1881,gapes,123.5,297,106,33,0
1882,reest,123.5,355,113,33,0
1883,serum,123.6,323,104,34,1
1884,image,123.7,250,90,31,1
1885,henry,123.7,263,101,34,1
1886,ports,123.7,348,115,31,0
1887,shard,123.7,306,102,34,0
1888,sires,123.7,315,96,42,0
1889,toyed,123.7,293,91,33,0
1890,lazes,123.7,300,80,31,0
1891,viler,123.7,287,121,28,0
1892,orbit,123.8,330,111,29,1
1893,slept,123.8,319,119,34,1
1894,copes,123.8,287,110,34,0
1895,decos,123.8,271,92,24,0
1896,abide,123.9,278,92,33,1
1897,frets,123.9,319,104,29,0
1898,tapis,123.9,361,113,29,0
1899,laths,123.9,370,98,25,0
1900,ulans,123.9,350,97,27,0
1901,pilot,124,348,105,32,1
1902,clave,124,325,112,38,0
1903,togue,124,283,106,40,0
1904,value,124.1,280,93,38,1
1905,trims,124.1,356,100,29,0
1906,molas,124.1,319,102,28,0
1907,beaus,124.1,249,94,32,0
1908,mabes,124.1,301,88,32,0
1909,speil,124.1,315,117,32,0
1910,toped,124.2,302,100,34,0
1911,scope,124.3,287,103,37,1
1912,tango,124.3,333,106,29,1
1913,manos,124.3,338,105,30,0
1914,mange,124.3,304,106,39,0
1915,mealy,124.3,304,112,40,0
1916,morts,124.3,345,110,29,0
1917,ileus,124.3,289,93,19,0
1918,coney,124.4,325,112,45,1
1919,lowes,124.4,285,98,30,0
1920,spelt,124.4,319,121,32,0
1921,sabin,124.4,347,109,38,0
1922,carps,124.4,336,106,31,0
1923,areca,124.4,303,94,32,0
1924,rawin,124.4,291,97,29,0
1925,chert,124.5,314,126,31,0
1926,sprue,124.5,337,122,38,0
1927,toman,124.5,326,113,31,0
1928,donas,124.5,322,106,30,0
1929,solid,124.6,355,97,39,1
1930,blade,124.6,323,113,38,1
1931,probe,124.6,346,97,37,1
1932,foals,124.6,323,98,37,0
1933,carbo,124.6,315,111,31,0
1934,lases,124.6,306,94,32,0
1935,bride,124.7,335,116,39,1
1936,larks,124.7,314,90,28,0
1937,krona,124.8,294,97,28,1
1938,lands,124.8,361,96,27,0
1939,bream,124.8,297,103,29,0
1940,abuse,125,264,97,32,1
1941,bread,125,295,118,30,1
1942,baton,125,322,109,32,1
1943,herds,125,331,90,25,0
1944,mired,125,323,114,35,0
1945,giros,125,324,107,28,0
1946,hawse,125,298,99,37,0
1947,regma,125,280,106,24,0
1948,amber,125.1,297,96,24,1
1949,gripe,125.1,342,105,37,1
1950,saros,125.1,311,92,39,0
1951,liver,125.2,287,115,27,1
1952,ruled,125.2,313,102,31,0
1953,buret,125.2,338,116,39,0
1954,louis,125.3,335,95,29,1
1955,spice,125.3,340,114,42,1
1956,feist,125.3,336,116,38,0
1957,hosed,125.3,293,97,32,0
1958,dices,125.3,317,99,28,0
1959,cutes,125.3,329,119,33,0
1960,unais,125.3,298,98,24,0
1961,usage,125.4,269,88,31,1
1962,uncle,125.4,303,90,29,1
1963,rhino,125.4,332,103,29,1
1964,grime,125.4,336,111,37,1
1965,pains,125.4,362,109,36,0
1966,heaps,125.4,277,105,29,0
1967,chela,125.4,314,118,27,0
1968,shirt,125.5,364,124,38,1
1969,nasty,125.5,341,109,31,1
1970,grave,125.5,335,103,37,1
1971,grist,125.5,368,110,33,1
1972,fades,125.5,298,93,34,0
1973,lense,125.5,364,100,40,0
1974,artal,125.5,316,100,31,0
1975,rewin,125.5,299,101,26,0
1976,altar,125.6,316,100,30,1
1977,chine,125.6,333,116,40,0
1978,kyrie,125.6,286,78,33,0
1979,cagey,125.6,262,91,44,0
1980,clour,125.6,329,100,33,0
1981,float,125.7,305,106,33,1
1982,naira,125.7,314,96,35,0
1983,saris,125.7,311,91,40,0
1984,tunas,125.7,347,110,27,0
1985,toady,125.7,325,92,40,0
1986,salmi,125.7,349,100,35,0
1987,coxae,125.7,254,82,42,0
1988,mayor,125.8,316,110,30,1
1989,hants,125.8,384,106,29,0
1990,stoic,125.8,358,93,29,0
1991,lapin,125.8,354,117,29,0
1992,mures,125.8,323,105,32,0
1993,ocher,125.8,294,95,19,0
1994,tsadi,125.8,317,84,22,0
1995,court,125.9,376,123,37,1
1996,viral,125.9,288,113,27,1
1997,sleet,125.9,374,117,43,0
1998,viers,125.9,307,99,26,0
1999,baned,125.9,306,107,38,0
2000,whale,126,296,102,37,1
2001,azure,126,256,75,33,1
2002,seals,126,306,98,40,0
2003,treks,126,316,100,26,0
2004,fatso,126,312,99,31,0
2005,depot,126.1,302,95,31,1
2006,carbs,126.1,319,100,31,0
2007,halve,126.1,312,98,37,0
2008,loafs,126.1,323,94,32,0
2009,spait,126.1,361,122,36,0
2010,olive,126.2,259,95,34,1
2011,titer,126.2,314,107,32,0
2012,saran,126.2,349,103,42,0
2013,uredo,126.2,301,90,24,0
2014,yodle,126.2,297,96,37,0
2015,zoeal,126.3,260,72,29,0
2016,blame,126.4,324,106,39,1
2017,sneer,126.4,334,110,35,0
2018,antsy,126.4,341,100,31,0
2019,spail,126.4,362,115,35,0
2020,yarer,126.4,288,82,34,0
2021,party,126.5,338,115,37,1
2022,adept,126.5,279,93,22,1
2023,rewon,126.5,292,102,25,0
2024,zoeas,126.5,267,64,27,0
2025,suave,126.6,275,94,42,0
2026,sizer,126.6,307,80,36,0
2027,roven,126.6,303,117,32,0
2028,sloid,126.6,355,102,36,0
2029,blest,126.7,322,105,31,0
2030,caped,126.7,312,99,37,0
2031,mohel,126.7,287,94,32,0
2032,storm,126.8,345,99,29,1
2033,mason,126.8,338,111,29,1
2034,danio,126.8,255,113,31,0
2035,inapt,126.8,336,101,24,0
2036,wager,126.9,316,96,33,1
2037,rutin,126.9,331,109,26,0
2038,proem,126.9,335,110,36,0
2039,larum,126.9,309,96,28,0
2040,garth,127,347,107,32,1
2041,alefs,127,280,106,22,0
2042,dirge,127.1,345,111,37,0
2043,voles,127.1,297,105,31,0
2044,phone,127.2,304,105,39,1
2045,brave,127.2,346,97,39,1
2046,riser,127.2,315,91,29,1
2047,ranks,127.2,324,86,28,0
2048,craps,127.2,336,108,30,0
2049,wrens,127.2,310,98,28,0
2050,cedis,127.2,317,100,30,0
2051,leers,127.2,329,97,30,0
2052,scrag,127.2,308,86,28,0
2053,reels,127.3,329,97,29,0
2054,drays,127.3,311,89,26,0
2055,craft,127.4,348,111,34,1
2056,ounce,127.4,299,107,35,1
2057,pants,127.4,382,109,31,0
2058,perea,127.4,341,105,38,0
2059,teles,127.4,374,104,35,0
2060,haems,127.4,315,91,29,0
2061,sizar,127.4,304,75,36,0
2062,rumen,127.5,292,106,30,0
2063,sawed,127.5,325,94,42,0
2064,trews,127.5,328,100,24,0
2065,narks,127.5,324,84,26,0
2066,rabic,127.5,298,98,25,0
2067,sirra,127.5,311,84,37,0
2068,turns,127.6,324,108,29,0
2069,loves,127.6,297,105,30,0
2070,unary,127.6,295,90,31,0
2071,shied,127.6,340,104,41,0
2072,nopal,127.6,318,103,26,0
2073,theca,127.6,315,121,27,0
2074,gride,127.6,345,112,37,0
2075,grues,127.6,333,108,33,0
2076,texas,127.7,284,83,26,1
2077,scram,127.7,317,97,28,0
2078,hazer,127.7,296,78,30,0
2079,asset,127.8,286,84,30,1
2080,baled,127.8,323,115,38,0
2081,luces,127.8,328,105,27,0
2082,skean,127.8,294,90,30,0
2083,agues,127.8,272,91,27,0
2084,cadge,127.8,307,94,40,0
2085,ervil,127.8,287,105,27,0
2086,mavie,127.8,280,92,41,0
2087,aunts,127.9,347,111,27,0
2088,caids,127.9,354,99,35,0
2089,title,128,337,101,40,1
2090,moist,128,392,112,39,1
2091,swine,128,335,110,41,1
2092,lapis,128,362,109,27,1
2093,bails,128,364,112,36,0
2094,raved,128,333,104,33,0
2095,brome,128,349,110,39,0
2096,ravin,128,297,108,29,0
2097,doits,128,376,104,33,0
2098,pedro,128.1,344,109,29,1
2099,steer,128.1,355,109,34,1
2100,roses,128.1,309,84,32,0
2101,beads,128.1,290,100,32,0
2102,paver,128.1,334,97,34,0
2103,borts,128.1,352,110,32,0
2104,marsh,128.2,335,106,32,1
2105,opals,128.2,317,94,24,0
2106,loral,128.2,295,99,32,0
2107,abyes,128.2,264,78,22,0
2108,motey,128.2,308,105,41,0
2109,pruta,128.2,329,106,29,0
2110,extra,128.3,265,85,18,1
2111,chars,128.3,322,110,30,0
2112,crabs,128.3,319,100,30,0
2113,tikes,128.3,328,89,29,0
2114,ayins,128.3,301,96,25,0
2115,doura,128.3,316,104,31,0
2116,minor,128.4,365,109,30,1
2117,waist,128.4,368,105,39,1
2118,ample,128.4,318,103,31,1
2119,atria,128.4,315,93,27,0
2120,loach,128.4,354,110,35,0
2121,riven,128.4,307,112,29,0
2122,feint,128.4,316,118,38,0
2123,segni,128.4,324,98,35,0
2124,roped,128.5,344,107,32,0
2125,lunas,128.5,350,104,26,0
2126,godet,128.5,323,99,38,0
2127,sengi,128.5,324,106,34,0
2128,voice,128.6,292,98,43,1
2129,aloft,128.6,305,102,28,1
2130,jeans,128.6,293,73,31,0
2131,dewar,128.6,317,102,29,0
2132,creel,128.6,359,102,38,0
2133,monas,128.6,338,102,29,0
2134,mouse,128.7,309,102,40,1
2135,paced,128.7,312,98,36,0
2136,caged,128.7,307,91,38,0
2137,doper,128.7,344,108,32,0
2138,laari,128.7,302,92,35,0
2139,steak,128.8,298,96,28,1
2140,hoist,128.8,396,111,38,1
2141,ralph,128.9,304,99,28,1
2142,sonic,128.9,389,104,38,1
2143,zeros,128.9,301,70,25,0
2144,fleas,128.9,280,111,25,0
2145,zetas,128.9,281,75,25,0
2146,zeals,128.9,300,81,30,0
2147,yards,129,311,89,26,0
2148,muser,129,323,105,29,0
2149,gluer,129,307,105,31,0
2150,yurta,129,293,93,23,0
2151,super,129.1,337,113,37,1
2152,kites,129.1,328,91,27,0
2153,mince,129.1,329,112,39,0
2154,testa,129.1,286,99,29,0
2155,miens,129.1,329,102,30,0
2156,okras,129.1,288,76,18,0
2157,arris,129.2,311,84,32,0
2158,avens,129.2,288,85,23,0
2159,lovat,129.2,318,99,33,0
2160,coned,129.2,315,118,38,0
2161,hakes,129.2,292,79,30,0
2162,staig,129.2,353,104,31,0
2163,usher,129.3,311,77,18,1
2164,senna,129.3,298,89,40,0
2165,plats,129.3,371,118,30,0
2166,spirt,129.3,379,112,36,0
2167,defat,129.3,271,99,30,0
2168,enter,129.4,320,102,24,1
2169,straw,129.4,329,92,28,1
2170,coden,129.4,315,118,37,1
2171,ingle,129.4,317,99,29,0
2172,begat,129.4,279,101,34,0
2173,ruble,129.5,332,109,34,0
2174,celom,129.5,295,101,30,0
2175,shent,129.5,336,124,34,0
2176,haven,129.6,308,94,33,1
2177,saved,129.6,339,93,42,0
2178,stoma,129.6,315,97,28,0
2179,pinta,129.6,336,111,28,0
2180,burse,129.6,355,115,38,0
2181,herms,129.6,328,94,26,0
2182,crude,129.7,360,105,38,1
2183,sherd,129.7,331,97,30,0
2184,agree,129.8,342,89,42,1
2185,baker,129.8,318,94,34,1
2186,nodal,129.8,326,108,27,1
2187,urges,129.8,333,100,29,0
2188,sprit,129.8,379,119,35,0
2189,dolts,129.8,351,100,28,0
2190,soras,129.8,311,88,39,0
2191,ulnas,129.8,350,95,24,0
2192,rapid,129.9,310,108,29,1
2193,blast,129.9,379,110,34,1
2194,atoms,129.9,315,93,23,0
2195,pardi,129.9,310,90,28,0
2196,faint,130,365,114,41,1
2197,tangs,130,382,99,29,0
2198,colin,130.1,390,122,34,1
2199,pians,130.1,362,103,34,0
2200,stark,130.2,333,103,31,1
2201,aleph,130.2,302,103,25,1
2202,coins,130.2,389,111,36,0
2203,brits,130.2,360,101,32,0
2204,logia,130.2,303,112,29,0
2205,berth,130.3,348,108,31,1
2206,snark,130.3,324,104,32,0
2207,micra,130.3,295,110,25,0
2208,scree,130.3,381,100,48,0
2209,plyer,130.3,310,100,29,0
2210,darer,130.3,340,95,37,0
2211,snath,130.3,384,109,35,0
2212,sneak,130.4,294,96,30,1
2213,curio,130.4,344,102,30,1
2214,copen,130.4,315,107,37,0
2215,nurls,130.4,295,88,24,0
2216,degas,130.5,287,98,25,0
2217,grits,130.5,368,104,29,0
2218,media,130.6,258,108,28,1
2219,shave,130.6,313,95,40,1
2220,rebut,130.6,338,108,28,0
2221,agist,130.6,353,101,29,0
2222,riped,130.6,326,106,29,0
2223,crore,130.7,358,94,43,1
2224,trips,130.7,379,104,28,0
2225,strop,130.7,348,105,28,0
2226,ratan,130.7,339,96,32,0
2227,eyrie,130.7,325,72,34,0
2228,agley,130.7,283,94,34,0
2229,orpin,130.7,345,102,26,0
2230,padri,130.7,310,97,30,0
2231,rared,130.7,340,98,38,0
2232,sugar,130.8,326,110,36,1
2233,edits,130.8,322,95,22,0
2234,covet,130.8,314,98,39,0
2235,samek,130.8,322,90,43,0
2236,koels,130.8,312,85,29,0
2237,morns,130.8,347,101,31,0
2238,ratal,130.8,316,99,31,0
2239,softa,130.8,312,95,36,0
2240,spent,130.9,320,114,32,1
2241,tuber,130.9,338,106,30,0
2242,admen,130.9,295,101,26,0
2243,luted,130.9,318,104,30,0
2244,barre,131,354,101,45,1
2245,amour,131,299,100,26,1
2246,inker,131,281,79,19,0
2247,fames,131,307,86,34,0
2248,gaurs,131,326,105,32,0
2249,owner,131.1,292,95,25,1
2250,gable,131.1,327,108,39,1
2251,splat,131.1,371,113,33,0
2252,dural,131.1,304,102,27,0
2253,shake,131.2,292,105,41,1
2254,pedal,131.2,310,116,29,1
2255,tonne,131.2,313,96,44,1
2256,haves,131.2,313,82,31,0
2257,canty,131.2,363,108,39,0
2258,gored,131.2,359,103,37,0
2259,forme,131.3,346,94,41,1
2260,scarp,131.3,336,105,29,0
2261,blets,131.3,322,98,27,0
2262,rakee,131.3,367,78,44,0
2263,infer,131.4,285,89,20,1
2264,harms,131.4,335,95,28,0
2265,mache,131.4,303,94,36,0
2266,agios,131.4,299,88,24,0
2267,sensa,131.4,298,86,40,0
2268,clons,131.4,367,103,30,0
2269,topee,131.4,367,85,47,0
2270,twice,131.5,338,98,37,1
2271,basil,131.5,364,110,33,1
2272,smolt,131.5,380,96,35,0
2273,letch,131.5,314,103,27,0
2274,trigs,131.5,368,102,29,0
2275,basin,131.6,347,105,32,1
2276,pitas,131.6,361,107,27,0
2277,runts,131.6,324,100,25,0
2278,menad,131.6,295,113,30,0
2279,board,131.7,349,111,38,1
2280,beams,131.7,301,91,33,0
2281,cymae,131.7,275,87,36,0
2282,daisy,131.8,341,98,42,1
2283,eager,131.8,342,90,32,1
2284,rowan,131.8,295,103,27,1
2285,bolas,131.8,321,107,30,0
2286,cadis,131.8,354,104,32,0
2287,flies,131.9,332,115,35,1
2288,deity,131.9,310,98,38,1
2289,sloth,131.9,386,110,36,1
2290,flota,131.9,305,107,28,0
2291,cobra,132,315,111,32,1
2292,scrap,132,336,104,28,1
2293,scour,132,358,102,32,0
2294,felon,132,307,95,29,0
2295,duras,132,309,98,26,0
2296,tranq,132,333,74,30,0
2297,choir,132.1,386,108,35,1
2298,noisy,132.1,379,96,40,1
2299,boule,132.1,317,109,42,0
2300,redip,132.1,326,102,25,0
2301,ruins,132.2,322,99,29,0
2302,axles,132.2,302,80,26,0
2303,parer,132.2,341,96,38,0
2304,honey,132.3,334,105,40,1
2305,spode,132.3,322,96,37,0
2306,derms,132.3,353,91,26,0
2307,dogie,132.3,296,103,42,0
2308,maced,132.3,317,101,34,0
2309,moues,132.3,296,98,34,0
2310,codas,132.4,328,101,30,0
2311,cions,132.4,389,112,34,0
2312,rimed,132.4,323,112,29,0
2313,slued,132.4,369,102,39,0
2314,moray,132.5,316,113,36,1
2315,gains,132.5,365,109,35,0
2316,minas,132.5,345,97,27,0
2317,outed,132.5,287,100,28,0
2318,yodel,132.5,303,97,31,0
2319,gyres,132.5,324,87,27,0
2320,conge,132.5,332,112,41,0
2321,pards,132.5,353,96,30,0
2322,tepoy,132.5,313,101,34,0
2323,scion,132.6,389,100,33,1
2324,plans,132.6,379,110,30,0
2325,overs,132.6,294,80,18,0
2326,louts,132.6,372,105,28,0
2327,arums,132.6,326,101,26,0
2328,moper,132.6,335,105,32,0
2329,psoai,132.6,276,83,23,0
2330,flame,132.7,331,101,38,1
2331,dimer,132.7,323,112,29,0
2332,dobie,132.7,287,105,41,0
2333,cower,132.7,327,97,33,0
2334,limas,132.7,349,95,24,0
2335,yowie,132.7,281,67,37,0
2336,nuder,132.7,319,107,26,0
2337,tramp,132.8,370,101,28,1
2338,likes,132.8,330,92,26,0
2339,waits,132.8,368,100,33,0
2340,coeds,132.8,335,99,30,0
2341,inept,132.8,316,96,20,0
2342,dulse,132.8,369,101,36,0
2343,diols,132.8,355,103,30,0
2344,tolus,132.8,372,106,27,0
2345,point,132.9,415,116,40,1
2346,frost,132.9,376,114,33,1
2347,tonga,132.9,333,106,29,1
2348,pargo,132.9,325,101,29,0
2349,clept,132.9,312,103,29,0
2350,nomas,132.9,338,91,25,0
2351,lardy,133,326,108,34,0
2352,lenes,133,364,98,33,0
2353,peags,133,297,106,32,0
2354,ukase,133,270,78,32,0
2355,medal,133.1,315,118,28,1
2356,soldi,133.1,355,85,33,0
2357,sinew,133.1,335,106,39,0
2358,fanos,133.1,336,93,31,0
2359,homes,133.2,308,89,30,0
2360,soles,133.2,306,90,43,0
2361,poled,133.2,333,102,36,0
2362,aecia,133.2,262,76,29,0
2363,waney,133.2,290,91,41,0
2364,rises,133.3,315,93,28,0
2365,tonic,133.4,409,107,30,1
2366,hyena,133.4,316,91,22,0
2367,hayed,133.4,274,91,32,0
2368,moils,133.4,368,103,34,0
2369,girls,133.5,311,101,28,0
2370,luger,133.5,307,106,28,0
2371,girts,133.5,368,104,28,0
2372,tryma,133.5,341,90,23,0
2373,tuned,133.6,325,104,34,0
2374,files,133.7,332,114,31,0
2375,wades,133.7,325,91,32,0
2376,losel,133.7,306,89,34,0
2377,nertz,133.7,314,70,24,0
2378,wites,133.7,334,103,29,0
2379,niche,133.8,333,93,30,1
2380,slang,133.8,394,99,33,1
2381,mural,133.8,309,106,28,1
2382,erupt,133.8,320,102,27,0
2383,bouse,133.8,307,102,41,0
2384,often,133.9,298,88,24,1
2385,delay,133.9,289,117,33,1
2386,stele,133.9,374,106,39,0
2387,tharm,133.9,351,110,28,0
2388,thens,133.9,336,112,26,0
2389,ramus,134,326,96,25,0
2390,chape,134,306,112,37,0
2391,ecrus,134,283,98,16,0
2392,kebar,134,318,98,28,0
2393,pirns,134,353,98,31,0
2394,ridge,134.1,345,114,34,1
2395,bagel,134.1,327,115,38,1
2396,brash,134.1,337,97,33,0
2397,biome,134.1,301,97,40,0
2398,drams,134.1,347,92,28,0
2399,etape,134.1,318,91,33,0
2400,ceres,134.2,381,103,38,0
2401,liken,134.2,323,93,29,0
2402,exalt,134.3,329,87,28,0
2403,mosey,134.3,292,94,39,0
2404,blats,134.3,379,102,31,0
2405,lotus,134.4,372,102,26,1
2406,fecal,134.4,295,109,28,1
2407,fines,134.4,325,105,32,0
2408,mesic,134.4,319,91,25,0
2409,laich,134.4,394,112,36,0
2410,laked,134.4,335,81,32,0
2411,hopes,134.5,306,97,30,0
2412,glens,134.5,316,98,25,0
2413,suber,134.5,355,105,37,0
2414,nabis,134.5,347,97,26,0
2415,sonly,134.5,393,107,44,0
2416,otter,134.6,309,96,24,1
2417,ester,134.6,355,92,23,1
2418,felts,134.6,345,113,28,0
2419,boyar,134.6,314,102,33,0
2420,miaou,134.6,264,82,32,0
2421,salvo,134.7,346,100,35,0
2422,takin,134.7,364,100,30,0
2423,quate,134.7,261,71,38,0
2424,pyres,134.7,333,100,29,0
2425,glost,134.7,377,99,30,0
2426,sepic,134.7,340,95,33,0
2427,crust,134.8,383,119,33,1
2428,grays,134.8,330,88,25,0
2429,tarts,134.8,364,95,33,0
2430,bices,134.8,333,96,31,0
2431,knars,134.8,324,91,24,0
2432,timed,134.9,325,108,32,0
2433,sayid,134.9,341,92,37,0
2434,carat,135,386,102,41,1
2435,lefts,135,345,101,24,0
2436,birls,135,314,101,30,0
2437,kenos,135,295,86,26,0
2438,unarm,135,320,89,22,0
2439,braid,135.1,316,113,33,1
2440,clapt,135.1,388,109,33,0
2441,rival,135.2,288,110,24,1
2442,maize,135.2,278,79,42,1
2443,totes,135.2,312,97,35,0
2444,bluer,135.2,332,105,33,0
2445,fairy,135.3,312,98,43,1
2446,cases,135.3,313,89,36,0
2447,posed,135.3,322,100,35,0
2448,litho,135.3,345,102,21,0
2449,xenia,135.3,245,79,27,0
2450,farci,135.3,323,97,31,0
2451,spoil,135.4,371,103,34,1
2452,embar,135.4,297,90,21,0
2453,obias,135.4,292,77,22,0
2454,novel,135.5,306,103,31,1
2455,nance,135.5,322,89,40,1
2456,therm,135.5,321,108,24,1
2457,honed,135.5,318,107,34,0
2458,zoner,135.5,311,78,32,0
2459,cauls,135.5,395,107,33,0
2460,demit,135.5,325,107,31,0
2461,screw,135.6,352,86,34,1
2462,flirt,135.6,338,120,35,1
2463,loped,135.6,333,101,32,0
2464,houri,135.6,337,86,27,0
2465,wiles,135.7,335,106,29,0
2466,harps,135.7,354,97,27,0
2467,melic,135.7,328,95,26,0
2468,under,135.8,319,99,22,1
2469,cured,135.8,360,104,37,0
2470,liman,135.8,364,105,26,0
2471,hides,135.9,340,96,28,0
2472,posit,135.9,389,119,35,0
2473,tepid,135.9,335,99,28,0
2474,ihram,135.9,290,91,22,0
2475,welts,136,342,97,26,0
2476,faker,136,320,86,32,0
2477,kines,136,330,95,29,0
2478,torsk,136,376,103,33,0
2479,sloes,136,306,93,41,0
2480,liang,136.1,385,105,31,1
2481,kames,136.1,322,76,31,0
2482,gular,136.1,313,102,29,0
2483,croze,136.1,350,83,38,0
2484,obeli,136.1,271,74,16,0
2485,praus,136.1,343,112,29,0
2486,stirp,136.1,379,99,30,0
2487,guile,136.2,332,111,38,1
2488,makes,136.2,322,75,31,0
2489,blain,136.2,380,110,33,0
2490,forge,136.3,365,94,40,1
2491,volta,136.3,318,101,27,1
2492,pinas,136.3,362,103,28,0
2493,track,136.4,357,117,31,1
2494,norms,136.4,347,96,26,0
2495,dared,136.4,340,85,39,0
2496,eased,136.4,349,90,33,0
2497,raper,136.4,341,93,32,0
2498,ulema,136.4,299,91,21,0
2499,aboil,136.4,323,92,27,0
2500,wames,136.4,323,81,32,0
2501,lodge,136.5,342,100,37,1
2502,groin,136.5,390,113,31,1
2503,ameer,136.5,340,94,27,0
2504,oxter,136.5,307,90,22,0
2505,iller,136.6,292,88,28,0
2506,inkle,136.6,323,81,27,0
2507,logan,136.7,346,113,29,1
2508,bored,136.7,366,111,38,0
2509,gnats,136.7,382,97,27,0
2510,noose,136.7,318,84,41,0
2511,tench,136.7,321,110,30,0
2512,three,136.8,407,108,46,1
2513,strip,136.8,379,107,29,1
2514,pease,136.8,367,104,43,1
2515,bluet,136.8,344,112,38,0
2516,bemas,136.8,301,91,28,0
2517,troll,136.9,341,76,34,1
2518,capos,136.9,360,104,31,0
2519,meous,136.9,295,96,29,0
2520,model,137,334,112,34,1
2521,crawl,137,351,91,32,1
2522,amble,137,324,100,31,0
2523,marly,137,339,108,36,0
2524,tilak,137,359,104,28,0
2525,genua,137,281,101,28,0
2526,scrod,137,370,91,30,0
2527,lidos,137,355,100,24,0
2528,rhyta,137,322,88,22,0
2529,styed,137,335,84,31,0
2530,cover,137.1,340,104,34,1
2531,omens,137.1,335,88,19,0
2532,kauri,137.1,283,76,27,0
2533,dopes,137.1,322,97,31,0
2534,naked,137.2,320,79,31,1
2535,knelt,137.2,311,88,24,0
2536,polis,137.2,371,105,31,0
2537,anent,137.2,306,89,28,0
2538,miaul,137.2,356,91,34,0
2539,muras,137.2,326,107,26,0
2540,nicol,137.3,390,105,24,0
2541,daunt,137.3,386,101,36,0
2542,glias,137.3,370,109,29,0
2543,lewis,137.4,335,88,24,1
2544,truly,137.4,327,95,37,1
2545,emits,137.4,349,96,22,0
2546,ovine,137.4,285,93,33,0
2547,holts,137.5,386,100,27,0
2548,kaons,137.5,365,83,33,0
2549,amins,137.5,345,93,25,0
2550,ephor,137.5,297,89,18,0
2551,agate,137.6,316,76,37,1
2552,crier,137.6,354,92,40,0
2553,etuis,137.6,354,101,20,0
2554,noily,137.6,398,98,38,0
2555,raxed,137.6,335,85,33,0
2556,teels,137.6,374,105,31,0
2557,reply,137.7,310,104,31,1
2558,steel,137.7,374,105,36,1
2559,fails,137.7,382,105,36,0
2560,graze,137.7,337,87,37,0
2561,greys,137.7,324,78,22,0
2562,chaos,137.8,349,100,31,0
2563,wafer,137.9,328,86,31,1
2564,hiker,137.9,322,82,26,1
2565,rearm,137.9,340,93,31,0
2566,byres,137.9,339,85,30,0
2567,redly,137.9,312,105,31,0
2568,topis,137.9,389,105,29,0
2569,matte,138,318,100,40,1
2570,vents,138,349,92,27,0
2571,ached,138,293,77,24,0
2572,cyano,138,348,97,29,0
2573,butle,138,344,110,38,0
2574,trass,138,364,87,31,0
2575,stang,138.1,382,94,29,1
2576,foyer,138.1,301,87,32,1
2577,razed,138.1,334,82,32,0
2578,joles,138.1,298,75,31,0
2579,brins,138.1,338,98,31,0
2580,ruche,138.1,353,92,31,0
2581,abate,138.2,320,78,37,0
2582,rioja,138.2,323,70,26,0
2583,arsis,138.2,311,85,28,0
2584,front,138.3,394,108,34,1
2585,toast,138.3,363,96,40,1
2586,herbs,138.3,351,92,23,0
2587,domes,138.3,327,95,32,0
2588,worst,138.4,390,110,35,1
2589,modes,138.4,327,96,32,0
2590,forts,138.4,376,103,31,0
2591,darbs,138.4,351,85,28,0
2592,reuse,138.5,396,105,39,1
2593,loses,138.5,306,89,32,0
2594,gemot,138.5,319,101,31,0
2595,guars,138.5,326,102,30,0
2596,veils,138.6,355,97,31,0
2597,randy,138.7,333,106,33,1
2598,peach,138.7,306,115,34,1
2599,prays,138.7,352,98,27,0
2600,twirl,138.7,332,101,30,0
2601,giron,138.7,390,116,30,0
2602,koans,138.7,365,85,33,0
2603,obeah,138.7,272,77,20,0
2604,franc,138.8,353,91,31,1
2605,soapy,138.8,361,98,46,0
2606,renin,138.8,315,87,30,0
2607,buteo,138.8,303,99,32,0
2608,molts,138.8,380,100,28,0
2609,bider,138.8,335,113,32,0
2610,jarls,138.8,325,69,29,0
2611,lumen,138.9,325,95,30,1
2612,loxes,138.9,304,85,30,0
2613,odist,138.9,376,91,26,0
2614,tyned,138.9,311,93,29,0
2615,waled,138.9,347,100,35,0
2616,taxed,139,306,82,35,0
2617,nerdy,139,312,91,30,0
2618,bidet,139,349,106,37,0
2619,croak,139,337,101,32,0
2620,abhor,139,302,81,20,0
2621,dicta,139,343,95,24,0
2622,invar,139,297,94,20,0
2623,skoal,139,340,87,31,0
2624,ottar,139,304,99,23,0
2625,bards,139.1,351,94,31,0
2626,waned,139.1,341,102,36,0
2627,bogie,139.1,312,100,43,0
2628,geoid,139.1,296,96,33,0
2629,kails,139.1,388,96,32,0
2630,lyard,139.1,326,100,26,0
2631,clove,139.2,338,97,37,1
2632,silty,139.2,401,109,40,0
2633,scald,139.2,399,90,32,0
2634,plead,139.3,310,112,27,1
2635,dyers,139.3,324,86,21,0
2636,along,139.4,346,101,25,1
2637,aedes,139.4,349,93,33,0
2638,letup,139.4,326,96,24,0
2639,erect,139.5,367,102,31,1
2640,visor,139.5,343,101,25,1
2641,rests,139.5,355,80,25,0
2642,nonet,139.5,324,92,39,0
2643,fable,139.6,343,103,41,1
2644,glans,139.6,394,104,28,0
2645,neifs,139.6,325,92,27,0
2646,skirl,139.6,339,85,34,0
2647,draft,139.7,373,97,31,1
2648,prove,139.7,375,94,37,1
2649,haunt,139.7,401,109,35,1
2650,cords,139.7,370,100,30,0
2651,drags,139.7,350,97,29,0
2652,disme,139.7,350,104,35,0
2653,lawed,139.7,347,92,32,0
2654,voila,139.8,334,97,33,1
2655,teens,139.8,377,110,33,0
2656,opted,139.8,302,92,24,0
2657,douce,139.8,319,102,41,0
2658,waive,139.9,308,87,40,1
2659,wines,139.9,335,101,30,0
2660,chiao,139.9,322,101,32,0
2661,nudie,139.9,327,103,35,0
2662,wails,139.9,388,101,33,0
2663,doges,139.9,330,92,32,0
2664,fiats,139.9,371,103,32,0
2665,rebop,139.9,346,92,24,0
2666,scarf,140,338,85,29,1
2667,ethos,140,360,81,15,1
2668,rabid,140,316,110,29,1
2669,items,140,325,88,17,0
2670,braze,140,348,88,39,0
2671,leets,140,374,104,30,0
2672,today,140.1,325,96,36,1
2673,estop,140.1,349,90,16,0
2674,dawen,140.1,341,96,34,0
2675,unmet,140.2,304,98,27,1
2676,japer,140.2,336,76,30,0
2677,sharp,140.3,354,110,32,1
2678,ombre,140.3,349,93,29,0
2679,metre,140.4,402,111,41,1
2680,pinot,140.4,415,110,34,1
2681,opens,140.4,336,94,20,0
2682,spied,140.4,371,101,38,0
2683,deism,140.4,350,99,31,0
2684,rinds,140.4,332,99,23,0
2685,brays,140.4,340,82,28,0
2686,yonis,140.4,379,92,27,0
2687,waker,140.5,339,79,31,0
2688,doeth,140.5,363,94,32,0
2689,kolas,140.5,340,90,26,0
2690,angst,140.6,382,95,25,1
2691,wages,140.6,324,94,32,0
2692,grads,140.6,350,97,27,0
2693,copal,140.6,368,104,31,0
2694,fried,140.7,353,114,38,1
2695,chiro,140.8,386,111,31,0
2696,coude,140.8,319,101,39,0
2697,tecta,140.8,277,94,29,0
2698,rubes,140.9,355,102,28,0
2699,antra,140.9,339,98,23,0
2700,siped,140.9,371,104,38,0
2701,start,141,364,94,35,1
2702,crony,141,406,103,40,0
2703,sexto,141,309,75,34,0
2704,vaned,141,350,96,35,0
2705,robin,141.1,370,107,29,1
2706,amend,141.1,295,97,23,1
2707,twain,141.1,371,104,30,1
2708,lives,141.1,355,104,26,0
2709,hoyas,141.1,313,87,25,0
2710,perms,141.1,361,101,28,0
2711,ganef,141.1,327,95,34,0
2712,naifs,141.1,367,87,29,0
2713,latch,141.2,409,106,30,1
2714,shute,141.2,384,116,41,0
2715,glary,141.2,335,100,36,0
2716,prima,141.3,328,106,31,1
2717,merle,141.3,390,100,41,1
2718,vicar,141.3,337,100,25,1
2719,germs,141.3,361,98,27,0
2720,robed,141.3,366,115,32,0
2721,preys,141.3,333,91,25,0
2722,daven,141.3,350,102,34,0
2723,acold,141.3,359,97,25,0
2724,craws,141.3,350,91,29,0
2725,sixte,141.3,372,81,42,0
2726,trets,141.3,355,94,29,0
2727,aware,141.4,376,89,38,1
2728,odyle,141.4,297,82,26,0
2729,milos,141.5,368,103,25,0
2730,scaly,141.5,399,97,38,0
2731,dauts,141.5,386,98,30,0
2732,there,141.6,407,108,38,1
2733,skirt,141.6,396,94,36,1
2734,infra,141.6,280,87,15,1
2735,ahold,141.6,347,96,28,0
2736,sepoy,141.6,326,104,41,0
2737,yules,141.6,351,87,27,0
2738,talks,141.7,402,92,29,0
2739,boils,141.7,382,102,36,0
2740,savin,141.7,382,109,38,0
2741,nidal,141.7,368,111,24,0
2742,nipas,141.7,362,94,21,0
2743,clerk,141.8,335,93,29,1
2744,argus,141.8,326,109,23,1
2745,edict,141.8,360,95,27,0
2746,plied,141.8,377,109,37,0
2747,mazer,141.8,334,83,31,0
2748,baize,141.8,277,84,43,0
2749,daube,141.8,295,93,39,0
2750,eagle,141.9,375,93,39,1
2751,leafy,141.9,313,89,37,1
2752,folia,141.9,330,99,31,0
2753,quale,141.9,289,67,37,0
2754,barer,141.9,354,93,39,0
2755,swage,141.9,324,96,39,0
2756,curst,141.9,383,118,34,0
2757,cyans,141.9,375,89,29,0
2758,toked,141.9,318,78,33,0
2759,whole,142,320,98,35,1
2760,barbe,142,354,87,41,0
2761,decay,142.1,295,97,32,1
2762,veins,142.1,350,102,32,0
2763,quire,142.1,324,70,37,0
2764,civet,142.1,367,96,36,0
2765,armer,142.1,340,91,33,0
2766,ixtle,142.1,336,81,30,0
2767,supra,142.2,343,101,32,1
2768,cokes,142.2,312,91,33,0
2769,halid,142.2,388,102,30,0
2770,wrist,142.3,404,110,33,1
2771,maven,142.3,341,95,34,1
2772,clout,142.3,410,100,32,1
2773,fired,142.3,353,104,35,0
2774,limos,142.3,368,95,23,0
2775,vails,142.3,391,103,33,0
2776,fibre,142.4,361,97,38,1
2777,leaky,142.4,315,91,37,1
2778,vines,142.4,350,101,29,0
2779,drive,142.5,383,105,37,1
2780,guise,142.5,334,109,38,1
2781,beryl,142.5,322,94,29,1
2782,tress,142.5,355,85,28,0
2783,pyran,142.5,336,96,26,0
2784,sones,142.6,327,88,44,0
2785,rebid,142.6,335,108,26,0
2786,barny,142.6,357,102,40,0
2787,ludes,142.6,369,101,28,0
2788,mules,142.7,368,98,30,0
2789,limey,142.7,321,98,36,0
2790,hadst,142.7,410,99,33,0
2791,swail,142.7,388,104,35,0
2792,kains,142.7,381,94,33,0
2793,hover,142.8,339,97,30,1
2794,plots,142.8,388,105,28,0
2795,heady,142.8,305,94,35,0
2796,vertu,142.8,357,79,25,0
2797,corer,142.8,358,97,38,0
2798,urbia,142.8,317,90,25,0
2799,hazel,142.9,317,73,33,1
2800,capon,142.9,376,110,32,0
2801,comas,142.9,358,102,30,0
2802,shlep,142.9,377,104,35,0
2803,foray,143,308,95,37,1
2804,grins,143,362,102,28,0
2805,wains,143,381,97,34,0
2806,break,143.1,318,96,30,1
2807,dunes,143.1,356,103,31,0
2808,curls,143.1,313,101,29,0
2809,mamie,143.1,281,80,41,0
2810,coves,143.1,324,95,34,0
2811,gault,143.1,404,108,36,0
2812,pulse,143.2,385,114,37,1
2813,cense,143.2,417,95,44,0
2814,reify,143.2,299,91,36,0
2815,drabs,143.2,351,88,27,0
2816,scend,143.2,329,89,29,0
2817,spray,143.3,352,106,37,1
2818,swirl,143.3,345,94,34,1
2819,liven,143.3,347,106,29,0
2820,enure,143.3,370,89,33,0
2821,viola,143.4,334,102,29,1
2822,monde,143.4,351,115,38,1
2823,paper,143.5,341,86,34,1
2824,agons,143.5,345,90,24,0
2825,slype,143.5,388,98,38,0
2826,zoril,143.5,340,77,30,0
2827,brads,143.6,351,95,29,0
2828,weald,143.6,347,101,33,0
2829,mutes,143.6,363,103,30,0
2830,warty,143.6,358,98,35,0
2831,aitch,143.6,374,98,28,0
2832,erugo,143.6,325,96,24,0
2833,debit,143.7,349,100,31,1
2834,prang,143.7,367,94,30,0
2835,aulic,143.7,335,92,24,0
2836,girns,143.7,362,104,30,0
2837,octad,143.7,320,88,18,0
2838,dimes,143.8,350,97,29,0
2839,rebus,143.8,355,95,22,0
2840,trill,143.8,357,84,34,0
2841,drear,143.8,340,96,33,0
2842,cozie,143.8,311,76,42,0
2843,remet,143.8,402,107,36,0
2844,erode,143.9,413,88,36,1
2845,grams,143.9,362,99,27,0
2846,doyen,143.9,342,100,33,0
2847,cyder,143.9,342,90,27,0
2848,brand,144,372,109,32,1
2849,tempo,144,310,99,24,1
2850,tanks,144,409,92,29,0
2851,hauls,144,394,97,29,0
2852,rolfs,144,321,86,24,0
2853,dowie,144,306,90,40,0
2854,easts,144,335,88,26,0
2855,loury,144,343,101,36,0
2856,sudor,144,396,100,36,0
2857,total,144.1,345,100,32,1
2858,drove,144.1,395,99,36,1
2859,golem,144.1,339,95,33,0
2860,shaul,144.1,394,97,35,0
2861,clads,144.1,399,94,29,0
2862,laved,144.1,365,100,33,0
2863,bodes,144.2,330,94,34,0
2864,raspy,144.2,352,103,30,0
2865,baith,144.2,385,99,37,0
2866,frons,144.2,372,92,30,0
2867,coupe,144.3,330,101,40,1
2868,stork,144.3,376,90,30,1
2869,faced,144.3,321,93,35,0
2870,clays,144.3,399,85,27,0
2871,silex,144.3,364,89,38,0
2872,jager,144.3,337,74,31,0
2873,binal,144.3,380,115,31,0
2874,broke,144.4,368,99,38,1
2875,worts,144.4,390,101,29,0
2876,inlay,144.5,339,93,25,1
2877,spake,144.5,332,106,39,1
2878,ileal,144.5,277,86,24,0
2879,tzars,144.5,355,75,26,0
2880,poker,144.6,346,88,33,1
2881,adopt,144.6,344,88,24,1
2882,gazer,144.6,337,83,32,0
2883,stony,144.7,409,103,38,1
2884,trows,144.7,390,95,25,0
2885,money,144.8,353,108,41,1
2886,bakes,144.8,331,84,34,0
2887,foist,144.8,417,107,40,0
2888,buran,144.8,344,101,30,0
2889,canid,144.8,399,115,35,0
2890,carks,144.8,371,97,32,0
2891,tract,144.9,386,103,37,1
2892,payed,144.9,321,95,35,0
2893,dregs,144.9,365,90,25,0
2894,crisp,145,399,94,32,1
2895,asked,145,313,73,23,0
2896,piled,145,377,106,33,0
2897,piton,145,415,112,28,0
2898,salol,145,371,92,40,0
2899,beach,145.1,306,95,34,1
2900,chant,145.1,414,127,34,1
2901,lisle,145.1,366,93,36,1
2902,crews,145.1,352,86,26,0
2903,belay,145.1,315,110,36,0
2904,begot,145.1,328,95,33,0
2905,corny,145.2,406,107,40,0
2906,snout,145.2,431,109,33,0
2907,comal,145.2,382,108,31,0
2908,berms,145.2,370,91,29,0
2909,unlit,145.2,407,98,24,0
2910,cutey,145.2,319,98,41,0
2911,urban,145.3,344,93,26,1
2912,torch,145.3,413,122,32,1
2913,dated,145.3,308,78,36,0
2914,demos,145.3,327,90,25,0
2915,paves,145.4,358,91,33,0
2916,cornu,145.4,407,99,32,0
2917,axels,145.4,302,75,22,0
2918,grasp,145.5,375,102,28,1
2919,fiery,145.5,299,95,35,1
2920,hours,145.5,365,102,28,0
2921,routh,145.5,395,109,29,0
2922,tonus,145.5,431,113,28,0
2923,broad,145.6,349,113,32,1
2924,vital,145.6,366,102,25,1
2925,fards,145.6,364,84,30,0
2926,knaur,145.6,344,86,27,0
2927,above,145.7,297,79,30,1
2928,weird,145.7,366,106,34,1
2929,areae,145.7,406,77,42,0
2930,sades,145.7,349,85,42,0
2931,twyer,145.7,329,87,24,0
2932,habit,145.8,385,94,32,1
2933,aviso,145.8,320,96,26,0
2934,fease,145.8,374,84,43,0
2935,fogie,145.8,315,86,43,0
2936,first,145.9,408,114,33,1
2937,amino,145.9,357,104,26,1
2938,idols,145.9,355,82,20,0
2939,piney,145.9,329,105,40,0
2940,loamy,145.9,391,100,40,0
2941,recks,145.9,358,83,21,0
2942,scuta,145.9,375,104,29,0
2943,wried,145.9,366,108,36,0
2944,hazes,146,316,64,30,0
2945,glime,146,373,109,36,0
2946,vealy,146,329,92,38,0
2947,wants,146.1,414,90,29,0
2948,pomes,146.1,340,100,34,0
2949,readd,146.1,340,83,31,0
2950,ixora,146.1,321,79,21,0
2951,alant,146.1,415,106,34,0
2952,yipes,146.2,337,90,25,0
2953,mopes,146.2,340,99,31,0
2954,orbed,146.2,366,107,30,0
2955,prams,146.3,387,102,29,0
2956,sered,146.3,434,103,45,0
2957,diker,146.3,344,89,27,0
2958,leuds,146.3,369,92,25,0
2959,align,146.4,385,112,30,1
2960,voces,146.4,324,92,30,0
2961,hajes,146.4,318,62,30,0
2962,grand,146.5,379,111,30,1
2963,threw,146.5,376,104,31,1
2964,crank,146.5,375,105,33,1
2965,flats,146.5,397,110,29,0
2966,newts,146.5,349,84,22,0
2967,zones,146.6,316,75,32,0
2968,acids,146.6,354,84,22,0
2969,helms,146.6,349,83,24,0
2970,peony,146.6,360,102,40,0
2971,giber,146.6,350,107,29,0
2972,izars,146.6,304,65,22,0
2973,peace,146.7,388,100,44,1
2974,levin,146.7,347,109,27,1
2975,buras,146.7,339,105,28,0
2976,dynes,146.8,345,88,26,0
2977,linty,146.8,400,102,32,0
2978,shrew,146.9,382,101,38,0
2979,bursa,146.9,339,104,29,0
2980,adult,147,378,97,26,1
2981,bolts,147,394,100,30,0
2982,chafe,147,313,99,37,0
2983,icker,147,329,76,19,0
2984,ligan,147,385,120,26,0
2985,magot,147,381,102,33,0
2986,reave,147,398,96,39,0
2987,glide,147.1,389,107,36,1
2988,leavy,147.1,329,96,37,0
2989,chias,147.1,377,101,31,0
2990,gonia,147.1,375,113,32,0
2991,swain,147.2,381,108,35,1
2992,wired,147.2,366,99,33,0
2993,bogle,147.2,360,103,42,0
2994,cooer,147.2,358,92,41,0
2995,chain,147.3,386,112,33,1
2996,phage,147.3,324,94,37,1
2997,writs,147.3,404,100,29,0
2998,torii,147.3,388,77,31,0
2999,hemin,147.3,337,100,27,0
3000,barms,147.3,373,92,32,0
3001,biont,147.3,437,110,36,0
3002,cawed,147.3,346,84,36,0
3003,owsen,147.3,306,96,24,0
3004,claim,147.4,408,105,31,1
3005,carrs,147.4,387,88,36,0
3006,frits,147.4,408,109,31,0
3007,egads,147.4,314,85,20,0
3008,sapid,147.4,398,102,38,0
3009,curns,147.4,354,99,31,0
3010,piety,147.5,355,97,35,1
3011,pacts,147.5,414,97,29,0
3012,lysed,147.5,368,88,24,0
3013,limed,147.5,364,108,29,0
3014,aceta,147.5,345,84,24,0
3015,basic,147.6,368,90,29,1
3016,audit,147.6,342,107,30,1
3017,flute,147.6,369,107,36,1
3018,clash,147.6,423,113,33,1
3019,crops,147.6,389,101,28,0
3020,treed,147.6,413,108,35,0
3021,ocker,147.6,327,84,19,0
3022,kithe,147.6,357,85,32,0
3023,heres,147.7,410,99,33,0
3024,vials,147.7,391,96,30,0
3025,dropt,147.7,418,98,30,0
3026,cetes,147.7,421,98,37,0
3027,unled,147.7,350,89,25,0
3028,lyric,147.8,318,81,19,1
3029,roque,147.8,340,67,36,0
3030,decry,147.8,342,99,31,0
3031,boric,147.8,400,101,31,0
3032,scrim,147.8,374,92,29,0
3033,piker,147.8,349,86,29,0
3034,tsars,147.8,364,80,27,0
3035,daily,147.9,405,106,40,1
3036,awoke,147.9,280,81,32,1
3037,thurl,147.9,328,96,29,0
3038,awols,147.9,344,89,24,0
3039,craal,147.9,385,97,36,0
3040,sandy,148,408,99,42,1
3041,mercy,148,334,99,36,1
3042,sheaf,148,329,88,29,0
3043,ovals,148,346,80,23,0
3044,ricer,148,354,92,28,0
3045,maids,148.1,380,94,32,0
3046,tenon,148.1,330,91,32,0
3047,gager,148.1,342,78,34,0
3048,aglee,148.1,375,87,40,0
3049,horsy,148.1,359,103,35,0
3050,mayed,148.1,325,96,33,0
3051,until,148.2,407,104,21,1
3052,loess,148.2,328,82,31,0
3053,micro,148.3,391,103,25,1
3054,vapor,148.3,365,95,29,1
3055,niece,148.3,410,86,38,1
3056,shove,148.3,340,91,38,1
3057,truer,148.3,379,90,35,0
3058,goads,148.3,375,86,32,0
3059,coyed,148.3,326,88,35,0
3060,dahls,148.3,404,84,27,0
3061,skein,148.4,356,94,31,0
3062,ferny,148.4,330,92,37,0
3063,dript,148.4,408,99,31,0
3064,power,148.5,360,90,33,1
3065,varus,148.5,355,92,27,0
3066,micas,148.5,366,89,24,0
3067,wrapt,148.5,390,104,31,0
3068,lweis,148.5,335,95,22,0
3069,pekan,148.5,319,92,28,0
3070,meter,148.6,402,107,34,1
3071,inner,148.6,315,77,25,1
3072,sperm,148.6,361,96,26,1
3073,panne,148.6,359,87,44,0
3074,lunts,148.6,403,95,25,0
3075,suint,148.6,464,121,40,0
3076,sites,148.7,373,94,39,0
3077,hirer,148.7,359,81,32,0
3078,unbar,148.7,344,85,21,0
3079,fresh,148.8,361,95,31,1
3080,wrath,148.8,386,107,31,1
3081,icons,148.8,389,92,21,0
3082,taint,148.8,408,105,41,0
3083,cakey,148.8,305,83,42,0
3084,ebons,148.8,367,88,21,0
3085,pinto,148.9,415,110,26,1
3086,nudes,148.9,356,96,26,0
3087,tabid,148.9,375,105,30,0
3088,darks,148.9,381,78,29,0
3089,rotch,148.9,413,112,29,0
3090,farer,148.9,356,89,37,0
3091,slipt,148.9,453,112,37,0
3092,third,149,397,104,30,1
3093,brief,149,361,96,37,1
3094,panic,149,394,103,30,1
3095,blots,149,394,97,28,0
3096,kurta,149,347,89,23,0
3097,caked,149,349,77,36,0
3098,hovel,149,332,95,32,0
3099,witan,149,371,101,27,0
3100,dazes,149,342,69,32,0
3101,dynel,149,353,100,28,0
3102,types,149.1,367,87,24,0
3103,calms,149.1,426,96,31,0
3104,adoze,149.1,292,67,30,0
3105,pules,149.1,385,111,31,0
3106,sprag,149.1,375,91,29,0
3107,while,149.2,373,99,36,1
3108,jones,149.2,320,78,32,1
3109,corps,149.2,389,102,29,1
3110,poesy,149.2,375,100,39,0
3111,elute,149.2,390,85,35,0
3112,fices,149.2,353,99,29,0
3113,aloud,149.3,333,101,25,1
3114,rhyme,149.3,352,80,31,1
3115,dowse,149.3,358,90,38,0
3116,stirk,149.3,396,93,32,0
3117,sacra,149.4,387,87,37,0
3118,natch,149.4,414,105,28,0
3119,rugal,149.4,313,107,24,0
3120,allot,149.5,345,94,31,0
3121,ladle,149.5,375,90,40,0
3122,tempi,149.5,340,81,22,0
3123,deter,149.6,413,101,32,1
3124,stars,149.6,364,79,31,0
3125,sahib,149.6,384,79,34,0
3126,waver,149.6,368,87,31,0
3127,rangy,149.6,352,98,34,0
3128,flans,149.6,403,96,29,0
3129,grove,149.7,393,97,34,1
3130,glues,149.7,377,103,30,0
3131,paged,149.7,350,93,36,0
3132,yokel,149.7,338,71,29,0
3133,sarky,149.7,374,95,42,0
3134,shaly,149.7,413,105,41,0
3135,yours,149.8,374,85,27,0
3136,gleam,149.8,323,99,24,0
3137,lobed,149.8,354,105,32,0
3138,devas,149.8,339,91,25,0
3139,slank,149.8,422,106,34,0
3140,ichor,149.8,386,80,16,0
3141,frays,149.8,359,83,27,0
3142,lathy,149.8,411,98,32,0
3143,dirty,149.9,392,97,33,1
3144,sadly,149.9,429,104,43,1
3145,hinge,149.9,376,104,35,1
3146,corgi,149.9,405,88,28,1
3147,bytes,149.9,358,77,27,0
3148,gavel,149.9,365,102,34,0
3149,lunge,149.9,370,105,34,0
3150,algin,149.9,385,117,26,0
3151,ceric,149.9,354,77,31,0
3152,jatos,149.9,354,77,26,0
3153,white,150,364,109,37,1
3154,menus,150,347,93,26,0
3155,donee,150,423,97,48,0
3156,mayst,150,423,93,32,0
3157,abase,150,362,74,36,0
3158,gyral,150,335,96,23,0
3159,strow,150,390,90,27,0
3160,sworn,150.1,386,99,32,1
3161,dobra,150.1,349,105,29,0
3162,gules,150.1,377,97,30,0
3163,ontic,150.1,409,103,16,0
3164,milts,150.1,427,95,25,0
3165,began,150.2,318,101,30,1
3166,wince,150.2,380,98,37,1
3167,furan,150.2,339,93,29,0
3168,gofer,150.2,365,89,31,0
3169,dorty,150.2,418,103,35,0
3170,indue,150.2,327,93,27,0
3171,graft,150.3,394,93,30,1
3172,palea,150.3,375,98,37,0
3173,sodic,150.3,415,90,36,0
3174,retem,150.3,402,104,31,0
3175,greet,150.4,425,102,37,1
3176,hands,150.4,407,86,26,0
3177,lauds,150.4,410,100,27,0
3178,malic,150.4,408,98,27,0
3179,irked,150.4,344,86,28,0
3180,jades,150.4,343,68,31,0
3181,skiey,150.4,340,84,46,0
3182,spilt,150.5,453,113,36,0
3183,dhals,150.5,404,88,29,0
3184,zoris,150.5,359,76,28,0
3185,ramps,150.6,387,88,24,0
3186,prude,150.6,416,103,36,0
3187,tumor,150.7,415,107,28,1
3188,grief,150.7,372,101,35,1
3189,nacho,150.7,372,94,21,0
3190,dicot,150.7,431,101,28,0
3191,atopy,150.7,334,93,30,0
3192,dashi,150.7,362,80,22,0
3193,freak,150.8,320,91,29,1
3194,hokes,150.8,319,80,29,0
3195,sines,150.9,364,92,40,0
3196,corms,150.9,386,104,31,0
3197,drily,150.9,366,106,37,0
3198,ferly,150.9,338,102,35,0
3199,xeric,151,353,73,24,0
3200,laigh,151,419,102,34,0
3201,mayos,151,361,86,26,0
3202,spado,151,373,88,30,0
3203,wheat,151.1,339,106,28,1
3204,stalk,151.1,402,106,31,1
3205,tells,151.1,374,89,28,0
3206,towed,151.1,346,92,33,0
3207,spica,151.1,393,108,33,0
3208,jeton,151.1,328,80,26,0
3209,virls,151.1,343,90,26,0
3210,ovary,151.2,332,80,30,1
3211,grout,151.2,427,108,30,1
3212,racks,151.2,371,83,24,0
3213,boney,151.2,362,100,44,0
3214,pions,151.2,425,103,32,0
3215,gaped,151.2,350,93,34,0
3216,genic,151.2,359,95,27,0
3217,bergs,151.2,382,96,28,0
3218,drupe,151.2,416,99,35,0
3219,ikats,151.3,371,74,22,0
3220,plica,151.3,406,107,31,0
3221,stupe,151.3,391,106,36,0
3222,uhlan,151.3,382,83,24,0
3223,globe,151.4,360,91,34,1
3224,masse,151.4,358,89,39,1
3225,seder,151.4,434,106,41,0
3226,picot,151.4,421,97,31,0
3227,stoat,151.4,363,91,36,0
3228,bides,151.4,366,97,31,0
3229,unapt,151.4,393,90,24,0
3230,foils,151.5,397,96,35,0
3231,melds,151.5,374,88,25,0
3232,nones,151.5,327,83,32,0
3233,peter,151.6,421,98,35,1
3234,azide,151.6,301,73,33,0
3235,meiny,151.6,381,102,41,0
3236,caved,151.7,366,86,36,0
3237,linga,151.7,385,111,24,0
3238,garbs,151.7,377,94,28,0
3239,sheer,151.8,410,104,37,1
3240,clams,151.8,426,100,29,0
3241,emote,151.8,374,76,33,0
3242,firns,151.8,376,92,30,0
3243,panty,151.9,405,110,36,1
3244,debts,151.9,383,80,25,0
3245,beret,151.9,436,106,42,0
3246,lurid,151.9,359,97,27,0
3247,yente,151.9,374,86,38,0
3248,movie,152,315,92,41,1
3249,macon,152,394,111,28,1
3250,platy,152,411,105,38,0
3251,kited,152,351,84,29,0
3252,setup,152.1,391,107,33,1
3253,withe,152.1,364,98,33,0
3254,taxon,152.2,368,90,29,1
3255,omits,152.2,392,86,22,0
3256,oleum,152.2,332,84,19,0
3257,clags,152.2,419,93,30,0
3258,lurer,152.2,363,80,32,0
3259,yirth,152.2,382,95,25,0
3260,flyer,152.3,338,95,28,1
3261,upset,152.3,391,101,28,1
3262,tanto,152.3,378,99,32,1
3263,parvo,152.3,365,93,29,0
3264,gamey,152.3,320,88,40,0
3265,razee,152.3,399,72,44,0
3266,peaks,152.4,332,102,31,0
3267,rebar,152.4,354,96,29,0
3268,pical,152.4,406,103,27,0
3269,ganev,152.4,364,87,34,0
3270,fakes,152.5,339,77,32,0
3271,noses,152.5,327,82,30,0
3272,rowed,152.5,378,102,31,0
3273,orris,152.5,369,78,28,0
3274,oleos,152.5,328,75,23,0
3275,omega,152.6,276,84,17,1
3276,manic,152.6,399,100,29,1
3277,tubes,152.6,391,101,29,0
3278,chard,152.6,383,108,31,0
3279,leery,152.6,361,93,36,0
3280,sowed,152.6,358,91,40,0
3281,lawns,152.7,423,84,28,0
3282,pined,152.7,385,108,34,0
3283,scene,152.8,417,92,40,1
3284,wards,152.8,382,86,28,0
3285,glint,152.8,436,106,32,0
3286,duals,152.8,410,99,30,0
3287,cloze,152.8,344,80,37,0
3288,phial,152.8,392,97,31,0
3289,awned,152.8,341,101,30,0
3290,fermi,152.9,342,85,26,1
3291,amity,152.9,367,85,32,1
3292,cribs,152.9,382,93,29,0
3293,foram,152.9,349,93,30,0
3294,yokes,152.9,324,66,27,0
3295,crepy,152.9,347,97,36,0
3296,ephas,152.9,341,84,15,0
3297,luges,152.9,377,101,28,0
3298,rings,153,362,100,23,0
3299,clued,153,391,96,34,0
3300,acari,153,359,81,25,0
3301,harks,153,380,88,27,0
3302,chary,153,363,107,38,0
3303,poilu,153,408,84,34,0
3304,yogas,153,341,82,24,0
3305,mower,153.1,360,91,30,1
3306,coped,153.1,367,97,35,0
3307,lethe,153.1,407,92,37,0
3308,sties,153.1,373,91,38,0
3309,guiro,153.1,402,99,30,0
3310,yerks,153.1,354,70,23,0
3311,mbira,153.2,324,90,26,0
3312,adust,153.2,386,99,25,0
3313,wiper,153.3,365,89,27,1
3314,belga,153.3,327,96,28,0
3315,picas,153.3,393,95,25,0
3316,alifs,153.3,382,96,25,0
3317,patly,153.3,411,104,36,0
3318,shend,153.3,353,93,31,0
3319,incur,153.4,385,87,17,1
3320,dower,153.4,378,105,30,0
3321,kirns,153.4,380,86,27,0
3322,mauts,153.4,423,104,30,0
3323,padis,153.4,398,103,30,0
3324,prize,153.5,387,82,38,1
3325,silva,153.5,391,101,32,1
3326,clasp,153.5,439,110,30,1
3327,durst,153.5,416,102,31,0
3328,terry,153.6,361,89,37,1
3329,cabin,153.6,403,110,33,1
3330,serge,153.6,445,104,45,1
3331,atoll,153.6,345,88,28,1
3332,scrip,153.6,399,101,29,0
3333,scold,153.6,410,87,30,0
3334,gimel,153.6,373,104,31,0
3335,prosy,153.6,412,104,38,0
3336,suety,153.6,381,105,39,0
3337,whose,153.7,341,101,35,1
3338,split,153.7,453,107,33,1
3339,neons,153.7,318,80,31,0
3340,heath,153.8,310,78,33,1
3341,voted,153.8,355,88,33,0
3342,thorp,153.8,410,102,27,0
3343,aunty,153.8,378,103,33,0
3344,surer,153.8,396,90,41,0
3345,asdic,153.8,354,79,17,0
3346,rykes,153.8,354,69,21,0
3347,maybe,153.9,331,84,35,1
3348,sails,153.9,422,95,42,0
3349,mirth,153.9,405,104,28,0
3350,flyte,153.9,355,94,34,0
3351,thief,154,365,100,33,1
3352,cella,154,335,93,32,0
3353,novas,154,365,92,25,0
3354,tachs,154,434,90,25,0
3355,omber,154,349,85,21,0
3356,tondi,154,442,95,26,0
3357,about,154.1,352,93,25,1
3358,perch,154.1,399,107,30,1
3359,cobia,154.1,374,99,31,0
3360,hilts,154.1,443,101,24,0
3361,yuans,154.1,397,84,28,0
3362,farms,154.2,386,84,31,0
3363,drawl,154.2,386,92,29,0
3364,topic,154.3,421,92,27,1
3365,drank,154.3,381,96,30,1
3366,spree,154.3,446,106,48,1
3367,stank,154.3,409,104,31,0
3368,smaze,154.3,351,76,38,0
3369,croft,154.4,436,103,32,1
3370,becap,154.4,322,87,27,0
3371,brags,154.5,377,96,30,0
3372,fovea,154.5,292,79,33,0
3373,merks,154.5,384,85,26,0
3374,alcid,154.5,402,106,24,0
3375,duels,154.6,369,95,26,0
3376,chide,154.6,393,100,37,0
3377,chyle,154.6,375,91,34,0
3378,laura,154.7,366,87,32,1
3379,ileum,154.7,340,85,19,0
3380,dopas,154.7,373,91,27,0
3381,lasso,154.8,371,87,28,1
3382,tents,154.8,377,95,30,0
3383,mends,154.8,362,93,25,0
3384,talas,154.8,443,95,32,0
3385,meths,154.8,382,90,24,0
3386,flake,154.9,357,97,37,1
3387,cleft,154.9,345,98,29,1
3388,wreak,154.9,339,89,27,0
3389,neums,154.9,347,87,24,0
3390,vista,155,375,93,21,1
3391,arhat,155,421,83,31,0
3392,parch,155,406,111,33,0
3393,kinas,155,381,88,24,0
3394,wider,155.1,366,100,28,1
3395,gaunt,155.1,424,107,36,0
3396,raker,155.1,367,72,31,0
3397,atomy,155.1,356,95,31,0
3398,prahu,155.1,364,76,26,0
3399,yourn,155.1,415,82,30,0
3400,linen,155.2,359,88,34,1
3401,helps,155.2,377,86,22,0
3402,grabs,155.2,377,89,26,0
3403,galop,155.2,391,91,28,0
3404,acyls,155.2,399,78,17,0
3405,urari,155.2,309,69,28,0
3406,zoeae,155.2,322,55,41,0
3407,final,155.3,395,103,29,1
3408,exact,155.3,360,78,28,1
3409,yield,155.3,345,85,25,1
3410,mauls,155.3,427,100,30,0
3411,etyma,155.3,369,86,14,0
3412,scalp,155.4,439,99,30,1
3413,poult,155.4,433,101,36,0
3414,yagis,155.4,375,81,26,0
3415,preen,155.5,419,96,37,0
3416,cuber,155.5,382,105,31,0
3417,ruler,155.6,363,80,30,1
3418,skied,155.6,385,87,38,0
3419,duros,155.6,396,97,25,0
3420,smoke,155.7,347,84,37,1
3421,beaks,155.7,331,87,31,0
3422,jotas,155.7,354,72,27,0
3423,yowes,155.7,320,72,27,0
3424,payee,155.8,385,81,46,1
3425,meres,155.8,428,96,35,0
3426,bayed,155.8,325,93,35,0
3427,plaid,155.9,417,107,31,1
3428,tarry,155.9,399,90,40,0
3429,gamed,155.9,358,94,35,0
3430,roost,156,418,99,37,1
3431,dicey,156,349,93,36,0
3432,galea,156,375,91,36,0
3433,atilt,156,399,95,32,0
3434,feods,156,331,80,30,0
3435,sooey,156,341,75,53,0
3436,mined,156.1,376,111,33,0
3437,duets,156.1,360,97,26,0
3438,sages,156.1,355,89,42,0
3439,liana,156.1,434,97,34,0
3440,runic,156.1,385,89,23,0
3441,pilau,156.1,344,85,25,0
3442,cymar,156.1,380,93,26,0
3443,pesty,156.1,367,103,33,0
3444,zeins,156.1,356,76,30,0
3445,adder,156.2,340,76,24,1
3446,dewan,156.2,341,97,26,0
3447,maxes,156.2,355,73,31,0
3448,hacek,156.2,338,86,33,0
3449,jurel,156.2,354,70,31,0
3450,larky,156.2,367,97,34,0
3451,serry,156.2,388,81,43,0
3452,banco,156.3,393,99,32,1
3453,satis,156.3,413,90,39,0
3454,dunce,156.3,384,104,37,0
3455,sward,156.3,382,90,32,0
3456,icier,156.3,354,73,28,0
3457,pours,156.4,407,107,32,0
3458,mazes,156.4,351,67,31,0
3459,rifts,156.4,408,93,22,0
3460,lahar,156.4,376,81,31,0
3461,purin,156.4,406,99,30,0
3462,lexis,156.5,364,80,24,1
3463,clang,156.5,442,98,30,0
3464,cecal,156.5,335,86,31,0
3465,biker,156.6,355,84,30,1
3466,chute,156.6,386,104,37,1
3467,faves,156.6,363,78,33,0
3468,joule,156.6,338,68,38,0
3469,perse,156.6,446,108,41,0
3470,vinas,156.6,382,94,25,0
3471,tabun,156.6,419,98,30,0
3472,ogled,156.6,342,81,23,0
3473,prier,156.6,393,89,39,0
3474,torso,156.7,418,100,32,1
3475,mauve,156.7,329,80,38,1
3476,curve,156.8,402,96,37,1
3477,blues,156.8,397,105,32,0
3478,gorsy,156.8,395,97,36,0
3479,china,156.9,386,106,31,1
3480,bacon,156.9,393,102,30,1
3481,elope,156.9,397,78,33,0
3482,bruit,156.9,426,110,34,0
3483,agene,156.9,375,88,36,0
3484,hardy,157,367,95,32,1
3485,dread,157,340,87,28,1
3486,styli,157,401,83,22,1
3487,lazed,157,370,76,33,0
3488,yapon,157,377,91,25,0
3489,march,157.1,406,106,32,1
3490,passe,157.1,367,98,40,1
3491,obits,157.1,386,81,21,0
3492,abele,157.1,387,85,34,0
3493,sorts,157.3,418,89,39,0
3494,coven,157.3,358,104,36,0
3495,sains,157.3,416,89,43,0
3496,dints,157.3,456,99,26,0
3497,orgic,157.3,405,86,22,0
3498,broth,157.4,432,100,32,1
3499,taxis,157.4,404,83,28,0
3500,howes,157.4,341,86,29,0
3501,gaily,157.4,426,98,40,0
3502,aioli,157.4,351,68,29,0
3503,wheal,157.4,334,98,24,0
3504,cerci,157.4,354,78,31,0
3505,thrip,157.4,418,99,26,0
3506,glory,157.5,378,95,34,1
3507,chats,157.6,434,114,31,0
3508,llano,157.6,391,81,31,0
3509,halms,157.6,433,86,26,0
3510,thraw,157.6,386,100,25,0
3511,oasis,157.7,295,75,27,1
3512,angry,157.7,352,91,28,1
3513,lapel,157.7,375,94,34,1
3514,primo,157.7,408,100,30,1
3515,lofts,157.7,411,90,25,0
3516,prese,157.7,446,104,40,0
3517,sirup,157.7,418,104,33,0
3518,grith,157.7,429,104,31,0
3519,hulas,157.7,394,95,23,0
3520,chime,157.8,390,102,38,1
3521,drier,157.8,392,99,37,1
3522,vices,157.8,384,89,26,0
3523,tongs,157.8,450,98,28,0
3524,manus,157.8,424,89,28,0
3525,pewit,157.8,376,87,32,0
3526,vault,157.9,425,89,34,1
3527,draws,157.9,382,84,26,0
3528,crass,157.9,387,82,33,0
3529,malty,157.9,426,104,33,0
3530,drees,157.9,434,96,33,0
3531,cozes,157.9,334,74,33,0
3532,refly,157.9,338,95,30,0
3533,fiber,158,361,95,29,1
3534,natal,158,415,96,29,1
3535,claps,158,439,106,28,0
3536,gilts,158,439,97,25,0
3537,tromp,158,424,99,26,0
3538,rawer,158,376,75,31,0
3539,delft,158.1,377,95,28,1
3540,tigon,158.1,443,111,27,0
3541,prank,158.2,389,98,32,1
3542,boned,158.2,363,103,37,0
3543,toque,158.2,326,68,38,0
3544,patsy,158.3,433,107,38,1
3545,rerun,158.3,370,83,28,1
3546,saucy,158.3,423,91,46,0
3547,besom,158.3,340,85,26,0
3548,jails,158.4,412,76,32,0
3549,surly,158.4,349,95,38,0
3550,coses,158.4,343,85,35,0
3551,podia,158.4,374,102,31,0
3552,coala,158.4,434,88,39,0
3553,vogie,158.4,330,96,40,0
3554,fault,158.5,428,110,37,1
3555,prawn,158.5,390,89,30,1
3556,temps,158.5,398,86,24,0
3557,shive,158.5,404,89,40,0
3558,fados,158.5,371,80,29,0
3559,lysin,158.5,416,94,20,0
3560,apnea,158.6,359,84,31,1
3561,colds,158.7,410,94,28,0
3562,trots,158.7,418,96,30,0
3563,pends,158.7,390,93,26,0
3564,roved,158.7,395,105,31,0
3565,damns,158.7,429,91,31,0
3566,shark,158.8,380,100,33,1
3567,mover,158.8,375,96,31,1
3568,hasty,158.8,424,107,31,1
3569,facts,158.8,418,87,28,0
3570,taluk,158.8,421,90,31,0
3571,gelds,158.8,392,85,24,0
3572,stagy,158.8,410,88,38,0
3573,impel,158.9,370,87,22,0
3574,coxes,158.9,340,80,33,0
3575,anoas,158.9,396,84,26,0
3576,cupel,158.9,401,100,33,0
3577,faith,159,412,107,36,1
3578,fagot,159,382,93,35,0
3579,oasts,159,363,77,26,0
3580,uveas,159,308,75,17,0
3581,vatic,159,391,86,26,0
3582,elect,159.1,371,91,29,1
3583,ruana,159.1,382,83,33,0
3584,savoy,159.2,372,86,43,1
3585,eider,159.2,392,93,28,0
3586,eyres,159.2,388,81,26,0
3587,alias,159.3,422,91,30,1
3588,wakes,159.3,357,75,30,0
3589,repel,159.3,415,95,32,0
3590,peise,159.3,456,97,44,0
3591,vomer,159.3,375,95,30,0
3592,retry,159.4,361,85,34,1
3593,dowel,159.4,365,96,32,0
3594,hurls,159.4,344,87,24,0
3595,eikon,159.4,418,79,22,0
3596,askoi,159.4,308,67,14,0
3597,gelid,159.4,389,106,29,0
3598,genre,159.5,450,102,41,1
3599,lubes,159.5,397,99,27,0
3600,warms,159.5,398,81,29,0
3601,neigh,159.5,376,95,31,0
3602,brosy,159.5,414,95,38,0
3603,whine,159.6,390,98,37,1
3604,nines,159.6,364,86,29,0
3605,duces,159.6,382,96,28,0
3606,pirog,159.6,417,91,28,0
3607,sials,159.6,422,92,39,0
3608,drawn,159.7,393,99,29,1
3609,torts,159.7,418,98,31,0
3610,kilos,159.7,388,86,22,0
3611,tangy,159.7,429,94,36,0
3612,gazes,159.7,349,75,32,0
3613,chest,159.8,375,115,30,1
3614,gnome,159.8,368,95,32,1
3615,paean,159.8,359,93,35,0
3616,nappe,159.8,359,75,34,0
3617,cloys,159.8,410,78,25,0
3618,narky,159.8,371,83,32,0
3619,admit,159.9,380,90,24,1
3620,aural,159.9,366,92,29,1
3621,ovens,159.9,348,81,19,0
3622,blurt,159.9,380,105,32,0
3623,gadis,159.9,408,96,29,0
3624,tokay,160,364,80,35,0
3625,ovule,160,331,82,29,0
3626,mints,160.1,466,97,26,0
3627,cloth,160.2,447,99,31,1
3628,toros,160.2,418,96,32,0
3629,sabes,160.2,362,83,42,0
3630,viper,160.3,383,94,26,1
3631,salts,160.3,443,93,39,0
3632,clods,160.3,410,91,26,0
3633,uveal,160.3,309,77,18,0
3634,grume,160.3,410,102,35,0
3635,limns,160.3,434,86,25,0
3636,volti,160.3,395,89,24,0
3637,focal,160.4,380,97,29,1
3638,egret,160.4,425,89,31,0
3639,turds,160.4,416,94,24,0
3640,vinal,160.4,404,107,26,0
3641,mokes,160.4,347,77,30,0
3642,gript,160.4,435,94,31,0
3643,paxes,160.4,364,83,33,0
3644,unhat,160.4,401,81,20,0
3645,spoke,160.5,348,94,37,1
3646,epics,160.5,372,101,23,0
3647,waxer,160.5,371,69,31,0
3648,scout,160.6,461,110,32,1
3649,decaf,160.6,321,90,23,0
3650,clipt,160.6,464,94,33,0
3651,coact,160.6,396,87,42,0
3652,varve,160.6,398,77,37,0
3653,yirds,160.6,377,86,22,0
3654,quote,160.7,326,65,35,1
3655,birth,160.7,417,101,30,1
3656,honda,160.7,371,99,26,1
3657,zebra,160.7,348,80,24,1
3658,marks,160.7,408,81,28,0
3659,longs,160.7,426,93,26,0
3660,bilge,160.7,397,104,37,0
3661,huger,160.7,385,95,27,0
3662,vaunt,160.7,423,87,35,0
3663,direr,160.7,392,95,34,0
3664,yikes,160.8,340,66,24,1
3665,gases,160.8,355,84,33,0
3666,tabus,160.8,421,97,27,0
3667,waken,160.8,358,78,32,0
3668,hawed,160.8,352,83,32,0
3669,guano,160.9,371,97,31,0
3670,laded,160.9,375,81,34,0
3671,badge,161,364,94,39,1
3672,demon,161,358,112,26,1
3673,dreks,161,390,81,24,0
3674,runty,161,381,100,31,0
3675,haars,161.1,406,80,36,0
3676,mured,161.1,411,100,34,0
3677,ether,161.2,407,84,21,1
3678,sambo,161.2,392,83,34,0
3679,fetid,161.2,369,96,30,0
3680,hyper,161.3,368,87,21,1
3681,cress,161.3,381,76,30,0
3682,stoas,161.3,363,79,31,0
3683,diver,161.4,383,108,27,1
3684,evils,161.4,355,90,22,0
3685,leper,161.4,415,95,31,0
3686,purge,161.5,412,103,35,1
3687,aided,161.5,308,81,32,0
3688,sasin,161.5,416,96,39,0
3689,dorps,161.5,425,89,27,0
3690,gleba,161.5,340,88,22,0
3691,cramp,161.6,422,103,30,0
3692,lowed,161.6,365,93,31,0
3693,bowse,161.6,371,85,39,0
3694,japes,161.6,361,75,30,0
3695,wited,161.6,372,97,30,0
3696,frags,161.7,388,93,30,0
3697,rived,161.7,383,107,28,0
3698,twerp,161.7,382,97,22,0
3699,inbye,161.7,332,72,25,0
3700,trock,161.7,432,100,30,0
3701,sling,161.8,464,90,33,1
3702,girth,161.8,429,102,28,1
3703,nicad,161.8,399,98,22,0
3704,kefir,161.8,378,79,28,0
3705,plash,161.8,443,111,31,0
3706,rawly,161.8,365,93,32,0
3707,volts,161.9,418,93,26,0
3708,redes,161.9,434,99,30,0
3709,filos,161.9,397,98,25,0
3710,bower,162,382,93,33,1
3711,auras,162,388,90,28,0
3712,fraps,162,400,88,28,0
3713,borty,162,431,108,37,0
3714,sangh,162.1,456,97,38,0
3715,fakir,162.1,379,84,32,0
3716,algae,162.2,375,94,37,1
3717,perks,162.2,407,95,27,0
3718,cosec,162.2,343,75,34,0
3719,disco,162.3,415,88,24,1
3720,hikes,162.3,374,81,26,0
3721,seams,162.3,358,86,38,0
3722,kafir,162.3,379,86,29,0
3723,barfs,162.3,391,83,30,0
3724,beths,162.3,404,82,26,0
3725,gibes,162.3,383,94,28,0
3726,gleet,162.3,425,96,35,0
3727,cheap,162.4,352,102,25,1
3728,count,162.4,490,115,37,1
3729,bravo,162.4,386,84,30,1
3730,rinks,162.4,380,87,23,0
3731,apace,162.4,388,85,38,0
3732,nixes,162.4,363,80,25,0
3733,nervy,162.4,341,89,30,0
3734,uncia,162.4,352,88,17,0
3735,maria,162.5,384,95,32,1
3736,modal,162.5,405,103,29,1
3737,doves,162.5,365,91,31,0
3738,beady,162.5,336,96,38,0
3739,locus,162.6,431,98,23,1
3740,bison,162.6,426,96,27,1
3741,poems,162.6,372,94,31,0
3742,rolls,162.6,354,75,27,0
3743,hoped,162.6,371,91,31,0
3744,tarty,162.6,399,94,38,0
3745,apods,162.6,373,85,21,0
3746,quart,162.7,386,70,31,1
3747,roots,162.7,418,89,33,0
3748,elfin,162.7,391,94,23,0
3749,moult,162.7,449,100,34,0
3750,miche,162.7,390,91,33,0
3751,demur,162.7,411,100,28,0
3752,veldt,162.7,387,89,28,0
3753,domal,162.7,405,106,28,0
3754,durns,162.7,386,94,28,0
3755,ethic,162.8,382,78,13,1
3756,drops,162.8,425,90,25,0
3757,prods,162.8,425,96,27,0
3758,viols,162.8,404,96,28,0
3759,mense,162.8,451,90,41,0
3760,pases,162.8,367,94,34,0
3761,sorns,162.8,420,83,40,0
3762,alley,162.9,338,89,40,1
3763,pokes,162.9,348,84,32,0
3764,doxie,162.9,330,84,40,0
3765,bialy,162.9,429,97,40,0
3766,akene,162.9,387,78,36,0
3767,cymes,162.9,379,76,26,0
3768,davit,163,405,95,33,0
3769,mourn,163.1,439,99,32,1
3770,units,163.1,464,97,22,0
3771,pasty,163.1,433,109,34,0
3772,caput,163.1,440,100,34,0
3773,netts,163.1,377,87,25,0
3774,spiry,163.1,410,96,39,0
3775,typal,163.1,411,100,20,0
3776,leave,163.2,432,97,40,1
3777,apart,163.2,437,93,32,1
3778,trick,163.3,430,99,31,1
3779,dense,163.3,461,96,40,1
3780,echos,163.3,393,78,13,0
3781,extol,163.3,370,80,19,0
3782,souse,163.3,346,83,47,0
3783,denim,163.4,376,103,27,1
3784,glaze,163.4,371,83,35,1
3785,aptly,163.4,411,98,29,1
3786,pansy,163.4,446,104,38,0
3787,tulle,163.4,390,86,37,0
3788,fayed,163.4,338,81,34,0
3789,opahs,163.4,364,73,19,0
3790,bloke,163.5,363,93,36,1
3791,slurp,163.5,378,99,31,1
3792,dulia,163.5,355,100,25,0
3793,charm,163.6,406,107,29,1
3794,swarm,163.6,398,86,30,1
3795,brume,163.6,426,97,38,0
3796,fleam,163.7,331,95,24,0
3797,genus,163.8,386,99,25,0
3798,dikes,163.8,385,81,27,0
3799,yulan,163.8,412,85,23,0
3800,conga,163.9,393,104,31,0
3801,miaow,163.9,307,78,32,0
3802,agger,163.9,342,70,24,0
3803,ylems,163.9,358,76,19,0
3804,warps,164,414,86,27,0
3805,deads,164,349,79,29,0
3806,roups,164,407,96,25,0
3807,apish,164,409,93,28,0
3808,minke,164.1,386,88,36,0
3809,porny,164.1,438,104,38,0
3810,snell,164.2,364,80,32,1
3811,motte,164.2,374,96,41,0
3812,brach,164.2,413,96,32,0
3813,smerk,164.2,384,86,28,0
3814,decoy,164.3,371,93,31,1
3815,knave,164.3,374,82,31,0
3816,perdu,164.3,416,87,25,0
3817,henna,164.4,321,84,30,1
3818,isles,164.4,366,76,22,0
3819,gages,164.4,355,74,34,0
3820,foams,164.4,393,80,34,0
3821,harpy,164.4,384,103,32,0
3822,banty,164.4,429,96,37,0
3823,prees,164.4,446,104,35,0
3824,spend,164.5,390,92,29,1
3825,tykes,164.5,375,67,23,0
3826,pengo,164.5,366,92,27,0
3827,elide,164.5,449,87,36,0
3828,tsked,164.5,397,68,24,0
3829,semen,164.6,451,91,42,1
3830,ashes,164.6,324,68,22,0
3831,drips,164.6,424,92,26,0
3832,throb,164.6,432,98,25,0
3833,dinge,164.6,419,114,36,0
3834,horah,164.6,348,72,31,0
3835,utter,164.7,379,84,24,1
3836,hertz,164.7,398,76,25,1
3837,knead,164.7,320,84,20,0
3838,teuch,164.7,386,107,30,0
3839,zonal,164.8,385,80,28,1
3840,waves,164.8,384,78,31,0
3841,brunt,164.8,420,109,33,0
3842,slats,164.8,443,92,36,0
3843,culti,164.8,443,91,25,0
3844,fadge,164.8,371,82,39,0
3845,rotos,164.8,418,92,29,0
3846,guest,164.9,376,107,29,1
3847,roper,164.9,395,87,31,1
3848,thins,164.9,490,105,28,0
3849,puris,164.9,418,107,27,0
3850,calif,165,444,99,32,1
3851,adzes,165,342,62,22,0
3852,mikra,165,349,85,24,0
3853,lanai,165.1,434,95,29,1
3854,bases,165.1,362,86,35,0
3855,dolci,165.1,432,88,27,0
3856,gambe,165.1,364,88,37,0
3857,thyme,165.2,377,81,32,1
3858,avion,165.2,394,103,27,1
3859,deers,165.2,434,92,29,0
3860,nisei,165.2,364,74,25,0
3861,indol,165.2,432,92,19,0
3862,hafis,165.2,406,84,26,0
3863,rural,165.3,366,82,28,1
3864,prism,165.3,439,93,31,1
3865,octet,165.3,334,85,28,1
3866,maths,165.3,461,88,25,0
3867,grees,165.3,445,97,33,0
3868,cloak,165.4,404,96,31,1
3869,duper,165.4,416,95,28,0
3870,bevor,165.4,398,95,31,0
3871,ulpan,165.4,406,93,22,0
3872,quite,165.5,369,75,36,1
3873,elder,165.5,413,95,28,1
3874,boche,165.5,377,84,38,0
3875,teeny,165.6,374,93,40,1
3876,dorms,165.6,429,90,28,0
3877,foins,165.6,450,92,35,0
3878,fusel,165.7,412,94,31,0
3879,kytes,165.7,375,70,22,0
3880,titan,165.8,408,98,30,1
3881,circa,165.8,359,84,33,1
3882,aspic,165.8,393,78,16,0
3883,kerne,165.8,449,84,40,0
3884,mesne,165.8,451,93,41,0
3885,ulnad,165.8,417,95,25,0
3886,unrip,165.8,406,84,20,0
3887,woald,165.8,425,100,35,0
3888,leger,165.9,416,94,32,1
3889,hints,165.9,490,107,25,0
3890,moxie,165.9,326,79,39,0
3891,frosh,165.9,422,92,31,0
3892,flour,166,404,94,30,1
3893,repro,166,395,88,26,1
3894,czars,166,376,67,28,0
3895,alans,166,456,93,30,0
3896,gavot,166,401,90,33,0
3897,jerid,166,385,76,28,0
3898,kyars,166,374,81,22,0
3899,spaes,166,367,91,39,0
3900,voled,166,385,97,32,0
3901,lasts,166.1,443,88,27,0
3902,bends,166.1,388,89,27,0
3903,doily,166.1,451,101,40,0
3904,toted,166.1,376,86,36,0
3905,looey,166.1,360,78,46,0
3906,swipe,166.2,411,94,39,1
3907,parks,166.2,427,96,30,0
3908,homey,166.2,358,88,38,0
3909,tyees,166.2,423,76,28,0
3910,liked,166.3,397,83,28,0
3911,famed,166.3,370,88,35,0
3912,raver,166.3,398,83,31,0
3913,favor,166.4,379,87,31,1
3914,dried,166.4,392,91,37,1
3915,nests,166.4,377,79,24,0
3916,mirex,166.4,381,83,32,0
3917,surra,166.4,388,82,35,0
3918,burnt,166.6,420,109,34,1
3919,soils,166.6,435,84,42,0
3920,genip,166.6,401,95,29,0
3921,audio,166.7,399,93,26,1
3922,hogan,166.7,401,93,28,1
3923,frore,166.7,419,81,41,0
3924,grunt,166.8,429,107,31,1
3925,loved,166.8,385,99,31,0
3926,nival,166.8,404,102,22,0
3927,jurat,166.8,378,77,29,0
3928,beamy,166.8,360,87,39,0
3929,brier,166.9,400,85,39,0
3930,ghast,166.9,450,101,31,0
3931,calfs,166.9,452,90,29,0
3932,octyl,167,404,70,14,0
3933,yelps,167,388,82,20,0
3934,haiks,167,422,84,31,0
3935,tubal,167.1,418,101,25,1
3936,rheum,167.1,365,84,20,0
3937,girsh,167.1,427,97,29,0
3938,rusty,167.2,412,95,28,1
3939,gorge,167.2,412,76,39,1
3940,sheen,167.2,442,96,39,1
3941,fluor,167.2,404,97,29,0
3942,kenaf,167.2,338,78,25,0
3943,litai,167.2,399,77,24,0
3944,venae,167.2,416,87,41,0
3945,mikes,167.3,378,79,27,0
3946,diene,167.3,465,98,42,0
3947,sards,167.3,416,76,37,0
3948,spike,167.4,410,98,39,1
3949,diode,167.4,330,75,38,1
3950,hotly,167.4,445,97,34,0
3951,edile,167.4,449,83,34,0
3952,gleds,167.4,392,87,22,0
3953,genet,167.5,456,99,40,1
3954,manly,167.5,462,97,36,1
3955,clogs,167.5,428,84,28,0
3956,secco,167.5,343,76,36,0
3957,gleys,167.5,372,78,20,0
3958,turbo,167.6,434,103,24,1
3959,riper,167.6,393,84,28,0
3960,hylas,167.6,413,88,18,0
3961,aahed,167.6,379,65,35,0
3962,kayos,167.6,379,72,23,0
3963,moves,167.7,375,86,31,0
3964,rider,167.8,392,97,29,1
3965,glove,167.8,392,91,33,1
3966,belie,167.8,460,91,43,0
3967,bints,167.8,473,89,28,0
3968,vague,167.9,320,93,37,1
3969,vegan,167.9,364,97,26,1
3970,ratty,167.9,399,91,35,0
3971,bronc,167.9,454,99,29,0
3972,flues,167.9,412,99,31,0
3973,yurts,167.9,412,93,22,0
3974,defis,167.9,386,86,24,0
3975,joist,168,454,72,37,0
3976,amids,168,380,88,21,0
3977,rayas,168,400,77,27,0
3978,sices,168,399,85,38,0
3979,blaze,168.1,381,84,37,1
3980,pints,168.1,492,101,27,0
3981,rimer,168.1,382,83,29,0
3982,wetly,168.1,346,93,33,0
3983,cauld,168.1,472,100,34,0
3984,nonce,168.2,377,89,40,0
3985,thegn,168.2,375,100,26,0
3986,xerus,168.2,389,71,22,0
3987,bribe,168.3,400,78,39,1
3988,baths,168.3,452,85,28,0
3989,befit,168.3,388,90,33,0
3990,palsy,168.4,464,110,37,1
3991,scars,168.4,387,75,31,0
3992,bield,168.4,386,102,30,0
3993,yawed,168.4,350,75,30,0
3994,green,168.5,450,96,35,1
3995,quiet,168.5,369,78,37,1
3996,addle,168.5,375,78,31,0
3997,video,168.6,328,94,27,1
3998,right,168.6,429,93,25,1
3999,cello,168.6,350,83,31,1
4000,girly,168.6,382,100,33,1
4001,amnic,168.6,399,89,21,0
4002,flied,168.7,411,106,36,1
4003,poach,168.7,425,101,36,0
4004,metes,168.7,459,94,33,0
4005,ducat,168.7,412,95,28,0
4006,clefs,168.8,378,99,24,0
4007,spurn,168.8,412,93,31,0
4008,ouphe,168.8,326,83,29,0
4009,binge,168.9,409,108,38,1
4010,bahts,168.9,452,81,28,0
4011,motet,168.9,374,95,39,0
4012,pardy,168.9,415,99,35,0
4013,heavy,169,333,83,36,1
4014,hurst,169,441,116,30,1
4015,crows,169,427,84,27,0
4016,pawed,169,385,82,34,0
4017,farcy,169,402,96,38,0
4018,sotol,169,459,90,41,0
4019,unsay,169,397,87,25,0
4020,woads,169,408,83,31,0
4021,wytes,169,385,80,24,0
4022,round,169.1,446,110,30,1
4023,logic,169.1,441,94,25,1
4024,lousy,169.1,463,93,36,1
4025,babes,169.1,362,76,35,0
4026,genom,169.1,368,94,27,0
4027,reges,169.1,445,99,31,0
4028,speer,169.2,446,103,34,0
4029,tacks,169.2,450,83,26,0
4030,gyros,169.2,395,88,21,0
4031,cavil,169.2,450,104,33,0
4032,enoki,169.2,418,77,17,0
4033,trapt,169.3,437,97,33,0
4034,negus,169.3,386,90,21,0
4035,eight,169.4,394,86,23,1
4036,alums,169.4,427,101,22,0
4037,enows,169.4,398,83,17,0
4038,prims,169.4,439,94,29,0
4039,trugs,169.4,439,99,26,0
4040,stall,169.5,443,88,34,1
4041,lingo,169.5,445,108,23,1
4042,anvil,169.5,404,102,22,1
4043,ingot,169.5,443,93,21,0
4044,purls,169.5,378,100,28,0
4045,kelim,169.5,383,77,24,0
4046,briar,169.6,388,85,39,1
4047,cults,169.6,462,100,27,0
4048,meows,169.6,365,77,28,0
4049,axled,169.6,369,84,27,0
4050,guard,169.7,413,92,30,1
4051,wraps,169.7,414,90,27,0
4052,opsin,169.7,425,96,19,0
4053,rodeo,169.8,413,94,32,1
4054,safes,169.8,374,78,41,0
4055,proms,169.8,441,97,28,0
4056,evict,169.8,377,84,27,0
4057,fauve,169.8,336,76,39,0
4058,cered,169.8,475,96,40,0
4059,hives,169.9,404,82,26,0
4060,gloam,169.9,413,91,26,0
4061,creme,170,475,98,40,1
4062,progs,170,432,93,28,0
4063,lytic,170,431,82,17,0
4064,vocal,170.1,405,94,26,1
4065,fonts,170.1,472,93,30,0
4066,nazis,170.1,410,71,25,0
4067,reeds,170.1,434,91,26,0
4068,brees,170.1,457,90,35,0
4069,dolma,170.1,405,100,27,0
4070,ethyl,170.2,399,69,12,1
4071,tacit,170.2,433,90,35,1
4072,dwelt,170.2,373,87,26,1
4073,hangs,170.2,456,88,26,0
4074,homed,170.2,384,91,31,0
4075,glout,170.2,458,93,29,0
4076,guaco,170.2,376,83,30,0
4077,buyer,170.3,379,89,29,1
4078,speak,170.3,353,92,28,1
4079,betta,170.4,320,86,31,0
4080,sisal,170.4,422,92,34,0
4081,tamps,170.4,472,90,26,0
4082,urged,170.5,427,97,30,0
4083,afoul,170.5,368,78,23,0
4084,acing,170.5,414,91,23,0
4085,brank,170.5,412,97,32,0
4086,siege,170.6,458,89,43,1
4087,kraft,170.6,425,87,29,1
4088,pious,170.6,427,90,27,1
4089,kerbs,170.6,418,77,22,0
4090,antas,170.6,452,89,22,0
4091,label,170.7,387,96,34,1
4092,apple,170.8,375,81,32,1
4093,nasal,170.8,456,92,28,1
4094,giver,170.8,400,100,28,1
4095,froth,170.8,460,104,31,0
4096,ghats,170.8,450,95,28,0
4097,phyle,170.8,412,93,33,0
4098,holds,170.9,431,83,24,0
4099,tithe,170.9,407,91,37,0
4100,combe,170.9,396,93,38,0
4101,briny,170.9,432,91,39,0
4102,graph,171,418,94,28,1
4103,rebel,171,436,95,32,1
4104,clews,171,390,92,24,0
4105,shako,171,388,89,32,0
4106,sulci,171,461,95,31,0
4107,alary,171,398,96,38,0
4108,brawl,171.1,422,89,31,1
4109,bands,171.1,443,90,29,0
4110,wised,171.1,399,90,29,0
4111,barks,171.2,418,88,30,0
4112,ambit,171.2,400,88,24,0
4113,fauns,171.2,438,88,32,0
4114,bruin,171.3,434,97,32,0
4115,rabat,171.3,443,89,34,0
4116,kadis,171.3,416,82,26,0
4117,nurds,171.3,386,85,20,0
4118,major,171.4,397,81,29,1
4119,lefty,171.4,355,94,30,1
4120,winey,171.4,370,86,38,0
4121,nonas,171.4,396,78,28,0
4122,romeo,171.5,395,90,32,1
4123,wides,171.5,399,90,28,0
4124,ruses,171.5,396,80,28,0
4125,wrang,171.5,415,90,28,0
4126,lochs,171.6,443,87,22,0
4127,unlay,171.6,412,84,25,0
4128,peers,171.7,446,101,32,0
4129,betel,171.7,439,93,37,0
4130,sloyd,171.7,454,78,30,0
4131,foehn,171.7,412,81,31,0
4132,moose,171.8,397,85,43,1
4133,bowel,171.8,381,93,35,1
4134,aroma,171.8,406,97,29,1
4135,dozer,171.8,406,79,31,0
4136,tubas,171.8,421,95,24,0
4137,eyrir,171.8,376,70,26,0
4138,burin,171.9,434,98,30,0
4139,axmen,171.9,349,82,26,0
4140,spahi,171.9,409,80,26,0
4141,aggie,172,318,69,33,1
4142,filed,172,411,103,32,0
4143,faxes,172,370,70,32,0
4144,deice,172,480,93,43,0
4145,perdy,172,420,99,33,0
4146,fetus,172.1,416,95,26,1
4147,muted,172.1,395,97,31,0
4148,bravi,172.1,364,76,27,0
4149,dribs,172.1,416,90,26,0
4150,sauch,172.1,459,104,39,0
4151,atlas,172.2,443,85,23,1
4152,flint,172.2,477,107,33,1
4153,monad,172.2,417,109,30,0
4154,tings,172.2,484,98,25,0
4155,crypt,172.3,451,82,28,1
4156,cozen,172.3,369,81,36,0
4157,peage,172.3,425,81,42,0
4158,ruers,172.3,396,81,27,0
4159,techy,172.4,378,87,30,0
4160,cutin,172.4,494,104,30,0
4161,cyton,172.4,476,95,24,0
4162,eyers,172.4,388,77,19,0
4163,gorps,172.4,432,93,27,0
4164,slurb,172.4,400,86,31,0
4165,forth,172.5,460,107,31,1
4166,roger,172.5,412,86,32,1
4167,froze,172.5,412,71,36,1
4168,shoes,172.5,362,80,39,0
4169,punas,172.5,439,100,27,0
4170,rewet,172.5,459,91,35,0
4171,liege,172.6,462,92,37,1
4172,brawn,172.6,417,92,30,0
4173,mesas,172.6,358,81,27,0
4174,ardor,172.6,393,94,32,0
4175,brims,172.6,421,88,29,0
4176,cibol,172.6,463,102,30,0
4177,radix,172.7,369,86,27,1
4178,corks,172.7,430,94,30,0
4179,fiord,172.7,450,100,31,0
4180,pogey,172.7,371,84,41,0
4181,geste,172.8,480,92,38,0
4182,ogams,172.8,392,73,20,0
4183,rerig,172.8,410,81,28,0
4184,yonic,172.8,469,81,25,0
4185,malar,172.9,430,95,34,0
4186,yangs,172.9,442,82,25,0
4187,spurt,173,460,108,33,0
4188,herby,173,378,91,30,0
4189,glads,173,454,91,25,0
4190,bimas,173,399,84,27,0
4191,dangs,173,459,92,28,0
4192,welsh,173.1,412,90,27,1
4193,deign,173.1,419,116,33,0
4194,oculi,173.1,386,80,15,0
4195,forty,173.2,452,96,36,1
4196,mynas,173.2,431,84,21,0
4197,cache,173.3,364,75,39,1
4198,harsh,173.3,406,72,31,1
4199,paths,173.3,478,96,27,0
4200,axons,173.3,385,72,24,0
4201,dawts,173.3,448,78,27,0
4202,deles,173.3,470,94,32,0
4203,fazes,173.3,368,68,32,0
4204,grapy,173.3,424,89,35,0
4205,totem,173.4,374,93,34,1
4206,birds,173.4,416,92,27,0
4207,strum,173.4,426,96,26,0
4208,hoses,173.5,362,76,31,0
4209,denes,173.5,461,96,33,0
4210,puces,173.5,411,105,29,0
4211,fours,173.6,431,93,31,0
4212,wekas,173.6,357,79,24,0
4213,fruit,173.7,468,104,34,1
4214,dopey,173.7,381,91,39,0
4215,akees,173.7,391,72,27,0
4216,braws,173.7,409,84,28,0
4217,blend,173.8,394,94,28,1
4218,eaves,173.8,418,79,31,0
4219,aphis,173.8,409,78,18,0
4220,boyla,173.8,394,92,29,0
4221,gyred,173.8,418,82,29,0
4222,reive,173.8,454,96,40,0
4223,whorl,173.9,385,94,28,0
4224,mawed,173.9,393,82,33,0
4225,spark,174,427,104,31,1
4226,licht,174,483,88,24,0
4227,sycee,174,462,72,45,0
4228,crepe,174.1,485,98,39,1
4229,cubes,174.1,417,95,31,0
4230,finos,174.1,450,92,27,0
4231,genie,174.2,480,99,42,1
4232,axils,174.2,412,78,24,0
4233,clops,174.2,457,92,26,0
4234,pimas,174.2,424,85,26,0
4235,burst,174.3,451,107,32,1
4236,hoagy,174.3,406,90,39,0
4237,duple,174.3,448,96,34,0
4238,wadis,174.3,418,87,28,0
4239,hemic,174.3,390,85,23,0
4240,toits,174.3,462,91,35,0
4241,azons,174.3,389,66,24,0
4242,goose,174.4,401,77,42,1
4243,sting,174.4,484,92,29,1
4244,hurts,174.4,441,108,24,0
4245,puree,174.4,484,92,46,0
4246,seely,174.4,448,86,43,0
4247,talky,174.4,453,93,34,0
4248,rewax,174.4,371,70,22,0
4249,bourn,174.5,464,105,35,0
4250,amido,174.5,387,95,23,0
4251,looed,174.5,398,84,39,0
4252,maars,174.5,442,87,37,0
4253,pisco,174.6,429,99,25,0
4254,plasm,174.6,476,104,28,0
4255,creed,174.7,475,96,37,1
4256,obeys,174.7,368,60,12,0
4257,iambs,174.7,399,74,22,0
4258,ofays,174.7,350,56,17,0
4259,sputa,174.7,436,105,29,0
4260,mixer,174.8,381,80,28,1
4261,tawny,174.8,449,85,37,1
4262,wiled,174.8,416,98,30,0
4263,these,174.9,482,102,37,1
4264,sheet,174.9,482,107,40,1
4265,grids,174.9,435,92,26,0
4266,vised,174.9,418,92,28,0
4267,anomy,174.9,398,96,30,0
4268,paved,175,411,84,35,0
4269,gnash,175,456,83,27,0
4270,purda,175,394,90,25,0
4271,order,175.1,413,88,30,1
4272,tweak,175.1,352,87,23,1
4273,steed,175.1,452,92,35,1
4274,penna,175.1,359,83,32,0
4275,fends,175.1,404,83,26,0
4276,ormer,175.1,395,82,29,0
4277,tools,175.2,459,90,35,0
4278,rarer,175.2,406,61,37,0
4279,blahs,175.2,453,84,26,0
4280,verbs,175.3,432,81,23,0
4281,dives,175.3,418,93,27,0
4282,borer,175.3,418,91,38,0
4283,ditsy,175.3,483,91,33,0
4284,balds,175.3,461,94,28,0
4285,coifs,175.3,455,90,33,0
4286,gonef,175.3,393,93,34,0
4287,wacke,175.3,386,80,35,0
4288,plays,175.4,464,90,26,0
4289,typed,175.4,399,83,25,0
4290,pricy,175.4,457,93,40,0
4291,suras,175.4,388,87,35,0
4292,dwine,175.4,439,99,36,0
4293,sigma,175.5,416,92,31,1
4294,covey,175.5,362,84,42,1
4295,sects,175.5,421,76,35,0
4296,kilts,175.5,473,82,22,0
4297,dobla,175.5,413,103,28,0
4298,guans,175.5,448,102,30,0
4299,vatus,175.5,441,86,25,0
4300,hydra,175.6,367,81,18,1
4301,ceder,175.6,475,97,36,0
4302,doted,175.6,376,78,34,0
4303,exist,175.7,393,78,27,1
4304,batik,175.7,425,81,34,1
4305,pikes,175.7,410,86,28,0
4306,graal,175.7,433,95,33,0
4307,quern,175.7,370,65,26,0
4308,delfs,175.7,421,87,22,0
4309,ollas,175.7,371,84,22,0
4310,babel,175.8,387,85,37,1
4311,dhoti,175.8,453,87,25,0
4312,quean,175.8,344,61,24,0
4313,necks,175.9,398,78,19,0
4314,conus,175.9,493,103,30,0
4315,yogis,175.9,423,80,25,0
4316,jural,175.9,358,71,24,0
4317,remix,176,381,80,23,1
4318,palms,176,476,96,29,0
4319,felid,176,411,99,29,0
4320,plume,176.1,443,94,35,1
4321,frith,176.1,463,111,32,1
4322,girds,176.1,435,93,25,0
4323,agism,176.1,416,85,23,0
4324,optic,176.3,421,87,16,1
4325,abuts,176.3,421,93,20,0
4326,sadhu,176.3,441,74,32,0
4327,cutis,176.3,498,102,28,0
4328,redox,176.4,409,83,23,1
4329,heels,176.4,442,88,29,0
4330,slink,176.4,488,99,35,0
4331,olios,176.4,435,75,27,0
4332,medic,176.5,395,87,25,1
4333,radii,176.5,374,79,27,1
4334,wauls,176.5,459,86,29,0
4335,parrs,176.5,459,88,34,0
4336,shelf,176.6,397,89,28,1
4337,trunk,176.6,426,94,28,1
4338,armor,176.7,406,95,32,1
4339,rebuy,176.7,379,90,29,0
4340,deets,176.7,452,89,29,0
4341,myope,176.7,382,86,32,0
4342,women,176.8,374,97,33,1
4343,tunic,176.8,494,96,25,1
4344,stirs,176.8,441,77,32,0
4345,beset,176.8,490,86,39,0
4346,imago,176.8,297,81,20,0
4347,shily,176.9,484,100,40,0
4348,drift,177,465,98,30,1
4349,beers,177,457,88,32,0
4350,pekin,177,403,87,28,0
4351,lings,177,464,96,23,0
4352,eggar,177,342,67,20,0
4353,tulip,177.1,478,93,25,1
4354,nomad,177.1,417,97,26,1
4355,appel,177.1,375,81,27,1
4356,prowl,177.1,429,77,28,0
4357,nukes,177.2,394,79,24,0
4358,rills,177.2,366,78,24,0
4359,being,177.3,409,90,33,1
4360,yacht,177.3,464,77,26,1
4361,sprig,177.4,456,92,30,0
4362,muley,177.4,399,95,37,0
4363,theta,177.5,371,90,27,1
4364,piper,177.5,393,76,30,1
4365,obese,177.5,401,67,31,1
4366,apses,177.5,367,88,25,0
4367,dogey,177.5,384,88,40,0
4368,kinos,177.5,456,86,24,0
4369,paras,177.6,459,96,33,0
4370,hefts,177.6,430,89,23,0
4371,hello,177.7,350,76,26,1
4372,lamps,177.7,476,88,24,0
4373,askew,177.7,357,70,20,0
4374,dozes,177.7,376,66,30,0
4375,anlas,177.7,456,88,22,0
4376,enema,177.8,353,78,19,1
4377,claws,177.8,468,86,27,0
4378,sakes,177.8,391,70,40,0
4379,wyles,177.8,413,82,24,0
4380,suers,177.8,396,83,33,0
4381,cotta,177.9,396,95,33,1
4382,slack,178,486,101,34,1
4383,rynds,178,376,78,17,0
4384,depth,178.1,428,80,26,1
4385,prong,178.1,475,85,28,1
4386,agora,178.1,395,79,24,1
4387,whirl,178.1,406,89,30,1
4388,ender,178.1,422,94,23,1
4389,doses,178.1,385,77,32,0
4390,silos,178.1,435,88,34,0
4391,sabra,178.1,449,79,37,0
4392,wroth,178.1,474,101,29,0
4393,solum,178.1,484,97,34,0
4394,faena,178.1,378,76,36,0
4395,tophi,178.1,444,83,23,0
4396,bikes,178.2,400,78,29,0
4397,tolls,178.2,459,83,29,0
4398,kaury,178.2,402,82,35,0
4399,shuln,178.2,486,87,33,0
4400,frank,178.3,420,91,32,1
4401,agony,178.3,396,84,32,1
4402,rocks,178.3,430,80,23,0
4403,croup,178.3,478,101,28,0
4404,prigs,178.3,456,93,30,0
4405,turps,178.3,460,106,24,0
4406,fined,178.4,419,101,33,0
4407,peaky,178.4,348,88,37,0
4408,cebid,178.4,409,95,31,0
4409,kibes,178.4,400,78,26,0
4410,flesh,178.5,397,93,27,1
4411,posse,178.5,394,88,41,1
4412,karat,178.5,468,84,35,1
4413,feres,178.5,470,91,35,0
4414,yogee,178.5,440,61,44,0
4415,brews,178.6,422,80,25,0
4416,razer,178.6,399,67,31,0
4417,loots,178.6,459,92,33,0
4418,veiny,178.6,391,87,39,0
4419,puled,178.6,448,94,33,0
4420,mimer,178.7,382,76,29,0
4421,ruths,178.7,441,87,20,0
4422,curer,178.7,427,88,36,0
4423,uplit,178.7,478,91,24,0
4424,world,178.8,440,94,31,1
4425,cells,178.8,425,86,31,0
4426,wipes,178.8,411,90,27,0
4427,coked,178.8,397,79,34,0
4428,germy,178.8,401,93,33,0
4429,kepis,178.8,410,83,23,0
4430,kendo,178.9,368,76,23,0
4431,flits,178.9,486,106,29,0
4432,churl,178.9,401,96,30,0
4433,makos,179,426,72,26,0
4434,vasty,179,444,85,31,0
4435,gland,179.1,491,107,29,1
4436,bleak,179.1,359,91,27,1
4437,fords,179.1,446,83,28,0
4438,detox,179.2,374,80,25,1
4439,virtu,179.2,457,75,23,0
4440,hazed,179.2,372,68,32,0
4441,calks,179.2,486,92,30,0
4442,fraud,179.3,424,91,31,1
4443,doven,179.3,403,103,33,0
4444,fatly,179.3,457,101,36,0
4445,stack,179.4,450,96,30,1
4446,ouzel,179.4,339,68,26,0
4447,sheas,179.4,366,80,31,0
4448,begin,179.5,409,97,30,1
4449,neuks,179.5,394,81,23,0
4450,stamp,179.6,472,92,27,1
4451,teiid,179.6,410,80,36,0
4452,grips,179.7,456,90,25,0
4453,baked,179.8,386,78,35,0
4454,kerfs,179.8,429,77,22,0
4455,pibal,179.8,440,95,27,0
4456,slots,179.9,459,86,35,0
4457,waxes,179.9,390,67,31,0
4458,virga,179.9,381,100,23,0
4459,cruds,179.9,436,90,27,0
4460,ziram,179.9,377,71,24,0
4461,south,180,518,112,38,1
4462,creep,180,485,96,35,1
4463,sized,180,424,70,37,0
4464,trull,180,422,75,31,0
4465,ogive,180,330,85,29,0
4466,sajou,180,378,56,32,0
4467,stool,180.1,459,88,33,1
4468,waged,180.1,398,84,34,0
4469,clank,180.1,485,106,31,0
4470,gamin,180.1,448,103,30,0
4471,curly,180.2,391,97,35,1
4472,ensue,180.2,432,83,29,0
4473,redid,180.2,392,83,27,0
4474,romps,180.2,441,86,23,0
4475,milpa,180.2,431,93,23,0
4476,muled,180.2,440,97,32,0
4477,wonts,180.2,494,92,28,0
4478,rupee,180.3,484,88,42,1
4479,towns,180.3,494,92,28,0
4480,splay,180.3,464,102,35,0
4481,flash,180.4,466,98,30,1
4482,bland,180.4,492,101,31,1
4483,skint,180.4,513,94,35,0
4484,peavy,180.4,375,84,38,0
4485,mewls,180.4,426,80,25,0
4486,potsy,180.4,493,100,37,0
4487,sound,180.5,518,98,38,1
4488,alarm,180.5,430,96,28,1
4489,petto,180.5,367,89,29,0
4490,azlon,180.5,385,77,21,0
4491,clavi,180.5,450,90,26,0
4492,revet,180.5,477,96,35,0
4493,mango,180.6,438,102,27,1
4494,donut,180.6,516,105,32,1
4495,blurs,180.6,400,97,27,0
4496,wilts,180.6,482,91,23,0
4497,mopey,180.6,382,92,39,0
4498,acidy,180.6,406,79,30,0
4499,dedal,180.6,375,89,27,0
4500,penes,180.7,485,93,35,0
4501,color,180.8,434,95,35,1
4502,worth,180.8,474,103,29,1
4503,sheik,180.8,406,86,31,1
4504,eerie,180.9,464,60,41,1
4505,envoi,180.9,419,80,14,0
4506,limpa,180.9,431,89,21,0
4507,guide,181,409,102,36,1
4508,pangs,181,483,89,29,0
4509,burls,181,400,98,27,0
4510,stupa,181.1,436,95,26,0
4511,lotos,181.1,459,90,29,0
4512,amyls,181.1,454,82,17,0
4513,unsew,181.1,396,77,20,0
4514,lived,181.2,436,102,28,0
4515,recur,181.2,427,83,27,0
4516,hymen,181.2,372,79,24,0
4517,jakes,181.2,385,56,29,0
4518,gluey,181.2,417,90,40,0
4519,dress,181.3,434,68,27,1
4520,crown,181.3,478,92,29,1
4521,axion,181.3,410,82,26,0
4522,loxed,181.3,395,79,31,0
4523,frees,181.4,470,94,34,0
4524,pepla,181.4,375,82,28,0
4525,prior,181.5,471,84,37,1
4526,petit,181.5,423,90,35,1
4527,satay,181.5,498,89,45,0
4528,gonad,181.5,433,106,31,0
4529,tsuba,181.5,421,83,18,0
4530,holms,181.5,462,85,25,0
4531,firth,181.7,463,106,28,1
4532,refel,181.7,449,90,31,0
4533,candy,181.8,479,94,37,1
4534,oxide,181.8,330,64,30,1
4535,shout,181.8,518,107,35,1
4536,blocs,181.8,459,92,28,0
4537,snafu,181.8,438,75,27,0
4538,dorks,181.8,458,78,27,0
4539,cowed,181.8,405,86,34,0
4540,educt,181.8,420,86,23,0
4541,paiks,181.8,460,91,33,0
4542,slimy,181.9,505,91,42,0
4543,shirk,181.9,454,90,33,0
4544,meets,182,459,87,31,0
4545,frier,182,423,86,38,0
4546,burns,182.1,417,97,29,0
4547,exits,182.1,393,74,22,0
4548,whort,182.1,474,105,30,0
4549,yechs,182.1,392,72,17,0
4550,piece,182.2,488,90,41,1
4551,okays,182.2,379,56,17,0
4552,shies,182.2,420,87,40,0
4553,winos,182.3,465,90,25,0
4554,boxer,182.4,414,77,33,1
4555,dosed,182.4,385,74,33,0
4556,celli,182.4,405,83,29,0
4557,gloze,182.5,398,75,33,0
4558,stogy,182.5,466,84,36,0
4559,field,182.6,411,95,28,1
4560,serve,182.6,500,101,44,1
4561,teems,182.6,459,90,29,0
4562,haulm,182.6,472,91,28,0
4563,crush,182.7,472,98,31,1
4564,aloha,182.7,423,72,25,1
4565,knots,182.7,480,80,21,0
4566,allee,182.7,443,84,45,0
4567,yelks,182.7,406,72,20,0
4568,midst,182.8,516,92,30,1
4569,geest,182.8,480,96,33,0
4570,umiac,182.8,386,74,21,0
4571,sewer,182.9,488,95,39,1
4572,shiny,182.9,511,96,41,1
4573,lycee,182.9,470,78,38,0
4574,spued,182.9,457,91,35,0
4575,devil,183,436,105,27,1
4576,psalm,183,476,91,25,1
4577,femur,183,430,85,29,0
4578,welds,183,439,83,23,0
4579,balms,183,484,91,30,0
4580,kbars,183,418,79,22,0
4581,lifts,183.1,486,93,21,0
4582,sedum,183.1,443,91,32,0
4583,hafts,183.1,479,86,25,0
4584,mille,183.2,434,90,37,1
4585,mused,183.2,443,95,30,0
4586,grana,183.2,455,92,32,0
4587,waxen,183.2,394,71,33,0
4588,jiber,183.2,394,75,26,0
4589,below,183.3,381,84,26,1
4590,jolts,183.3,447,72,26,0
4591,coxal,183.3,422,79,30,0
4592,polka,183.4,419,89,28,1
4593,saves,183.4,418,75,41,0
4594,staph,183.4,478,101,30,0
4595,tubed,183.4,430,92,31,0
4596,vower,183.4,413,84,29,0
4597,carry,183.5,446,91,41,1
4598,choke,183.5,395,90,36,1
4599,joram,183.5,397,73,26,0
4600,duroc,183.5,485,93,24,0
4601,swarf,183.5,423,81,29,0
4602,mount,183.6,523,101,34,1
4603,ivory,183.6,421,72,27,1
4604,guilt,183.6,511,104,33,1
4605,plebs,183.6,422,87,23,0
4606,donsy,183.6,502,97,36,0
4607,lacks,183.7,486,84,24,0
4608,karoo,183.7,422,68,28,0
4609,abbes,183.7,362,64,23,0
4610,ogees,183.7,401,69,23,0
4611,teugh,183.7,416,92,29,0
4612,sleep,183.8,496,103,38,1
4613,clips,183.8,504,98,28,0
4614,ragas,183.8,441,86,28,0
4615,datto,183.8,425,82,29,0
4616,korun,183.8,468,84,28,0
4617,cheer,183.9,475,98,32,1
4618,shady,183.9,450,95,39,1
4619,veena,183.9,416,85,31,0
4620,spang,183.9,483,85,29,0
4621,dipso,183.9,459,88,24,0
4622,peles,183.9,496,99,34,0
4623,argal,183.9,433,98,28,0
4624,chino,184,506,105,30,1
4625,nevus,184,402,84,20,0
4626,oxime,184,326,68,31,0
4627,tided,184,410,80,32,0
4628,gnarr,184,455,71,32,0
4629,fuels,184.1,412,94,26,0
4630,sword,184.2,469,89,31,1
4631,profs,184.2,454,83,26,0
4632,ambos,184.2,392,86,17,0
4633,ackee,184.2,426,65,37,0
4634,donne,184.3,423,89,43,1
4635,haded,184.3,379,74,33,0
4636,anion,184.4,416,88,28,1
4637,coign,184.4,526,104,37,0
4638,hilus,184.4,494,79,21,0
4639,lambs,184.5,484,82,24,0
4640,fiver,184.5,413,94,28,0
4641,vinos,184.5,468,95,24,0
4642,benes,184.5,481,84,36,0
4643,newsy,184.6,390,76,29,0
4644,moped,184.7,429,92,32,0
4645,exons,184.7,419,70,21,0
4646,curds,184.7,436,90,26,0
4647,yucas,184.7,423,78,18,0
4648,legal,184.8,375,90,27,1
4649,helix,184.8,404,70,24,1
4650,mudra,184.8,407,97,25,0
4651,speel,184.8,496,100,36,0
4652,shirr,184.8,495,74,39,0
4653,thank,184.9,472,102,29,1
4654,joint,184.9,508,79,36,1
4655,sides,184.9,434,85,38,0
4656,doled,184.9,398,78,34,0
4657,milty,184.9,475,95,31,0
4658,shaft,185,479,104,34,1
4659,skald,185,488,81,31,0
4660,cross,185.1,462,75,31,1
4661,snack,185.1,481,89,32,1
4662,hokey,185.1,388,77,37,0
4663,blams,185.1,484,89,28,0
4664,vimen,185.1,417,94,29,0
4665,baaed,185.2,433,81,45,0
4666,rally,185.3,398,91,34,1
4667,wield,185.3,416,93,26,0
4668,coved,185.3,421,88,35,0
4669,agria,185.3,404,82,24,0
4670,expat,185.4,379,76,21,1
4671,gauze,185.4,349,81,38,1
4672,friar,185.4,413,87,38,0
4673,umber,185.4,426,77,20,0
4674,ossia,185.4,357,69,16,0
4675,sneck,185.4,398,83,29,0
4676,zowie,185.5,343,59,37,0
4677,arbor,185.6,408,96,31,1
4678,shiva,185.6,420,84,32,1
4679,pipet,185.6,423,82,35,0
4680,dirks,185.6,451,81,24,0
4681,loups,185.6,493,91,25,0
4682,gyron,185.6,464,94,22,0
4683,cacti,185.7,433,70,29,0
4684,mavis,185.7,437,83,28,0
4685,fleer,185.9,449,99,32,1
4686,agars,185.9,441,75,26,0
4687,pelfs,185.9,444,88,25,0
4688,debut,186,430,88,28,1
4689,taunt,186,478,95,38,0
4690,leges,186,487,90,31,0
4691,spacy,186,480,96,40,0
4692,tacts,186,480,79,29,0
4693,derby,186.1,434,89,30,1
4694,datum,186.1,467,85,26,1
4695,fiche,186.1,428,85,33,1
4696,verse,186.2,500,95,39,1
4697,amigo,186.2,396,94,23,1
4698,shawl,186.2,483,94,33,1
4699,belch,186.2,435,86,29,0
4700,chads,186.2,462,88,27,0
4701,hoked,186.2,390,74,30,0
4702,slues,186.2,451,88,39,0
4703,sorry,186.3,478,77,44,1
4704,throw,186.3,474,94,25,1
4705,sided,186.3,434,79,39,0
4706,casts,186.3,480,79,31,0
4707,ricks,186.3,437,80,19,0
4708,kyats,186.3,455,74,23,0
4709,firer,186.3,423,85,34,0
4710,vends,186.3,432,84,23,0
4711,algid,186.3,454,112,25,0
4712,trout,186.4,491,96,32,1
4713,sauna,186.4,508,84,40,1
4714,spout,186.4,512,106,32,1
4715,faked,186.4,390,70,34,0
4716,dreck,186.4,437,81,27,0
4717,duits,186.4,517,101,28,0
4718,sozin,186.4,488,78,38,0
4719,lurch,186.5,401,94,26,0
4720,wrier,186.5,434,78,36,0
4721,warks,186.6,448,81,28,0
4722,rowth,186.6,474,94,26,0
4723,wends,186.6,431,92,24,0
4724,nowts,186.6,494,84,23,0
4725,local,186.7,434,91,28,1
4726,patch,186.7,496,103,31,1
4727,built,186.8,517,104,35,1
4728,smirk,186.8,459,84,32,0
4729,borax,186.8,395,80,30,0
4730,glume,186.8,446,93,33,0
4731,hanks,186.9,485,81,26,0
4732,gramp,186.9,459,92,26,0
4733,tufas,186.9,444,86,23,0
4734,chief,187,428,92,34,1
4735,vibes,187,431,82,26,0
4736,oinks,187,456,78,21,0
4737,canal,187.1,517,97,36,1
4738,dashy,187.1,450,85,30,0
4739,twirp,187.1,470,87,26,0
4740,velds,187.1,451,82,22,0
4741,unity,187.2,501,88,30,1
4742,leben,187.2,473,88,32,0
4743,brigs,187.2,451,90,29,0
4744,byrls,187.2,393,79,23,0
4745,taiga,187.3,483,87,35,0
4746,wined,187.3,439,98,31,0
4747,poxes,187.3,391,78,32,0
4748,solon,187.4,496,86,39,1
4749,bogey,187.4,378,86,42,0
4750,sumac,187.4,467,91,30,0
4751,cocas,187.4,411,76,30,0
4752,puton,187.4,504,101,27,0
4753,lemma,187.5,373,73,24,1
4754,synod,187.5,502,92,30,1
4755,hallo,187.5,423,80,27,1
4756,heave,187.5,444,76,39,0
4757,pouts,187.5,512,105,29,0
4758,chays,187.5,461,86,26,0
4759,redub,187.5,444,88,21,0
4760,unrig,187.5,458,80,20,0
4761,poses,187.6,394,82,34,0
4762,sulfa,187.6,454,91,30,0
4763,widen,187.7,439,100,30,1
4764,kilns,187.7,488,86,24,0
4765,ducal,187.8,472,96,23,0
4766,ganof,187.8,435,85,29,0
4767,goxes,187.8,398,69,30,0
4768,forms,187.9,456,83,29,0
4769,gouts,187.9,505,97,28,0
4770,knurl,187.9,366,82,22,0
4771,telly,188,375,89,34,1
4772,growl,188,447,81,26,0
4773,renew,188.1,467,85,32,1
4774,churn,188.1,460,99,30,1
4775,lakhs,188.1,485,71,22,0
4776,donga,188.1,433,101,27,0
4777,cedes,188.2,493,88,35,0
4778,notch,188.3,525,98,27,1
4779,bangs,188.3,483,88,30,0
4780,eases,188.3,429,75,32,0
4781,saids,188.3,460,82,40,0
4782,skelm,188.3,419,77,26,0
4783,tazze,188.3,377,48,36,0
4784,chord,188.4,509,107,29,1
4785,match,188.5,503,99,30,1
4786,nerve,188.5,475,94,35,1
4787,mucor,188.5,497,100,26,0
4788,faqir,188.5,409,67,32,0
4789,lauan,188.5,502,88,33,0
4790,saugh,188.5,482,100,38,0
4791,sedgy,188.5,445,79,40,0
4792,users,188.6,396,67,18,0
4793,cooey,188.6,395,72,48,0
4794,fakey,188.6,360,74,39,0
4795,grass,188.7,441,78,29,1
4796,punto,188.7,504,104,26,1
4797,genes,188.7,498,93,34,0
4798,calix,188.7,475,85,31,0
4799,obole,188.7,419,74,32,0
4800,crura,188.7,435,80,33,0
4801,scatt,188.7,480,87,36,0
4802,valid,188.8,471,100,29,1
4803,virus,188.8,454,81,22,1
4804,varia,188.8,431,88,31,0
4805,nubia,188.8,399,84,21,0
4806,glees,188.8,487,96,31,0
4807,venom,188.9,387,83,25,1
4808,haiku,188.9,408,66,29,1
4809,vases,188.9,418,77,31,0
4810,fleet,189,472,100,36,1
4811,diazo,189,325,71,28,0
4812,egers,189,445,80,19,0
4813,devon,189.1,403,100,25,1
4814,links,189.1,488,84,22,0
4815,mirza,189.1,377,78,25,0
4816,dawns,189.1,486,84,29,0
4817,yawns,189.1,470,73,26,0
4818,flout,189.1,490,98,29,0
4819,molds,189.2,476,80,25,0
4820,ruing,189.2,458,91,27,0
4821,divas,189.3,422,87,23,0
4822,thous,189.3,518,101,24,0
4823,wiver,189.3,424,88,26,0
4824,crazy,189.4,437,69,39,1
4825,chive,189.4,461,87,36,0
4826,getup,189.4,424,80,25,0
4827,snool,189.4,496,86,34,0
4828,stimy,189.4,505,91,37,0
4829,bench,189.5,427,86,30,1
4830,bigot,189.5,490,95,31,0
4831,dupes,189.5,457,92,27,0
4832,redds,189.5,434,68,22,0
4833,uncos,189.5,493,84,14,0
4834,yauds,189.5,452,81,24,0
4835,jaunt,189.6,470,73,34,0
4836,humor,189.8,481,91,25,1
4837,burke,189.8,459,90,36,1
4838,shank,189.8,485,98,33,1
4839,glued,189.8,460,98,31,0
4840,beaky,189.8,378,81,38,0
4841,vined,189.8,449,99,30,0
4842,zibet,189.8,424,74,31,0
4843,lorry,189.9,449,85,37,1
4844,gives,189.9,442,86,27,0
4845,grego,189.9,412,68,26,0
4846,pavin,190,456,96,31,0
4847,mohur,190,481,93,27,0
4848,hence,190.1,502,91,39,1
4849,owned,190.1,388,93,26,0
4850,fosse,190.1,405,73,41,0
4851,pavis,190.1,460,87,29,0
4852,gauge,190.2,352,79,38,1
4853,stink,190.2,513,96,31,1
4854,bluey,190.2,430,97,42,0
4855,words,190.3,469,86,26,0
4856,frogs,190.3,458,82,27,0
4857,wurst,190.3,481,94,30,0
4858,heder,190.3,496,92,31,0
4859,fyces,190.3,409,77,23,0
4860,wirer,190.3,434,76,32,0
4861,valve,190.4,432,71,36,1
4862,chapt,190.4,496,111,31,0
4863,fumer,190.4,430,84,29,0
4864,soyas,190.4,407,70,36,0
4865,aping,190.5,438,88,23,0
4866,plods,190.5,479,87,24,0
4867,kelps,190.5,450,81,21,0
4868,adage,190.6,429,74,34,0
4869,ikons,190.6,456,73,20,0
4870,poind,190.6,535,101,36,0
4871,segos,190.6,401,74,35,0
4872,ghost,190.7,525,92,30,1
4873,quail,190.7,418,63,30,1
4874,macho,190.7,449,88,23,1
4875,feign,190.7,433,96,35,0
4876,noway,190.7,408,80,31,0
4877,tuxes,190.8,445,74,28,0
4878,murre,190.8,474,85,38,0
4879,seism,190.8,428,85,40,0
4880,laugh,190.9,488,94,29,1
4881,sever,191,500,99,40,1
4882,flocs,191,469,92,27,0
4883,osmic,191,431,74,12,0
4884,canon,191.1,454,90,35,1
4885,golds,191.1,476,83,25,0
4886,darky,191.1,453,84,34,0
4887,wands,191.2,486,82,26,0
4888,resew,191.2,488,85,29,0
4889,crimp,191.3,495,93,30,1
4890,colza,191.4,427,83,28,0
4891,cajon,191.5,446,81,30,1
4892,okapi,191.5,315,61,16,0
4893,light,191.6,505,88,24,1
4894,juice,191.6,402,68,37,1
4895,viand,191.6,466,93,31,0
4896,azoic,191.6,394,64,22,0
4897,newly,191.7,382,79,28,1
4898,typos,191.7,493,85,18,0
4899,blume,191.7,460,93,35,0
4900,batch,191.8,496,87,32,1
4901,xenic,191.8,409,69,24,0
4902,paisa,191.9,502,93,37,0
4903,inked,191.9,414,73,20,0
4904,clift,191.9,523,97,32,0
4905,spume,191.9,468,91,36,0
4906,porch,192,505,100,32,1
4907,joker,192,407,60,28,1
4908,fiend,192,419,90,29,1
4909,bogan,192,442,96,31,0
4910,frond,192,502,95,30,0
4911,barmy,192,458,96,37,0
4912,goban,192,442,97,30,0
4913,grift,192,497,96,30,0
4914,vinca,192.1,437,92,24,0
4915,saiga,192.1,502,89,41,0
4916,wanly,192.1,501,87,35,0
4917,furls,192.1,416,88,26,0
4918,joual,192.1,380,66,28,0
4919,ictus,192.2,498,86,13,0
4920,avoid,192.3,417,89,25,1
4921,reefs,192.3,470,81,25,0
4922,chirp,192.3,494,91,30,0
4923,sadis,192.3,460,82,38,0
4924,momes,192.3,397,72,32,0
4925,infos,192.4,450,77,13,0
4926,yanks,192.4,480,73,25,0
4927,luxes,192.4,443,75,26,0
4928,cymas,192.5,459,78,21,0
4929,topaz,192.6,420,65,27,1
4930,bitsy,192.6,517,82,36,0
4931,chirm,192.6,488,95,29,0
4932,boxes,192.7,398,69,33,0
4933,mimeo,192.7,370,80,30,0
4934,sicko,192.7,465,80,30,0
4935,odder,192.7,413,74,21,0
4936,skive,192.7,457,76,38,0
4937,mirks,192.7,459,82,25,0
4938,rifer,192.7,423,80,27,0
4939,swami,192.8,427,76,27,1
4940,exams,192.8,373,68,20,0
4941,smarm,192.8,442,69,30,0
4942,tutor,192.9,491,90,30,1
4943,tenth,192.9,421,92,31,1
4944,cowls,192.9,488,85,28,0
4945,pyric,192.9,457,83,21,0
4946,lupin,193,511,96,24,1
4947,tenty,193,413,87,36,0
4948,misty,193.1,505,95,30,1
4949,risky,193.1,431,80,27,1
4950,popes,193.1,394,75,33,0
4951,scowl,193.1,488,79,28,0
4952,hypes,193.1,441,79,21,0
4953,pechs,193.1,457,85,22,0
4954,sweer,193.1,488,96,34,0
4955,month,193.2,539,101,29,1
4956,shawn,193.2,487,94,32,1
4957,plank,193.2,495,101,30,1
4958,twins,193.2,524,91,26,0
4959,porks,193.2,475,93,29,0
4960,evite,193.3,485,76,34,1
4961,snaky,193.3,480,87,38,0
4962,brass,193.4,449,75,31,1
4963,knits,193.4,513,84,23,0
4964,gudes,193.4,453,93,28,0
4965,peens,193.4,485,94,32,0
4966,campo,193.5,461,95,27,1
4967,fleys,193.5,413,82,20,0
4968,cling,193.6,533,89,29,1
4969,agape,193.6,425,75,34,0
4970,scaup,193.6,485,92,27,0
4971,lawny,193.6,501,86,35,0
4972,semis,193.7,428,79,36,0
4973,rungs,193.7,427,95,22,0
4974,petti,193.7,423,80,27,0
4975,luged,193.7,460,97,29,0
4976,neems,193.7,451,79,25,0
4977,limba,193.8,454,83,20,0
4978,rower,193.8,433,77,30,0
4979,whirs,193.8,459,92,27,0
4980,ebony,193.9,481,86,29,1
4981,newer,193.9,467,82,28,1
4982,taboo,193.9,440,81,29,1
4983,jutes,193.9,441,75,27,0
4984,steep,194,495,93,33,1
4985,toxin,194,513,86,30,1
4986,zoned,194,415,74,33,0
4987,dunts,194,515,92,24,0
4988,press,194.1,446,80,28,1
4989,equal,194.1,396,59,19,1
4990,vowel,194.1,415,88,30,1
4991,beets,194.1,490,80,32,0
4992,chins,194.1,538,94,30,0
4993,bouts,194.2,514,100,30,0
4994,lanky,194.2,503,89,33,0
4995,ghaut,194.2,483,98,30,0
4996,misdo,194.2,469,92,21,0
4997,grind,194.3,494,105,29,1
4998,testy,194.3,423,84,34,0
4999,gamic,194.3,469,86,26,0
5000,labra,194.3,460,92,29,0
5001,swive,194.3,463,84,38,0
5002,magic,194.4,469,88,26,1
5003,kheda,194.4,367,78,19,0
5004,wooer,194.4,433,77,38,0
5005,pence,194.5,522,93,41,1
5006,sodas,194.5,437,74,37,0
5007,yawls,194.5,493,78,24,0
5008,hyson,194.6,497,90,17,0
5009,mauds,194.6,479,87,27,0
5010,pagod,194.6,462,87,31,0
5011,among,194.7,438,84,22,1
5012,lusty,194.7,504,97,28,1
5013,crocs,194.7,462,76,31,0
5014,minty,194.7,515,96,32,0
5015,softy,194.7,512,86,41,0
5016,charr,194.7,486,83,36,0
5017,newie,194.7,499,75,37,0
5018,yauld,194.7,499,86,28,0
5019,salad,194.8,534,93,40,1
5020,firms,194.8,460,84,26,0
5021,culpa,194.8,480,90,25,0
5022,lurks,194.8,412,85,22,0
5023,pilaf,194.8,462,84,25,0
5024,adeem,194.8,430,79,26,0
5025,dozen,194.9,415,77,33,1
5026,polys,194.9,495,79,25,0
5027,hajis,194.9,448,64,25,0
5028,prows,194.9,476,83,25,0
5029,handy,195,482,91,32,1
5030,attic,195,433,78,21,1
5031,biped,195,451,86,32,0
5032,cozey,195,384,65,41,0
5033,bonze,195,418,77,40,0
5034,prink,195,477,87,31,0
5035,blunt,195.1,504,97,31,1
5036,bayou,195.1,390,70,26,1
5037,holla,195.1,423,85,27,1
5038,needs,195.1,461,84,25,0
5039,droll,195.1,486,73,32,0
5040,stilt,195.1,529,89,36,0
5041,chark,195.1,457,100,30,0
5042,japed,195.1,416,68,31,0
5043,waked,195.2,416,70,32,0
5044,meshy,195.2,412,78,29,0
5045,muton,195.2,523,102,26,0
5046,knife,195.3,435,76,31,1
5047,serer,195.3,525,85,44,0
5048,perky,195.4,437,91,33,1
5049,peels,195.4,496,99,32,0
5050,chits,195.4,552,102,30,0
5051,jabot,195.4,430,73,30,0
5052,cloot,195.4,517,89,35,0
5053,rehem,195.4,485,78,28,0
5054,bonne,195.5,426,82,44,1
5055,tipsy,195.5,534,96,33,0
5056,amoks,195.5,426,73,20,0
5057,pixel,195.6,451,82,31,1
5058,pivot,195.6,488,85,31,1
5059,croci,195.6,461,73,30,0
5060,cukes,195.6,450,87,30,0
5061,scats,195.7,480,77,32,0
5062,khans,195.7,485,86,26,0
5063,hells,195.8,442,76,25,0
5064,linum,195.8,522,83,22,0
5065,joins,195.9,495,72,32,0
5066,kythe,195.9,422,67,26,0
5067,adunc,195.9,464,74,20,0
5068,okehs,195.9,408,62,12,0
5069,rebec,195.9,500,83,29,0
5070,troth,196,505,92,32,0
5071,naiad,196,505,91,35,0
5072,mucro,196,497,95,23,0
5073,wilco,196.1,479,87,24,1
5074,midge,196.1,461,96,34,0
5075,eying,196.1,463,78,20,0
5076,flays,196.1,488,78,24,0
5077,ahead,196.2,390,73,26,1
5078,essay,196.2,389,69,24,1
5079,duvet,196.2,458,86,32,1
5080,chemo,196.2,432,96,24,1
5081,sours,196.2,479,79,38,0
5082,fogey,196.2,389,73,41,0
5083,styes,196.2,423,70,30,0
5084,mavin,196.2,466,92,29,0
5085,brisk,196.3,477,85,32,1
5086,gamut,196.3,501,92,32,1
5087,mixes,196.3,426,74,28,0
5088,scrum,196.3,455,90,25,0
5089,pokey,196.3,395,76,40,0
5090,snoot,196.3,532,94,36,0
5091,wisha,196.3,416,80,19,0
5092,calls,196.4,513,83,32,0
5093,pupae,196.4,347,73,37,0
5094,maund,196.4,497,90,32,0
5095,turks,196.5,480,91,24,0
5096,ploys,196.5,495,79,23,0
5097,issue,196.6,380,68,26,1
5098,fangs,196.6,492,79,29,0
5099,stich,196.6,552,101,32,0
5100,forbs,196.6,465,81,27,0
5101,dados,196.7,437,69,28,0
5102,revel,196.8,473,99,31,1
5103,mises,196.8,428,87,29,0
5104,pilaw,196.8,462,85,25,0
5105,soaps,196.9,463,77,39,0
5106,slits,196.9,529,87,37,0
5107,objet,196.9,377,57,24,0
5108,flams,196.9,496,85,26,0
5109,machs,196.9,504,79,23,0
5110,poked,197,424,75,33,0
5111,rasps,197,459,75,24,0
5112,qaids,197,455,66,29,0
5113,stoup,197,512,101,25,0
5114,quant,197.1,478,67,32,1
5115,swath,197.1,497,104,33,0
5116,hansa,197.1,524,80,31,0
5117,loons,197.1,496,81,33,0
5118,joeys,197.1,422,52,24,0
5119,reeks,197.2,480,79,26,0
5120,shewn,197.2,415,85,28,0
5121,proud,197.3,520,99,28,1
5122,chasm,197.3,504,95,29,1
5123,redye,197.3,493,83,34,0
5124,pesos,197.4,394,81,27,0
5125,moths,197.4,539,91,25,0
5126,wavey,197.4,400,74,38,0
5127,imine,197.4,434,70,33,0
5128,scall,197.4,513,80,34,0
5129,yetts,197.4,423,74,24,0
5130,beaux,197.5,349,64,31,0
5131,hiked,197.5,437,77,27,0
5132,campi,197.5,462,82,26,0
5133,azoth,197.5,419,68,24,0
5134,zesty,197.6,416,67,29,0
5135,gesso,197.6,401,74,27,0
5136,waifs,197.6,460,74,30,0
5137,could,197.7,536,99,32,1
5138,human,197.7,469,83,24,1
5139,merde,197.7,535,93,38,0
5140,yoked,197.8,392,62,28,0
5141,imbue,197.9,394,72,26,0
5142,bused,198,468,88,31,0
5143,kraal,198,469,85,31,0
5144,snyes,198.1,420,67,32,0
5145,worms,198.2,475,80,27,0
5146,spars,198.2,459,86,31,0
5147,fetes,198.2,519,90,34,0
5148,sayst,198.2,498,79,40,0
5149,drink,198.3,485,89,29,1
5150,fagin,198.3,475,92,32,0
5151,oboes,198.3,401,67,26,0
5152,notum,198.3,523,99,23,0
5153,thuya,198.4,455,81,21,0
5154,class,198.5,513,81,31,1
5155,sagos,198.5,454,79,37,0
5156,sieve,198.6,508,84,42,1
5157,ryked,198.6,438,70,22,0
5158,lever,198.7,473,95,30,1
5159,gusto,198.7,505,91,22,1
5160,taxus,198.7,478,75,26,0
5161,varix,198.7,424,76,28,0
5162,pikas,198.8,460,77,24,0
5163,mazed,198.8,424,74,33,0
5164,nutsy,198.8,519,95,29,0
5165,afars,198.9,467,67,26,0
5166,elemi,198.9,434,73,19,0
5167,pilei,198.9,452,72,30,0
5168,drool,199,486,87,31,1
5169,blued,199,477,98,33,0
5170,nodus,199,518,89,22,0
5171,kaifs,199.1,468,72,29,0
5172,odyls,199.1,454,70,12,0
5173,chams,199.2,504,95,28,0
5174,tophs,199.2,545,87,24,0
5175,quota,199.3,415,62,25,1
5176,tally,199.3,497,90,36,1
5177,locks,199.3,485,86,23,0
5178,pawns,199.3,514,80,30,0
5179,evert,199.3,477,84,24,0
5180,cooed,199.3,444,79,41,0
5181,arrow,199.4,421,77,29,1
5182,spies,199.4,456,87,38,1
5183,twang,199.4,491,86,25,0
5184,rayah,199.4,461,76,29,0
5185,seize,199.5,515,65,47,1
5186,vigor,199.5,492,94,24,1
5187,toons,199.5,532,93,35,0
5188,serfs,199.5,470,74,34,0
5189,repps,199.5,446,67,21,0
5190,tauts,199.5,497,96,32,0
5191,swept,199.6,448,93,29,1
5192,fixer,199.6,422,79,28,1
5193,pilus,199.6,528,94,24,0
5194,herry,199.6,436,81,34,0
5195,layup,199.7,499,83,23,1
5196,corby,199.7,514,93,35,1
5197,barbs,199.7,449,70,29,0
5198,skelp,199.7,450,86,26,0
5199,turfs,199.8,493,96,23,0
5200,clepe,199.8,532,95,37,0
5201,hexad,199.8,374,75,25,0
5202,phons,199.9,540,92,28,0
5203,blype,199.9,474,85,32,0
5204,sauls,200,510,89,39,0
5205,roupy,200,493,93,32,0
5206,divot,200.1,512,97,28,0
5207,saxes,200.1,425,66,40,0
5208,sipes,200.1,456,90,37,0
5209,pawls,200.1,518,84,28,0
5210,sorus,200.1,479,86,37,0
5211,synth,200.2,536,92,30,1
5212,wifes,200.2,431,83,26,0
5213,woken,200.2,405,82,32,0
5214,prill,200.2,474,77,35,0
5215,slick,200.3,542,96,35,1
5216,sends,200.3,461,75,35,0
5217,tamal,200.3,525,89,32,0
5218,fumet,200.3,447,88,34,0
5219,harry,200.4,461,80,36,1
5220,rough,200.4,495,94,27,1
5221,musca,200.4,467,92,24,0
5222,khats,200.4,499,86,26,0
5223,refix,200.4,422,71,22,0
5224,tacky,200.5,489,83,33,1
5225,mamey,200.5,385,71,40,0
5226,lofty,200.6,497,87,32,1
5227,haply,200.6,508,97,31,0
5228,sibyl,200.6,531,77,30,0
5229,ulvas,200.6,466,78,20,0
5230,viced,200.6,463,84,27,0
5231,fetch,200.7,449,91,28,1
5232,rooty,200.7,492,87,38,0
5233,hurly,200.7,397,86,29,0
5234,muons,200.8,540,96,30,0
5235,yamun,200.8,494,82,25,0
5236,shell,200.9,442,83,33,1
5237,troop,200.9,506,90,29,1
5238,epoch,200.9,463,92,22,1
5239,pulis,200.9,528,106,25,0
5240,woman,201,451,84,29,1
5241,skeet,201,514,82,38,0
5242,flume,201,474,85,34,0
5243,mimes,201,428,71,29,0
5244,thaws,201,497,94,25,0
5245,gauds,201,489,93,27,0
5246,still,201.1,529,86,33,1
5247,grows,201.1,481,81,22,0
5248,quirt,201.1,495,72,31,0
5249,jalop,201.1,449,68,25,0
5250,drill,201.2,471,81,33,1
5251,camps,201.2,522,87,28,0
5252,whats,201.2,497,94,27,0
5253,bolus,201.2,511,96,28,0
5254,peery,201.2,488,89,38,0
5255,wagon,201.3,465,91,28,1
5256,sebum,201.3,467,78,31,0
5257,birch,201.4,501,86,30,1
5258,tryst,201.4,503,74,30,0
5259,netty,201.4,413,82,31,0
5260,cloud,201.5,536,92,28,1
5261,gravy,201.5,479,79,36,1
5262,gecko,201.5,400,60,23,1
5263,preps,201.5,446,75,25,0
5264,whens,201.5,415,88,24,0
5265,silts,201.5,529,86,34,0
5266,stock,201.6,514,83,29,1
5267,bring,201.6,493,90,29,1
5268,rover,201.6,450,84,30,1
5269,ponds,201.6,535,88,28,0
5270,geode,201.6,513,75,39,0
5271,clamp,201.7,541,97,28,1
5272,shunt,201.7,565,110,35,1
5273,gluts,201.7,519,95,24,0
5274,caphs,201.8,523,93,27,0
5275,gloms,201.8,502,84,23,0
5276,lyses,201.8,448,72,23,0
5277,yirrs,201.8,471,67,25,0
5278,vomit,201.9,519,86,31,1
5279,tilts,201.9,529,85,27,0
5280,incus,201.9,500,80,11,0
5281,situp,201.9,564,98,31,0
5282,memos,202,397,71,26,0
5283,dorrs,202,507,76,31,0
5284,never,202.1,475,95,29,1
5285,motif,202.1,514,82,28,1
5286,bolds,202.1,497,87,27,0
5287,aliya,202.2,481,75,26,0
5288,ochry,202.2,477,76,21,0
5289,flaps,202.3,501,87,25,0
5290,tills,202.3,529,85,26,0
5291,quais,202.3,407,63,27,0
5292,wirra,202.3,421,74,28,0
5293,umbel,202.3,460,83,22,0
5294,deave,202.3,493,83,39,0
5295,yogin,202.3,529,87,27,0
5296,varna,202.4,490,84,32,1
5297,nomen,202.4,409,82,32,0
5298,varas,202.4,491,82,30,0
5299,araks,202.4,492,78,29,0
5300,habus,202.4,482,79,23,0
5301,smith,202.5,566,101,33,1
5302,spiny,202.5,550,97,39,0
5303,tombs,202.6,523,83,24,0
5304,veers,202.6,500,83,28,0
5305,lieve,202.6,516,88,37,0
5306,hooey,202.6,413,71,45,0
5307,amias,202.6,478,80,26,0
5308,neume,202.6,502,78,36,0
5309,given,202.7,464,98,30,1
5310,fella,202.7,398,84,29,1
5311,niton,202.7,516,86,25,0
5312,mizen,202.7,426,74,30,0
5313,jowar,202.7,412,63,27,0
5314,lilts,202.7,529,84,25,0
5315,poori,202.7,471,76,34,0
5316,tween,202.8,481,92,31,1
5317,loyal,202.9,437,82,27,1
5318,trump,202.9,510,91,24,1
5319,decks,202.9,458,70,21,0
5320,sylva,202.9,495,84,25,0
5321,pepos,202.9,394,74,27,0
5322,alamo,203,481,82,28,1
5323,fouls,203,514,90,29,0
5324,wecht,203,450,81,25,0
5325,tasty,203.1,498,89,35,1
5326,skene,203.1,517,79,40,0
5327,mashy,203.1,493,83,30,0
5328,scans,203.2,501,69,32,0
5329,aphid,203.3,434,73,19,0
5330,phots,203.3,545,95,28,0
5331,onium,203.3,505,86,19,0
5332,sords,203.3,507,75,36,0
5333,unsex,203.3,425,66,20,0
5334,cahow,203.4,471,78,27,0
5335,nolos,203.4,496,80,26,0
5336,kiang,203.5,485,77,28,0
5337,plews,203.5,454,89,23,0
5338,dikey,203.5,424,72,35,0
5339,glops,203.5,507,80,22,0
5340,matzo,203.6,443,76,25,0
5341,seres,203.6,525,82,44,0
5342,jehad,203.6,373,57,23,0
5343,geums,203.6,457,91,26,0
5344,seise,203.6,525,79,49,0
5345,zaxes,203.6,417,54,28,0
5346,havoc,203.7,464,74,24,1
5347,lilac,203.8,485,79,24,1
5348,drown,203.8,514,98,26,1
5349,dells,203.8,470,78,26,0
5350,beigy,203.8,416,84,39,0
5351,bizes,203.8,436,68,29,0
5352,theme,203.9,513,85,36,1
5353,foxes,203.9,402,67,31,0
5354,hinds,203.9,538,84,22,0
5355,thoro,203.9,505,93,28,0
5356,frigs,204,490,87,29,0
5357,pixes,204,455,76,28,0
5358,caulk,204.1,531,92,34,0
5359,zarfs,204.1,457,63,25,0
5360,scuba,204.2,472,77,25,1
5361,welch,204.2,458,86,26,1
5362,gazed,204.2,424,69,33,0
5363,cooee,204.2,528,61,52,0
5364,fremd,204.2,472,83,27,0
5365,pylon,204.4,521,86,22,0
5366,iliac,204.4,485,67,26,0
5367,neeps,204.4,485,81,24,0
5368,cepes,204.4,535,88,35,0
5369,bible,204.5,460,77,38,1
5370,coxed,204.5,440,75,34,0
5371,snots,204.5,532,78,32,0
5372,thong,204.6,552,95,26,1
5373,minus,204.6,544,87,24,1
5374,await,204.6,496,80,32,1
5375,omasa,204.6,465,76,24,0
5376,uncap,204.6,474,73,14,0
5377,cilia,204.7,485,83,31,0
5378,fidos,204.7,491,83,25,0
5379,sokes,204.7,411,66,40,0
5380,shall,204.8,523,84,36,1
5381,hydro,204.8,487,82,18,1
5382,meted,204.8,503,90,35,0
5383,hurds,204.8,471,85,21,0
5384,orlop,204.8,474,81,24,0
5385,merge,204.9,541,94,38,1
5386,flags,204.9,505,86,27,0
5387,manta,205,529,91,30,1
5388,fives,205,456,82,28,0
5389,croon,205,523,100,32,0
5390,akela,205,401,75,23,0
5391,kevil,205,462,81,25,0
5392,khets,205,431,83,22,0
5393,sagum,205,512,92,34,0
5394,input,205.1,524,87,18,1
5395,seven,205.2,531,94,41,1
5396,codex,205.2,440,80,33,1
5397,subah,205.2,482,92,34,0
5398,yowed,205.2,407,75,28,0
5399,rabbi,205.3,388,66,21,1
5400,vogue,205.3,413,87,36,1
5401,vetch,205.3,463,74,26,0
5402,fifer,205.3,423,71,28,0
5403,koala,205.4,500,72,34,1
5404,jibes,205.4,439,68,26,0
5405,frass,205.4,467,75,31,0
5406,nudge,205.5,477,91,30,1
5407,jilts,205.5,516,68,22,0
5408,nexus,205.6,425,64,19,1
5409,dolor,205.6,486,89,32,1
5410,kohls,205.6,500,68,23,0
5411,bises,205.6,446,83,31,0
5412,nucha,205.6,461,80,16,0
5413,preed,205.6,540,94,36,0
5414,river,205.7,454,82,27,1
5415,foamy,205.7,468,79,41,0
5416,dizen,205.7,457,77,30,0
5417,yaups,205.7,498,78,24,0
5418,sweet,205.8,525,96,38,1
5419,tenet,205.8,518,90,41,1
5420,bugle,205.8,479,96,36,1
5421,exult,205.8,427,67,23,0
5422,holks,205.8,500,81,24,0
5423,scamp,205.9,522,90,27,1
5424,etude,205.9,492,73,29,0
5425,pubes,205.9,479,88,30,0
5426,maill,205.9,516,85,36,0
5427,purer,206,484,85,34,0
5428,honan,206,448,78,31,0
5429,sulfo,206,514,80,29,0
5430,chyme,206,462,76,32,0
5431,daubs,206,491,82,27,0
5432,murid,206,513,94,27,0
5433,sleek,206.1,527,87,38,1
5434,ortho,206.1,505,75,22,1
5435,spawn,206.1,514,86,29,1
5436,knurs,206.1,444,80,19,0
5437,bulge,206.2,479,93,35,1
5438,fount,206.2,560,95,35,0
5439,birks,206.2,477,83,27,0
5440,imped,206.2,449,75,21,0
5441,navar,206.2,490,81,30,0
5442,fused,206.3,476,80,30,0
5443,munis,206.3,544,94,25,0
5444,gybes,206.3,457,69,23,0
5445,umbra,206.4,435,77,16,0
5446,janty,206.4,489,73,33,0
5447,mells,206.4,468,81,27,0
5448,mocha,206.5,449,89,23,1
5449,sopor,206.5,520,91,40,0
5450,ambry,206.5,458,88,26,0
5451,dicty,206.5,526,85,29,0
5452,mulct,206.5,532,91,30,0
5453,stomp,206.6,532,86,26,1
5454,voids,206.6,505,88,29,0
5455,tatar,206.6,518,77,35,0
5456,epode,206.6,492,72,30,0
5457,skyed,206.6,478,63,31,0
5458,vigas,206.6,463,84,21,0
5459,suede,206.7,536,85,41,1
5460,dross,206.7,507,70,28,0
5461,tying,206.8,534,83,23,1
5462,esker,206.8,480,63,19,0
5463,elver,206.8,473,90,26,0
5464,zayin,206.8,459,64,26,0
5465,leech,206.9,503,88,30,1
5466,yogic,206.9,505,71,23,0
5467,brows,207,487,84,25,0
5468,natty,207,496,88,33,0
5469,wefts,207,476,78,23,0
5470,bauds,207,491,91,29,0
5471,truck,207.1,510,96,28,1
5472,sight,207.1,577,94,33,1
5473,gluon,207.1,541,97,26,0
5474,hemps,207.1,474,71,21,0
5475,thews,207.1,441,92,21,0
5476,scrub,207.3,479,80,25,1
5477,morph,207.3,511,90,28,1
5478,ketch,207.3,456,79,25,0
5479,culex,207.3,466,76,32,0
5480,clonk,207.3,541,88,30,0
5481,zerks,207.3,467,58,22,0
5482,ephod,207.4,443,72,15,0
5483,apian,207.4,498,90,29,0
5484,indie,207.5,465,70,31,1
5485,spank,207.5,522,94,31,1
5486,sands,207.5,526,76,37,0
5487,thrum,207.5,496,94,23,0
5488,whets,207.5,441,92,23,0
5489,embay,207.5,437,80,24,0
5490,fancy,207.6,513,86,38,1
5491,clown,207.6,541,80,28,1
5492,somas,207.6,465,72,37,0
5493,adown,207.6,444,81,20,0
5494,bimah,207.6,464,77,29,0
5495,tofus,207.6,538,90,24,0
5496,aggro,207.7,395,66,19,0
5497,marvy,207.7,483,86,33,0
5498,ankhs,207.7,485,66,13,0
5499,egest,207.8,480,86,23,0
5500,gismo,207.8,486,89,22,0
5501,honor,208,509,89,32,1
5502,libel,208,460,88,30,1
5503,amain,208,508,92,29,0
5504,mecca,208.2,385,74,27,1
5505,waved,208.2,457,77,32,0
5506,tapas,208.2,555,88,30,0
5507,maxis,208.2,466,73,26,0
5508,chang,208.3,525,91,28,1
5509,halls,208.3,523,78,27,0
5510,maims,208.3,478,73,33,0
5511,divan,208.5,466,96,26,0
5512,nadas,208.5,526,81,27,0
5513,wyted,208.5,432,75,25,0
5514,quake,208.6,351,56,34,1
5515,aglow,208.6,436,71,17,0
5516,jambe,208.6,436,61,35,0
5517,hongs,208.6,549,85,25,0
5518,dumas,208.7,479,90,23,0
5519,rumba,208.7,435,89,18,0
5520,aught,208.7,483,91,24,0
5521,kaput,208.7,511,78,28,0
5522,group,208.8,528,92,24,1
5523,trust,208.8,528,96,32,1
5524,slash,208.8,523,85,37,1
5525,upend,208.8,438,79,20,0
5526,brush,208.9,512,95,29,1
5527,sarks,208.9,492,73,37,0
5528,slung,209,548,82,30,0
5529,nidus,209,537,86,19,0
5530,sleds,209.1,470,73,30,0
5531,tafia,209.1,503,77,30,0
5532,celeb,209.2,544,84,35,1
5533,pipes,209.2,456,77,30,0
5534,diwan,209.2,468,88,25,0
5535,drums,209.3,502,85,24,0
5536,folds,209.3,503,80,26,0
5537,skeen,209.3,517,80,36,0
5538,flics,209.3,536,95,28,0
5539,gests,209.3,480,73,26,0
5540,ankus,209.3,470,71,14,0
5541,chaps,209.4,523,100,27,0
5542,curbs,209.4,479,94,25,0
5543,pandy,209.4,519,94,34,0
5544,toxic,209.5,518,74,25,1
5545,hunts,209.5,565,100,23,0
5546,gaged,209.6,429,68,35,0
5547,arval,209.6,483,88,28,0
5548,vangs,209.6,520,78,26,0
5549,banks,209.7,524,78,30,0
5550,yells,209.7,448,74,23,0
5551,miasm,209.7,478,74,32,0
5552,odeum,209.7,418,80,13,0
5553,teths,209.7,482,79,25,0
5554,creek,209.8,533,83,36,1
5555,jerks,209.8,468,62,23,0
5556,mynah,209.8,502,81,23,0
5557,flued,209.9,490,91,31,0
5558,mania,210.1,508,95,31,1
5559,lists,210.1,529,84,22,0
5560,piked,210.1,471,76,30,0
5561,ungot,210.1,548,89,21,0
5562,brink,210.2,494,90,31,1
5563,larva,210.2,483,90,29,0
5564,spoor,210.2,520,91,34,0
5565,scudo,210.2,527,84,26,0
5566,berme,210.2,551,88,41,0
5567,kilty,210.3,513,81,28,0
5568,razor,210.4,455,66,29,1
5569,quasi,210.4,407,56,24,1
5570,wafts,210.4,512,73,25,0
5571,kempt,210.4,463,65,25,0
5572,woven,210.5,431,91,32,1
5573,mafic,210.5,482,80,25,0
5574,gowan,210.5,465,85,28,0
5575,nieve,210.6,517,84,35,0
5576,segue,210.7,549,92,44,0
5577,swang,210.7,520,83,29,0
5578,rigor,210.8,521,80,26,1
5579,jokes,210.8,404,56,28,0
5580,coded,210.8,444,78,36,0
5581,kneel,210.8,491,79,27,0
5582,kluge,210.8,477,75,31,0
5583,bedim,210.8,454,89,28,0
5584,gaums,210.8,512,91,28,0
5585,reedy,210.9,493,81,33,0
5586,murex,210.9,468,73,31,0
5587,kalif,210.9,510,82,26,0
5588,motor,211,522,102,32,1
5589,aland,211,554,96,30,1
5590,beery,211,502,84,39,0
5591,douma,211,448,89,26,0
5592,lamia,211.1,516,85,29,0
5593,proso,211.1,520,90,31,0
5594,codec,211.2,444,73,34,1
5595,doors,211.2,507,82,33,0
5596,dukes,211.2,481,75,26,0
5597,newel,211.2,506,82,30,0
5598,sally,211.3,539,87,42,1
5599,howls,211.3,518,78,24,0
5600,cowry,211.3,524,85,36,0
5601,undee,211.3,527,81,36,0
5602,stint,211.4,574,88,35,1
5603,miked,211.4,460,77,29,0
5604,idyls,211.4,495,71,12,0
5605,wives,211.5,463,80,26,0
5606,elude,211.5,537,80,32,0
5607,telex,211.6,502,74,33,1
5608,demob,211.6,440,80,23,0
5609,hests,211.6,482,77,25,0
5610,resee,211.6,525,69,45,0
5611,wodge,211.6,472,84,36,0
5612,smell,211.7,468,77,31,1
5613,gourd,211.8,553,99,31,1
5614,basso,211.8,452,79,30,0
5615,thing,211.9,563,93,26,1
5616,punts,211.9,565,98,26,0
5617,manas,211.9,549,82,31,0
5618,elbow,212.1,443,74,18,1
5619,tabla,212.1,542,88,30,0
5620,aargh,212.1,512,74,33,0
5621,septs,212.1,495,85,35,0
5622,ledgy,212.1,463,90,30,0
5623,weest,212.1,525,95,33,0
5624,feuds,212.2,476,80,27,0
5625,hyoid,212.2,525,80,23,0
5626,moxas,212.2,454,67,25,0
5627,shris,212.2,495,76,34,0
5628,slurs,212.3,445,75,33,0
5629,ritzy,212.3,467,74,28,0
5630,gripy,212.3,524,81,35,0
5631,jiver,212.3,446,72,25,0
5632,bawls,212.4,535,85,29,0
5633,hived,212.4,478,86,27,0
5634,braky,212.5,489,83,37,0
5635,cools,212.7,530,84,35,0
5636,quoit,212.7,507,66,30,0
5637,merry,212.8,468,88,36,1
5638,porgy,212.8,524,92,35,0
5639,unpeg,212.8,465,75,20,0
5640,magus,212.9,512,89,25,0
5641,damps,212.9,532,76,25,0
5642,flees,213,524,93,31,0
5643,idled,213,449,67,23,0
5644,britt,213.1,528,82,37,1
5645,forks,213.1,501,79,28,0
5646,dined,213.1,465,85,32,0
5647,gecks,213.1,477,64,22,0
5648,bosun,213.2,555,96,30,0
5649,pyins,213.2,550,89,25,0
5650,bonus,213.4,555,96,29,1
5651,gibed,213.4,478,91,30,0
5652,rushy,213.4,466,82,25,0
5653,touch,213.5,578,104,30,1
5654,limbo,213.5,516,82,19,1
5655,glims,213.5,541,88,25,0
5656,alloy,213.6,437,80,33,1
5657,phyla,213.6,508,88,23,0
5658,sorgo,213.6,520,81,37,0
5659,steek,213.6,514,80,34,0
5660,keets,213.7,514,75,28,0
5661,watch,213.8,531,89,29,1
5662,lindy,213.8,563,93,29,1
5663,scoot,213.8,563,89,35,0
5664,gilds,213.8,532,86,22,0
5665,skimo,213.8,503,72,30,0
5666,stick,213.9,562,85,31,1
5667,flabs,213.9,518,81,25,0
5668,kugel,214,477,74,28,0
5669,fugle,214.2,495,90,36,0
5670,derry,214.3,493,83,35,1
5671,minds,214.3,549,85,23,0
5672,zazen,214.3,423,47,31,0
5673,cycle,214.4,470,64,34,1
5674,ruder,214.4,494,87,28,0
5675,pryer,214.4,488,79,32,0
5676,couth,214.4,578,105,32,0
5677,lytta,214.4,497,77,20,0
5678,grimy,214.5,530,88,35,0
5679,perry,214.6,488,90,37,1
5680,bonds,214.6,540,90,28,0
5681,wench,214.6,467,90,27,0
5682,deify,214.6,442,81,35,0
5683,ordos,214.6,507,78,24,0
5684,picul,214.6,557,90,25,0
5685,pasta,214.7,555,92,29,1
5686,dryer,214.7,493,77,30,1
5687,ticks,214.7,562,79,22,0
5688,limps,214.7,544,82,19,0
5689,covin,214.7,567,102,32,0
5690,dunam,214.7,497,93,24,0
5691,ohing,214.7,538,87,22,0
5692,bezil,214.8,454,77,29,0
5693,knout,214.8,556,78,23,0
5694,molal,214.8,481,86,30,0
5695,nixed,214.9,464,81,26,0
5696,simas,214.9,478,74,34,0
5697,fumes,215.1,480,77,29,0
5698,dongs,215.1,548,89,26,0
5699,arras,215.1,527,70,32,0
5700,evade,215.2,493,75,32,1
5701,truss,215.3,528,81,27,1
5702,matts,215.3,543,79,29,0
5703,gipon,215.3,549,98,25,0
5704,syces,215.3,462,68,32,0
5705,corky,215.4,533,86,36,0
5706,almud,215.4,512,98,22,0
5707,suing,215.5,584,91,34,1
5708,acini,215.5,475,69,23,0
5709,surgy,215.5,499,92,37,0
5710,mowed,215.6,463,83,31,0
5711,brede,215.6,564,93,38,0
5712,yolks,215.7,511,74,22,0
5713,fawns,215.7,521,71,30,0
5714,balks,215.7,543,87,28,0
5715,ewers,215.7,488,82,20,0
5716,colic,215.8,519,81,30,0
5717,pekoe,215.8,505,65,39,0
5718,hemes,215.8,548,70,30,0
5719,penni,215.8,450,69,29,0
5720,zineb,215.8,451,66,27,0
5721,night,215.9,563,85,23,1
5722,pests,215.9,495,82,27,0
5723,heths,215.9,482,65,22,0
5724,fille,216,488,85,38,0
5725,feels,216.1,524,89,31,0
5726,coots,216.1,563,89,35,0
5727,kibla,216.1,491,87,21,0
5728,offer,216.2,419,49,18,1
5729,parry,216.2,511,92,39,1
5730,frisk,216.2,523,85,31,0
5731,seers,216.2,525,71,37,0
5732,barky,216.2,489,87,36,0
5733,incog,216.2,526,76,13,0
5734,blank,216.3,545,94,30,1
5735,junta,216.3,470,73,23,1
5736,faxed,216.3,436,66,34,0
5737,raffs,216.3,467,57,23,0
5738,blond,216.4,568,95,28,1
5739,bunts,216.4,557,89,26,0
5740,salpa,216.4,569,94,36,0
5741,grill,216.5,502,77,32,1
5742,fence,216.5,549,84,42,1
5743,squat,216.5,497,75,33,1
5744,compt,216.5,577,91,31,0
5745,emery,216.6,468,81,27,1
5746,greed,216.6,554,91,33,0
5747,sutta,216.6,497,95,34,0
5748,imbed,216.6,454,73,21,0
5749,aldol,216.7,462,83,27,0
5750,thebe,216.7,539,80,34,0
5751,frows,216.7,502,77,25,0
5752,wrong,216.8,541,86,26,1
5753,shrug,216.8,504,85,29,1
5754,hakim,216.8,495,74,25,0
5755,tints,216.8,574,85,28,0
5756,fauld,216.8,536,90,32,0
5757,yugas,216.8,478,80,19,0
5758,brown,217,529,93,28,1
5759,clink,217,574,95,31,0
5760,dured,217,494,74,34,0
5761,shool,217.1,553,80,35,0
5762,erses,217.1,525,69,30,0
5763,grosz,217.2,507,67,25,0
5764,vakil,217.2,519,81,27,0
5765,basis,217.3,481,77,31,1
5766,nelly,217.3,416,80,30,1
5767,futon,217.3,560,89,27,1
5768,bests,217.3,490,69,28,0
5769,nuked,217.4,466,70,25,0
5770,moola,217.4,481,84,34,0
5771,pross,217.4,520,77,29,0
5772,casky,217.4,521,83,34,0
5773,linns,217.4,537,74,27,0
5774,defog,217.5,450,71,22,0
5775,kench,217.5,472,81,26,0
5776,rexes,217.5,518,74,29,0
5777,seifs,217.6,472,76,38,0
5778,slays,217.7,539,72,31,0
5779,apeek,217.7,455,77,29,0
5780,kiefs,217.8,425,74,20,0
5781,urger,217.8,492,79,29,0
5782,yowls,217.8,519,74,22,0
5783,stays,217.9,498,71,27,0
5784,afoot,217.9,448,71,27,0
5785,knaps,217.9,522,80,20,0
5786,hefty,218,434,84,29,1
5787,ducts,218.1,550,84,21,0
5788,grown,218.2,541,91,26,1
5789,fazed,218.2,437,66,34,0
5790,luaus,218.2,510,71,28,0
5791,allod,218.2,462,85,26,0
5792,suets,218.2,451,83,34,0
5793,ancon,218.3,454,80,21,0
5794,blawn,218.3,546,80,28,0
5795,fohns,218.3,555,72,27,0
5796,repeg,218.3,546,75,29,0
5797,catty,218.4,522,83,38,0
5798,damar,218.4,543,90,33,0
5799,pseud,218.4,457,85,20,0
5800,sanga,218.4,570,87,38,0
5801,silky,218.5,555,89,37,1
5802,nobly,218.5,557,85,31,0
5803,eaved,218.5,493,78,32,0
5804,yeuks,218.5,449,65,22,0
5805,conks,218.6,565,88,30,0
5806,weets,218.6,525,84,29,0
5807,keels,218.7,527,78,27,0
5808,scurf,218.7,509,79,25,0
5809,snash,218.7,524,72,35,0
5810,azido,218.8,435,68,22,0
5811,cruor,218.8,576,84,35,0
5812,gasts,218.8,535,73,28,0
5813,nided,218.9,465,80,28,0
5814,doing,219,589,93,32,1
5815,axiom,219,442,71,23,1
5816,cubed,219,498,89,32,0
5817,globs,219,524,76,22,0
5818,exert,219.1,496,71,24,1
5819,atman,219.1,529,86,23,0
5820,gursh,219.1,504,98,26,0
5821,madly,219.2,566,98,34,1
5822,masts,219.2,543,77,27,0
5823,blaws,219.2,535,81,26,0
5824,wigan,219.3,485,91,25,1
5825,wrack,219.3,503,89,29,0
5826,pongs,219.3,573,82,28,0
5827,spicy,219.5,581,90,40,1
5828,filth,219.5,555,100,26,1
5829,pouty,219.5,562,92,35,0
5830,durra,219.5,472,78,27,0
5831,envoy,219.6,495,80,25,1
5832,auxin,219.6,439,74,25,0
5833,keens,219.6,517,79,29,0
5834,towny,219.6,570,85,35,0
5835,gross,219.7,520,72,27,1
5836,lamas,219.7,560,78,28,0
5837,tungs,219.7,570,93,24,0
5838,again,219.8,531,90,29,1
5839,marry,219.8,519,86,37,1
5840,licks,219.8,542,84,19,0
5841,attar,219.8,518,73,27,0
5842,deuce,219.9,567,82,40,1
5843,oakum,219.9,439,65,21,0
5844,snits,219.9,574,81,34,0
5845,revue,220,539,81,35,1
5846,youth,220.1,568,84,26,1
5847,weigh,220.1,477,84,31,1
5848,wolds,220.1,525,83,24,0
5849,nyala,220.1,546,73,25,0
5850,bortz,220.1,529,74,30,0
5851,rekey,220.1,512,66,36,0
5852,dormy,220.1,556,96,34,0
5853,skies,220.2,473,73,37,0
5854,shoyu,220.2,555,70,26,0
5855,ampul,220.2,512,87,18,0
5856,irids,220.2,499,66,25,0
5857,child,220.3,590,88,30,1
5858,costs,220.3,563,78,30,0
5859,sedge,220.3,579,85,44,0
5860,birrs,220.3,521,74,31,0
5861,gurge,220.3,492,76,34,0
5862,lucid,220.4,562,92,23,1
5863,hecks,220.4,498,77,20,0
5864,abohm,220.4,460,68,17,0
5865,roods,220.4,507,81,29,0
5866,sikes,220.5,473,73,36,0
5867,moved,220.6,480,85,32,0
5868,query,220.7,424,53,29,1
5869,wiped,220.7,491,79,28,0
5870,sunna,220.7,508,78,36,0
5871,pingo,220.7,549,97,24,0
5872,small,220.8,560,77,34,1
5873,exile,220.8,528,63,33,1
5874,shrub,220.8,512,80,28,1
5875,brill,220.8,507,80,34,1
5876,labia,220.9,534,86,28,1
5877,sofas,220.9,456,63,36,0
5878,jeers,220.9,512,64,27,0
5879,soaks,220.9,490,70,40,0
5880,glady,220.9,566,92,33,0
5881,cusec,220.9,482,72,31,0
5882,ensky,220.9,444,71,21,0
5883,limbs,221,544,77,19,0
5884,moors,221.1,519,82,33,0
5885,gooey,221.1,440,69,46,0
5886,typic,221.1,546,73,16,0
5887,yapok,221.1,474,73,25,0
5888,bocce,221.2,462,73,41,0
5889,gnaws,221.2,520,77,21,0
5890,robot,221.3,541,91,32,1
5891,batts,221.3,539,73,31,0
5892,risus,221.3,488,70,21,0
5893,crowd,221.4,563,87,28,1
5894,fidge,221.4,503,85,35,0
5895,oohed,221.4,451,69,29,0
5896,annul,221.5,502,73,24,0
5897,cuish,221.5,596,98,34,0
5898,locum,221.6,560,93,23,0
5899,leeks,221.6,527,78,26,0
5900,coups,221.6,575,92,27,0
5901,psoas,221.6,463,74,25,0
5902,feyer,221.6,519,73,32,0
5903,odors,221.7,507,70,20,0
5904,selle,221.7,578,82,45,0
5905,sturt,221.7,528,85,33,0
5906,locos,221.7,530,84,26,0
5907,golfs,221.7,529,78,24,0
5908,cimex,221.7,475,75,31,0
5909,where,221.8,552,87,35,1
5910,quest,221.8,451,70,26,1
5911,beget,221.8,554,82,39,0
5912,sense,221.9,564,75,48,1
5913,edema,222,430,70,17,1
5914,breed,222,564,90,36,0
5915,endow,222,471,78,15,0
5916,blips,222,567,86,26,0
5917,nills,222,537,73,22,0
5918,ditch,222.1,584,81,25,1
5919,strut,222.1,528,89,32,1
5920,ricin,222.1,503,77,26,0
5921,weens,222.2,524,86,30,0
5922,drugs,222.4,518,90,24,0
5923,tolyl,222.4,540,72,28,0
5924,tythe,222.4,475,70,31,0
5925,sooty,222.5,574,85,46,0
5926,odeon,222.6,443,73,19,0
5927,seedy,222.6,532,77,41,0
5928,ghoul,222.6,560,80,26,0
5929,pursy,222.6,518,102,33,0
5930,spell,222.7,496,83,30,1
5931,wreck,222.7,490,78,26,1
5932,lungs,222.7,548,87,22,0
5933,galas,222.7,568,85,30,0
5934,redux,222.8,485,71,21,1
5935,unfed,222.9,469,78,21,0
5936,beige,223,562,86,42,1
5937,fonds,223,553,75,27,0
5938,priss,223,535,79,31,0
5939,cymol,223.1,570,85,24,0
5940,wring,223.2,536,85,27,0
5941,fusil,223.2,566,94,27,0
5942,sneds,223.2,461,68,27,0
5943,yacks,223.2,521,69,21,0
5944,faded,223.3,442,66,35,0
5945,fitly,223.3,545,101,32,0
5946,redry,223.3,493,84,32,0
5947,hocus,223.4,573,90,22,0
5948,pecks,223.4,502,81,23,0
5949,amiss,223.5,478,83,24,0
5950,cubit,223.5,580,96,31,0
5951,ludic,223.5,562,83,21,0
5952,fanum,223.5,525,76,28,0
5953,inned,223.5,465,76,26,0
5954,curfs,223.6,509,85,25,0
5955,iglus,223.6,537,70,12,0
5956,lingy,223.7,570,95,30,0
5957,syrup,223.9,518,89,26,1
5958,slams,223.9,560,79,33,0
5959,atmas,223.9,543,77,21,0
5960,lying,224,570,83,22,1
5961,drama,224.1,543,89,29,1
5962,tibia,224.1,471,71,27,1
5963,neves,224.1,531,87,28,0
5964,ataps,224.1,555,78,24,0
5965,lunch,224.2,567,87,25,1
5966,flank,224.2,542,92,29,1
5967,endue,224.2,527,80,29,0
5968,rocky,224.3,533,76,30,1
5969,lough,224.3,560,86,27,0
5970,grebe,224.4,571,84,35,0
5971,demes,224.4,561,79,31,0
5972,piths,224.4,603,88,22,0
5973,knees,224.5,517,77,25,0
5974,abbot,224.6,440,68,23,1
5975,kivas,224.6,482,69,21,0
5976,works,224.7,522,80,26,0
5977,sorbs,224.7,529,74,36,0
5978,boing,224.8,590,89,34,1
5979,pique,224.8,449,58,34,1
5980,snick,224.8,586,88,32,0
5981,flops,224.9,535,76,23,0
5982,lazar,224.9,500,72,31,0
5983,iliad,225,507,82,28,0
5984,plonk,225,564,82,28,0
5985,umiak,225,440,65,23,0
5986,inurn,225.1,499,66,22,0
5987,fixes,225.2,470,72,27,0
5988,hyrax,225.2,444,64,18,0
5989,drouk,225.2,559,79,26,0
5990,abbey,225.3,386,62,33,1
5991,crwth,225.3,552,87,28,0
5992,feces,225.5,549,81,32,1
5993,diced,225.6,480,73,29,0
5994,stung,225.6,570,84,25,0
5995,twiny,225.6,576,86,34,0
5996,scots,225.7,563,79,30,0
5997,bendy,225.7,459,86,33,0
5998,scudi,225.8,555,76,23,0
5999,biked,225.9,482,74,30,0
6000,slunk,225.9,572,85,32,0
6001,chirk,225.9,548,92,30,0
6002,basts,225.9,539,71,30,0
6003,domic,225.9,563,93,25,0
6004,index,226,464,72,19,1
6005,binds,226,563,83,25,0
6006,bowed,226,472,82,33,0
6007,licit,226,564,77,29,0
6008,avant,226.2,565,76,30,1
6009,oping,226.2,549,81,20,0
6010,avows,226.2,455,65,18,0
6011,annex,226.3,424,62,28,1
6012,swoun,226.3,583,84,30,0
6013,malls,226.4,560,75,28,0
6014,praam,226.4,554,89,32,0
6015,winze,226.4,492,69,34,0
6016,xerox,226.5,466,45,23,1
6017,hewer,226.5,552,78,29,0
6018,frown,226.6,546,81,28,1
6019,zloty,226.6,529,63,31,1
6020,pasts,226.6,555,83,29,0
6021,guyot,226.6,576,77,26,0
6022,eches,226.6,533,70,19,0
6023,yodhs,226.6,547,75,20,0
6024,bells,226.7,502,78,28,0
6025,flogs,226.7,529,76,24,0
6026,waxed,226.8,463,64,32,0
6027,awing,226.8,485,87,23,0
6028,baals,226.8,584,81,38,0
6029,honks,226.9,580,80,25,0
6030,polio,227,552,80,31,1
6031,velum,227,494,72,21,0
6032,prexy,227,480,66,33,0
6033,unmew,227.1,454,63,19,0
6034,hebes,227.2,567,70,30,0
6035,pumas,227.3,529,92,24,0
6036,gouty,227.3,576,85,35,0
6037,ootid,227.3,559,78,28,0
6038,bassi,227.4,481,74,28,0
6039,becks,227.5,498,71,24,0
6040,biali,227.6,534,67,32,0
6041,salps,227.6,569,86,35,0
6042,vrows,227.6,524,73,22,0
6043,snowy,227.7,573,78,35,1
6044,props,227.7,520,74,26,0
6045,nocks,227.7,565,79,21,0
6046,oidia,227.7,455,72,24,0
6047,ogham,227.8,458,62,11,0
6048,blind,227.9,602,95,29,1
6049,fatal,227.9,562,82,33,1
6050,skirr,227.9,570,59,37,0
6051,event,228,483,78,24,1
6052,sough,228,594,91,36,0
6053,views,228.1,463,68,21,0
6054,furze,228.1,509,68,35,0
6055,pukes,228.1,507,84,28,0
6056,palmy,228.1,576,96,34,0
6057,balsa,228.2,584,85,33,0
6058,broos,228.2,529,92,29,0
6059,begun,228.3,486,85,28,1
6060,oribi,228.4,507,59,23,0
6061,donor,228.5,562,95,33,1
6062,chefs,228.5,466,82,22,0
6063,pavid,228.5,513,83,30,0
6064,wharf,228.6,491,80,25,1
6065,gaffe,228.6,446,57,35,0
6066,flask,228.7,551,90,29,1
6067,pyoid,228.7,552,82,25,0
6068,unaus,228.7,508,59,21,0
6069,tanka,228.8,561,85,30,0
6070,slosh,228.8,553,76,36,0
6071,palpi,228.8,507,67,25,0
6072,wamus,228.8,528,69,25,0
6073,jawed,228.9,463,58,31,0
6074,rhomb,228.9,542,73,22,0
6075,spall,228.9,569,81,34,0
6076,aquae,228.9,393,48,35,0
6077,soldo,228.9,567,78,36,0
6078,think,229,593,93,28,1
6079,almas,229,560,83,24,0
6080,empty,229.1,470,81,22,1
6081,rooms,229.1,519,82,31,0
6082,berry,229.2,502,82,37,1
6083,genii,229.2,480,74,28,0
6084,schul,229.2,585,76,24,0
6085,cadgy,229.2,560,80,36,0
6086,murra,229.3,485,84,27,0
6087,flews,229.3,484,83,21,0
6088,burly,229.4,494,94,33,0
6089,exine,229.4,533,64,34,0
6090,hilum,229.5,579,73,20,0
6091,wizes,229.5,470,61,26,0
6092,boors,229.6,529,87,35,0
6093,whamo,229.6,491,76,25,0
6094,thack,229.7,547,101,28,0
6095,yahoo,229.8,471,55,23,1
6096,anima,229.8,508,89,25,1
6097,cisco,229.9,509,71,28,1
6098,bandy,229.9,555,92,35,0
6099,souls,230,573,76,37,0
6100,coach,230.1,507,79,37,1
6101,gouge,230.1,436,70,37,0
6102,hillo,230.1,525,77,23,0
6103,drubs,230.2,532,85,22,0
6104,asyla,230.2,539,71,18,0
6105,clomp,230.2,588,84,26,0
6106,palls,230.2,569,83,30,0
6107,pyxie,230.2,480,62,32,0
6108,chalk,230.3,575,93,30,1
6109,eking,230.3,480,67,19,0
6110,wyled,230.3,503,81,25,0
6111,fluke,230.4,516,83,33,1
6112,khadi,230.4,474,66,20,0
6113,lungi,230.4,570,89,20,0
6114,heeds,230.6,540,76,26,0
6115,shift,230.7,621,100,34,1
6116,unwed,230.7,486,72,21,0
6117,vapid,230.7,513,80,27,0
6118,topoi,230.7,538,74,27,0
6119,emyds,230.7,434,71,10,0
6120,jetes,230.7,560,68,30,0
6121,tough,230.8,598,94,29,1
6122,idiot,230.8,559,67,27,1
6123,milch,230.8,596,89,26,0
6124,fusee,230.8,580,75,43,0
6125,upper,230.9,484,64,21,1
6126,mouth,230.9,600,98,28,1
6127,braxy,231,512,58,37,0
6128,buhrs,231,512,83,23,0
6129,unwit,231,580,74,20,0
6130,asses,231.1,429,60,24,0
6131,bongs,231.1,575,84,28,0
6132,culms,231.1,568,88,25,0
6133,smack,231.2,563,78,30,1
6134,avast,231.2,580,76,30,0
6135,gyrus,231.3,499,84,17,0
6136,chirr,231.3,596,74,37,0
6137,banjo,231.5,487,67,28,1
6138,benni,231.5,459,71,30,0
6139,pedes,231.5,583,88,33,0
6140,gamps,231.5,567,75,24,0
6141,annoy,231.6,450,80,31,1
6142,pipal,231.6,507,75,26,0
6143,udder,231.7,494,66,20,0
6144,slags,231.7,568,80,34,0
6145,donna,231.8,483,84,31,1
6146,reeky,231.8,512,70,33,0
6147,dogma,231.9,492,86,26,1
6148,agave,231.9,496,69,33,0
6149,balas,232,584,88,32,0
6150,shown,232.1,596,88,30,1
6151,alang,232.1,587,87,28,0
6152,fifes,232.1,472,69,28,0
6153,plotz,232.1,540,66,26,0
6154,dhaks,232.1,529,73,25,0
6155,walks,232.2,568,77,25,0
6156,grogs,232.2,520,68,25,0
6157,fossa,232.3,456,67,30,0
6158,wises,232.3,479,76,27,0
6159,dwarf,232.4,514,77,24,1
6160,galls,232.4,568,79,29,0
6161,rishi,232.4,495,61,17,0
6162,hyped,232.5,508,75,22,0
6163,basal,232.6,584,86,32,1
6164,spats,232.6,555,82,32,0
6165,befog,232.6,452,64,25,0
6166,poxed,232.6,488,76,33,0
6167,hanky,232.7,549,82,32,0
6168,banal,232.7,594,93,35,0
6169,krill,232.7,517,66,31,0
6170,bourg,232.8,584,96,31,0
6171,abmho,232.8,460,72,14,0
6172,reefy,232.8,519,72,32,0
6173,lagan,232.9,587,94,30,0
6174,mangy,232.9,569,86,33,0
6175,joyed,232.9,443,61,29,0
6176,schav,232.9,539,58,22,0
6177,toyos,232.9,574,76,27,0
6178,stags,233,535,72,29,0
6179,rajas,233,514,55,27,0
6180,sheep,233.1,579,89,35,1
6181,stash,233.2,547,77,33,1
6182,shaky,233.2,544,87,39,1
6183,macks,233.2,563,69,24,0
6184,gyves,233.2,510,63,21,0
6185,slojd,233.2,554,62,30,0
6186,sprug,233.2,541,86,26,0
6187,floor,233.3,524,85,31,1
6188,synch,233.3,594,81,29,1
6189,stems,233.3,459,68,26,0
6190,amnia,233.3,508,92,24,0
6191,flaws,233.4,546,81,25,0
6192,mousy,233.4,596,84,35,0
6193,sakis,233.4,524,67,36,0
6194,hound,233.5,613,93,28,1
6195,freed,233.5,575,89,35,0
6196,plows,233.5,557,77,23,0
6197,lynch,233.6,571,81,20,1
6198,pinko,233.6,562,85,24,0
6199,malms,233.6,560,66,27,0
6200,nighs,233.6,579,80,16,0
6201,speed,233.8,583,85,35,1
6202,soupy,233.8,606,87,41,0
6203,rusts,233.8,528,71,22,0
6204,aloof,233.9,485,70,25,0
6205,unfit,234,586,85,20,1
6206,shtik,234,616,85,32,0
6207,slaps,234.1,569,89,32,0
6208,conto,234.1,608,94,32,0
6209,solus,234.1,573,76,35,0
6210,waded,234.1,469,66,33,0
6211,sophy,234.1,597,84,39,0
6212,dingo,234.2,589,105,23,0
6213,katas,234.2,585,74,28,0
6214,dawed,234.2,469,65,33,0
6215,loofa,234.2,485,71,30,0
6216,milks,234.3,572,75,22,0
6217,washy,234.3,533,77,29,0
6218,almug,234.3,536,89,20,0
6219,jolty,234.3,532,70,31,0
6220,abysm,234.4,532,69,15,0
6221,badly,234.5,586,96,36,1
6222,lyssa,234.5,539,73,19,0
6223,music,234.6,576,80,21,1
6224,mould,234.7,599,94,29,1
6225,glial,234.7,539,88,31,0
6226,joust,234.7,589,72,31,0
6227,fanon,234.7,494,71,33,0
6228,intis,234.7,574,73,18,0
6229,glass,234.8,568,78,27,1
6230,ledge,234.8,591,88,36,1
6231,hacks,234.8,568,77,23,0
6232,using,234.9,584,73,18,1
6233,colon,234.9,592,92,33,1
6234,elves,234.9,556,82,25,1
6235,algum,234.9,536,90,19,0
6236,burds,234.9,532,91,24,0
6237,dings,235,587,91,23,0
6238,imams,235,478,61,20,0
6239,pitch,235.1,610,90,27,1
6240,bunya,235.1,515,78,23,0
6241,algas,235.1,568,85,24,0
6242,swank,235.2,558,90,31,1
6243,glede,235.2,591,87,34,0
6244,selfs,235.4,524,78,33,0
6245,weave,235.5,535,76,39,1
6246,glows,235.5,551,74,21,0
6247,botch,235.5,607,84,31,0
6248,chaws,235.5,548,85,26,0
6249,whelm,235.5,468,76,21,0
6250,privy,235.6,563,74,37,1
6251,ditto,235.7,559,81,25,1
6252,quilt,235.8,586,69,31,1
6253,banns,235.9,562,70,34,0
6254,bless,236.1,502,73,27,1
6255,spans,236.1,565,76,32,0
6256,casus,236.1,550,73,29,0
6257,uncoy,236.1,597,76,23,0
6258,nifty,236.2,576,85,26,1
6259,swamy,236.2,558,72,37,0
6260,curdy,236.2,554,86,32,0
6261,xylan,236.3,530,63,18,0
6262,moron,236.4,559,95,31,1
6263,gambs,236.4,558,72,24,0
6264,lunks,236.4,572,78,21,0
6265,grama,236.5,555,90,29,0
6266,plink,236.5,600,87,29,0
6267,milia,236.5,516,79,27,0
6268,usual,236.6,510,61,18,1
6269,edger,236.7,554,75,22,0
6270,iroko,236.7,520,66,24,0
6271,defer,236.8,575,82,30,1
6272,butte,236.9,519,82,38,1
6273,expos,236.9,461,65,14,0
6274,veery,236.9,540,73,35,0
6275,cleek,236.9,575,81,34,0
6276,dorky,237,578,80,33,0
6277,ghees,237,573,84,30,0
6278,waltz,237.1,548,62,26,1
6279,lossy,237.1,564,74,34,0
6280,thewy,237.1,486,82,30,0
6281,whelp,237.2,490,78,21,0
6282,thill,237.2,603,78,31,0
6283,ammos,237.3,465,65,18,0
6284,gawsy,237.3,557,67,34,0
6285,shack,237.4,568,98,32,1
6286,pings,237.4,606,84,25,0
6287,oozes,237.4,454,51,28,0
6288,ridgy,237.4,539,90,28,0
6289,doubt,237.5,605,90,30,1
6290,feted,237.5,567,80,35,0
6291,recce,237.6,572,76,37,0
6292,adapt,237.7,575,74,27,1
6293,downs,237.7,586,88,26,0
6294,kelpy,237.7,495,76,27,0
6295,baldy,237.8,586,94,34,0
6296,whist,237.8,625,101,30,0
6297,linky,237.8,592,83,29,0
6298,tinct,237.8,622,84,33,0
6299,mothy,237.8,600,87,32,0
6300,venue,237.9,574,75,37,1
6301,abeam,237.9,440,69,20,0
6302,farad,238,564,79,34,0
6303,nizam,238,502,63,19,0
6304,pinna,238,498,81,29,0
6305,sculp,238,598,91,26,0
6306,bawty,238,538,73,34,0
6307,kreep,238,577,78,31,0
6308,forum,238.1,574,83,27,1
6309,currs,238.1,556,80,30,0
6310,mirky,238.1,538,78,31,0
6311,error,238.2,470,57,33,1
6312,mooed,238.2,506,81,39,0
6313,gigas,238.3,502,67,24,0
6314,hoick,238.3,590,86,33,0
6315,jives,238.4,499,64,25,0
6316,myoid,238.4,579,81,25,0
6317,turfy,238.4,557,87,30,0
6318,drunk,238.5,550,81,27,1
6319,brick,238.5,562,85,31,1
6320,awake,238.5,493,67,35,1
6321,tumid,238.5,600,90,24,0
6322,bhang,238.6,571,76,28,0
6323,palps,238.6,569,76,27,0
6324,mincy,238.6,613,89,33,0
6325,cumin,238.7,619,94,28,1
6326,camas,238.7,595,75,32,0
6327,swith,238.7,625,101,33,0
6328,porky,238.8,568,89,34,0
6329,deoxy,238.8,444,65,33,0
6330,hided,238.8,496,74,29,0
6331,refed,238.8,575,80,30,0
6332,stowp,238.8,578,79,24,0
6333,plack,238.9,594,95,29,0
6334,surfy,239.1,546,82,36,0
6335,wilds,239.2,574,82,21,0
6336,stood,239.3,585,77,31,1
6337,avail,239.5,565,84,29,1
6338,vises,239.5,508,77,26,0
6339,knish,239.5,605,81,25,0
6340,fritt,239.6,578,92,36,0
6341,seepy,239.6,561,81,41,0
6342,opium,239.7,529,71,18,1
6343,molto,239.7,568,86,28,1
6344,shoji,239.7,529,59,26,0
6345,lexes,239.7,570,71,29,0
6346,stabs,239.8,539,63,28,0
6347,films,240,580,84,23,0
6348,touts,240,600,93,29,0
6349,frill,240,540,78,34,0
6350,phony,240.1,619,91,36,1
6351,monks,240.2,602,74,26,0
6352,deems,240.2,561,78,27,0
6353,dishy,240.2,580,80,26,0
6354,kerry,240.4,512,72,33,1
6355,gleed,240.4,591,92,31,0
6356,nicks,240.5,586,78,17,0
6357,doped,240.5,492,71,32,0
6358,speck,240.6,502,83,27,1
6359,bowls,240.7,570,78,27,0
6360,dryad,240.7,498,70,25,0
6361,nabob,240.7,498,61,23,0
6362,greek,240.8,581,72,33,1
6363,comps,240.8,605,84,26,0
6364,ivies,240.8,508,61,27,0
6365,bousy,240.8,601,84,37,0
6366,conin,240.8,606,88,35,0
6367,duomi,240.8,553,82,24,0
6368,gonif,240.8,610,90,29,0
6369,meeds,240.8,561,77,28,0
6370,stout,241,600,86,32,1
6371,snaps,241.1,565,73,30,0
6372,rumps,241.1,530,81,18,0
6373,yoghs,241.1,571,72,19,0
6374,ember,241.2,551,68,22,0
6375,bingo,241.3,590,94,26,1
6376,chews,241.4,491,82,22,0
6377,shill,241.4,618,80,36,0
6378,teffs,241.4,519,62,22,0
6379,shoot,241.5,635,94,37,1
6380,dolls,241.5,567,75,27,0
6381,aurum,241.5,485,65,23,0
6382,mucin,241.5,619,91,25,0
6383,fecks,241.5,514,76,23,0
6384,wizen,241.5,492,66,28,0
6385,amply,241.6,576,86,25,0
6386,fells,241.6,524,81,27,0
6387,apsis,241.6,502,77,20,0
6388,angas,241.6,570,79,20,0
6389,educe,241.6,567,71,30,0
6390,itchy,241.7,571,67,19,1
6391,ohmic,241.8,561,82,18,0
6392,ruffe,241.8,520,57,30,0
6393,packs,241.9,585,82,25,0
6394,grigs,241.9,538,70,27,0
6395,album,242.1,555,89,19,1
6396,ozone,242.1,482,55,33,1
6397,tewed,242.2,574,82,33,0
6398,kagus,242.3,558,70,23,0
6399,slabs,242.4,584,73,32,0
6400,guyed,242.4,517,76,28,0
6401,bothy,242.5,603,84,34,0
6402,rucks,242.5,520,76,18,0
6403,pesky,242.6,509,79,30,1
6404,pithy,242.6,601,89,29,0
6405,tutee,242.6,592,79,45,0
6406,doums,242.6,599,87,26,0
6407,sooth,242.8,635,93,42,0
6408,plebe,242.8,606,79,36,0
6409,cists,242.8,614,72,27,0
6410,kiths,242.8,616,72,18,0
6411,goyim,242.9,579,75,26,0
6412,vagus,243,548,81,23,0
6413,dhuti,243,595,81,22,0
6414,libri,243.2,507,70,22,1
6415,bedel,243.2,604,91,36,0
6416,vexil,243.2,514,79,25,0
6417,wacko,243.3,517,69,24,0
6418,wests,243.3,525,69,25,0
6419,chops,243.4,611,89,24,0
6420,shawm,243.4,568,79,29,0
6421,balls,243.5,584,83,31,0
6422,julep,243.6,525,62,26,0
6423,feaze,243.6,523,62,41,0
6424,flong,243.6,602,77,25,0
6425,ferry,243.7,519,77,36,1
6426,snags,243.7,570,69,32,0
6427,tilth,243.8,603,81,28,0
6428,backs,243.9,569,75,26,0
6429,vizor,244,538,67,23,0
6430,rondo,244.1,562,92,26,0
6431,stunk,244.1,598,86,27,0
6432,conns,244.1,604,78,34,0
6433,aspis,244.2,502,73,18,0
6434,fritz,244.3,565,77,29,1
6435,spool,244.3,606,80,33,1
6436,ameba,244.3,440,73,19,0
6437,petty,244.4,489,81,35,1
6438,gigot,244.5,569,69,29,0
6439,hadal,244.5,609,77,29,0
6440,clung,244.6,611,80,25,0
6441,albas,244.6,584,85,24,0
6442,focus,244.7,588,85,25,1
6443,seels,244.7,578,75,37,0
6444,fryer,244.8,519,70,31,1
6445,vests,244.8,539,64,24,0
6446,combs,244.8,592,77,25,0
6447,slily,244.8,612,81,43,0
6448,avian,244.9,552,82,28,1
6449,brock,244.9,596,88,29,1
6450,sloop,244.9,606,84,33,0
6451,klong,244.9,595,67,22,0
6452,dodge,245,513,67,37,1
6453,finds,245,595,80,23,0
6454,fasts,245,570,72,29,0
6455,dinks,245,603,80,23,0
6456,conic,245.1,606,78,31,0
6457,canny,245.1,581,79,42,0
6458,odium,245.1,553,78,17,0
6459,burps,245.2,555,88,23,0
6460,wordy,245.3,588,83,32,0
6461,flail,245.3,556,78,33,0
6462,schwa,245.4,548,65,21,0
6463,modus,245.5,599,85,24,1
6464,whits,245.6,625,96,26,0
6465,pinch,245.7,636,95,27,1
6466,balmy,245.7,608,90,35,0
6467,gangs,245.9,570,67,28,0
6468,scads,245.9,556,61,29,0
6469,aboon,245.9,498,79,23,0
6470,tempt,246,531,72,29,1
6471,kakis,246.1,524,54,24,0
6472,sixty,246.2,607,72,38,1
6473,watts,246.2,580,71,28,0
6474,flips,246.2,607,82,25,0
6475,ephah,246.2,444,55,18,0
6476,upbye,246.2,510,63,24,0
6477,vinyl,246.3,608,74,22,1
6478,twigs,246.3,608,82,23,0
6479,quoin,246.3,584,61,27,0
6480,ayahs,246.4,583,59,23,0
6481,amaze,246.5,503,61,33,1
6482,gemma,246.5,426,68,24,1
6483,lamby,246.5,608,84,30,0
6484,dowry,246.6,588,89,33,0
6485,didos,246.7,548,69,24,0
6486,dusty,246.8,604,87,28,1
6487,steps,246.8,495,73,24,0
6488,pound,246.9,646,90,31,1
6489,gifts,246.9,611,83,22,0
6490,augur,246.9,490,68,26,0
6491,dight,246.9,620,81,24,0
6492,typey,246.9,489,55,33,0
6493,roofs,247,545,70,29,0
6494,kemps,247,538,63,19,0
6495,gigue,247,474,71,34,0
6496,caeca,247,461,59,36,0
6497,crump,247.1,589,89,26,0
6498,schmo,247.1,608,73,22,0
6499,boron,247.3,579,96,33,1
6500,wells,247.3,535,76,25,0
6501,blows,247.3,570,77,23,0
6502,animi,247.3,508,70,22,0
6503,umped,247.3,543,70,21,0
6504,kinds,247.5,603,74,20,0
6505,whins,247.5,617,88,26,0
6506,sonny,247.6,622,77,46,1
6507,wryer,247.6,525,65,29,0
6508,ennui,247.7,516,65,16,0
6509,minks,247.7,609,76,23,0
6510,vixen,247.8,516,75,27,1
6511,teddy,247.9,477,62,32,1
6512,kanas,247.9,610,73,29,0
6513,blebs,248,502,66,23,0
6514,abaci,248,546,60,24,0
6515,boost,248.1,622,85,39,1
6516,climb,248.1,630,78,27,1
6517,booed,248.2,516,79,41,0
6518,imide,248.2,528,63,30,0
6519,punty,248.2,607,96,31,0
6520,sixmo,248.2,553,66,29,0
6521,needy,248.3,533,69,31,1
6522,folks,248.3,571,79,26,0
6523,clomb,248.3,624,79,25,0
6524,grubs,248.4,558,91,22,0
6525,bipod,248.4,586,81,26,0
6526,hexyl,248.4,477,59,20,0
6527,rammy,248.6,519,70,32,0
6528,study,248.7,604,84,32,1
6529,bleed,248.7,604,90,33,1
6530,aurar,248.8,562,68,33,0
6531,knosp,248.8,609,73,20,0
6532,sonsy,248.9,622,78,46,0
6533,deeps,249,583,82,25,0
6534,whams,249,568,77,24,0
6535,bleep,249.1,606,78,32,0
6536,pacas,249.5,616,79,29,0
6537,calyx,249.6,590,61,26,0
6538,baulk,249.6,597,87,33,0
6539,godly,249.8,616,93,34,1
6540,union,249.9,584,66,24,1
6541,pools,249.9,606,77,35,0
6542,alibi,249.9,534,62,23,0
6543,shoon,249.9,633,88,34,0
6544,bewig,249.9,512,68,26,0
6545,rewed,249.9,595,83,30,0
6546,toyon,250,619,78,29,0
6547,limit,250.1,605,75,29,1
6548,helve,250.1,603,80,35,0
6549,ionic,250.2,606,69,26,1
6550,enjoy,250.3,537,66,23,1
6551,campy,250.3,599,87,34,0
6552,wormy,250.3,585,79,34,0
6553,clubs,250.4,601,89,23,0
6554,tasks,250.4,585,68,27,0
6555,updos,250.5,596,73,16,0
6556,vasts,250.6,580,67,26,0
6557,misos,250.7,563,79,24,0
6558,pisos,250.8,557,80,25,0
6559,shott,250.8,635,94,38,0
6560,numen,250.8,502,69,28,0
6561,wheys,250.8,472,71,18,0
6562,mools,250.9,596,74,33,0
6563,ought,251,598,78,21,1
6564,vitta,251,507,79,23,0
6565,venin,251,517,72,29,0
6566,sizes,251.2,515,60,36,0
6567,cuing,251.2,650,85,30,0
6568,punka,251.2,537,81,24,0
6569,wasts,251.2,580,70,26,0
6570,hypos,251.4,597,75,15,0
6571,isbas,251.4,481,59,14,0
6572,waspy,251.4,576,75,30,0
6573,silly,251.5,612,83,39,1
6574,plush,251.6,634,93,27,1
6575,mogul,251.6,623,84,27,1
6576,domed,251.6,506,76,33,0
6577,wheel,251.7,583,82,31,1
6578,dudes,251.8,536,71,28,0
6579,hoots,251.8,635,85,31,0
6580,refry,251.9,519,72,31,0
6581,modem,252.1,506,73,31,1
6582,evens,252.1,531,71,19,0
6583,raggy,252.1,514,63,32,0
6584,dhobi,252.1,583,72,20,0
6585,catch,252.3,591,78,33,1
6586,dewax,252.3,463,65,22,0
6587,topos,252.4,625,83,28,0
6588,yawps,252.4,576,66,20,0
6589,nancy,252.6,581,73,35,1
6590,swell,252.6,535,76,30,1
6591,fowls,252.6,584,76,26,0
6592,hedgy,252.6,515,75,29,0
6593,achoo,252.7,507,63,17,0
6594,jehus,252.8,510,53,18,0
6595,bonks,252.9,614,75,29,0
6596,loony,253,623,79,40,0
6597,gighe,253,521,63,32,0
6598,kaphs,253.3,596,66,21,0
6599,muses,253.5,540,73,29,0
6600,apeak,253.5,455,73,23,0
6601,polos,253.7,606,80,30,0
6602,hexer,253.7,584,67,29,0
6603,quark,253.8,515,56,27,1
6604,civie,253.8,558,71,41,0
6605,boxed,253.9,512,68,33,0
6606,docks,253.9,598,71,23,0
6607,sixes,253.9,523,66,36,0
6608,might,254,634,83,25,1
6609,flamy,254,619,82,35,0
6610,tweed,254.1,574,85,29,0
6611,gutsy,254.1,632,85,31,0
6612,cabob,254.1,528,65,28,0
6613,verge,254.2,622,87,36,1
6614,mixed,254.2,526,79,29,0
6615,vowed,254.2,517,73,29,0
6616,moots,254.2,625,86,32,0
6617,hodad,254.2,501,73,27,0
6618,soths,254.2,635,74,35,0
6619,glebe,254.3,614,79,34,0
6620,thymi,254.3,595,70,16,0
6621,polls,254.4,606,73,30,0
6622,rooks,254.4,562,65,29,0
6623,molls,254.4,596,73,27,0
6624,ahull,254.4,558,73,28,0
6625,bawds,254.4,574,69,26,0
6626,slogs,254.4,596,69,32,0
6627,motts,254.5,625,82,28,0
6628,looms,254.7,596,79,31,0
6629,didst,254.7,631,66,30,0
6630,makar,254.7,597,75,31,0
6631,axing,254.7,520,67,22,0
6632,agaze,254.7,502,57,33,0
6633,hatch,254.8,591,70,29,1
6634,chips,254.8,647,87,26,0
6635,edges,254.8,579,67,21,0
6636,loops,254.8,606,78,29,0
6637,burgs,254.8,558,95,24,0
6638,frock,254.9,608,82,29,0
6639,zincs,254.9,609,63,22,0
6640,allow,255.2,503,71,23,1
6641,undue,255.2,527,63,27,1
6642,zymes,255.3,520,48,19,0
6643,award,255.4,580,83,28,1
6644,facia,255.4,575,72,30,0
6645,forby,255.4,599,80,33,0
6646,fiefs,255.5,472,64,24,0
6647,favus,255.5,555,67,26,0
6648,falls,255.6,597,74,30,0
6649,piped,255.6,535,68,31,0
6650,edify,255.6,519,72,26,0
6651,knops,255.6,609,71,17,0
6652,rowdy,255.7,588,82,28,1
6653,knell,255.7,491,65,22,0
6654,hadji,255.8,510,55,20,0
6655,femes,255.8,606,68,32,0
6656,heigh,256,521,61,32,0
6657,thuds,256,641,84,22,0
6658,hempy,256,509,74,27,0
6659,wifed,256,531,79,27,0
6660,kopje,256.1,498,59,33,0
6661,champ,256.2,609,91,26,1
6662,winds,256.2,616,82,22,0
6663,unpen,256.2,517,68,23,0
6664,jerky,256.3,503,60,29,1
6665,sewed,256.4,634,80,40,0
6666,wolfs,256.4,584,79,23,0
6667,crack,256.5,556,75,32,1
6668,bilks,256.5,608,83,24,0
6669,cuifs,256.6,628,84,28,0
6670,patty,256.7,590,84,36,1
6671,gaudy,256.8,580,87,34,0
6672,iring,256.8,577,64,25,0
6673,outby,256.9,588,81,24,0
6674,stopt,257,625,83,31,0
6675,unhip,257.1,616,65,13,0
6676,buoys,257.2,601,75,24,0
6677,lavas,257.2,617,76,28,0
6678,blabs,257.2,584,68,26,0
6679,murks,257.2,561,77,22,0
6680,vasal,257.2,617,78,28,0
6681,alfas,257.3,597,75,22,0
6682,adyta,257.3,560,67,18,0
6683,blown,257.5,622,74,26,1
6684,swats,257.5,580,74,32,0
6685,fykes,257.5,525,60,22,0
6686,silds,257.5,623,74,32,0
6687,queer,257.6,568,53,28,1
6688,logos,257.6,596,77,27,0
6689,fique,257.6,488,51,33,0
6690,dekes,257.6,615,67,29,0
6691,oxids,257.6,539,60,17,0
6692,yupon,257.6,641,76,20,0
6693,musty,257.7,627,93,28,0
6694,pinks,257.9,638,81,24,0
6695,qanat,257.9,617,63,35,0
6696,logoi,258,585,70,26,0
6697,mysid,258,598,74,19,0
6698,yocks,258,595,65,20,0
6699,every,258.1,540,67,27,1
6700,parka,258.1,593,85,31,1
6701,cycas,258.1,544,60,21,0
6702,fugal,258.1,565,83,25,0
6703,snood,258.3,634,85,32,0
6704,gloss,258.4,596,70,25,1
6705,supes,258.4,558,84,37,0
6706,frugs,258.4,578,84,25,0
6707,slews,258.4,535,69,29,0
6708,black,258.5,626,89,29,1
6709,bombe,258.5,513,70,38,0
6710,skats,258.5,585,63,32,0
6711,moldy,258.6,627,90,30,0
6712,slops,258.6,606,76,31,0
6713,haika,258.6,585,70,32,0
6714,hamal,258.6,635,74,29,0
6715,weber,258.7,612,79,31,1
6716,fleck,258.7,519,83,25,0
6717,junto,258.7,613,73,22,0
6718,shots,258.8,635,79,33,0
6719,elegy,259,544,73,30,0
6720,fytte,259,529,65,33,0
6721,blink,259.1,639,85,29,1
6722,hymns,259.1,612,65,17,0
6723,quint,259.1,639,69,30,0
6724,kroon,259.3,599,76,27,1
6725,suits,259.3,653,85,37,0
6726,gowns,259.3,625,79,26,0
6727,xylem,259.4,518,59,20,0
6728,indri,259.4,546,57,15,0
6729,jokey,259.4,463,55,36,0
6730,hills,259.5,618,71,23,0
6731,truth,259.6,611,88,29,1
6732,boots,259.6,622,84,34,0
6733,visas,259.6,526,69,22,0
6734,mimed,259.6,528,75,30,0
6735,mosts,259.6,625,75,26,0
6736,askos,259.7,490,57,16,0
6737,gawps,259.7,602,69,23,0
6738,hosts,259.8,635,75,25,0
6739,breve,259.9,633,78,38,0
6740,spues,259.9,558,81,34,0
6741,squeg,259.9,549,58,33,0
6742,posts,260,625,81,28,0
6743,botts,260,622,75,31,0
6744,occur,260.1,576,68,16,1
6745,tondo,260.1,642,88,28,0
6746,poove,260.2,549,67,41,0
6747,sylis,260.2,612,76,28,0
6748,nixie,260.3,533,58,35,0
6749,glitz,260.4,613,65,26,0
6750,tinny,260.4,629,78,36,0
6751,sises,260.4,525,62,38,0
6752,guild,260.6,655,99,29,1
6753,emeus,260.6,540,70,15,0
6754,skeed,260.6,615,69,34,0
6755,butyl,260.8,610,81,23,1
6756,blush,260.9,641,88,27,1
6757,flows,260.9,584,75,22,0
6758,would,261,632,84,28,1
6759,stoop,261,625,80,28,0
6760,ulama,261,615,78,25,0
6761,bunco,261,654,90,26,0
6762,swamp,261.1,608,76,27,1
6763,mound,261.2,671,93,30,1
6764,slims,261.2,636,76,34,0
6765,jihad,261.4,510,54,21,1
6766,stull,261.4,626,75,30,0
6767,shads,261.5,580,67,32,0
6768,boded,261.6,516,72,35,0
6769,oxlip,261.7,545,67,16,0
6770,wauks,261.7,579,68,27,0
6771,messy,261.9,530,72,33,1
6772,slump,261.9,646,88,28,1
6773,merer,261.9,626,78,36,0
6774,situs,262,653,73,32,0
6775,whaps,262.1,587,80,23,0
6776,sylph,262.2,633,83,26,0
6777,nonyl,262.2,623,62,25,0
6778,kelep,262.3,630,68,30,0
6779,swing,262.4,649,81,29,1
6780,enemy,262.5,501,69,26,1
6781,amici,262.5,541,64,23,1
6782,scags,262.5,584,65,29,0
6783,scams,262.6,595,68,29,0
6784,jupes,262.6,548,67,24,0
6785,rotor,262.8,620,79,32,1
6786,gusty,262.8,632,88,28,0
6787,torot,262.9,620,85,37,0
6788,naval,263,614,81,27,1
6789,bundt,263,643,84,30,0
6790,spots,263.1,625,79,30,0
6791,johns,263.1,622,59,24,0
6792,alkyd,263.1,602,63,17,0
6793,galah,263.1,650,79,33,0
6794,ouphs,263.1,601,75,14,0
6795,oxeye,263.1,506,46,27,0
6796,puses,263.1,558,80,30,0
6797,kanji,263.2,536,57,21,1
6798,clach,263.2,615,81,31,0
6799,exurb,263.3,504,56,16,0
6800,nitty,263.4,629,83,29,0
6801,ficus,263.4,628,77,20,0
6802,wrick,263.4,609,74,28,0
6803,staff,263.5,570,56,25,1
6804,walls,263.5,614,74,28,0
6805,dazed,263.7,499,55,33,0
6806,mayas,263.7,623,68,27,0
6807,proxy,263.8,610,60,34,1
6808,dimly,263.9,647,93,30,0
6809,array,264,601,70,40,1
6810,sinus,264.2,653,74,33,1
6811,puked,264.2,566,69,29,0
6812,foxed,264.3,517,64,32,0
6813,ascus,264.5,550,64,14,0
6814,karma,264.6,597,79,27,1
6815,nouns,264.6,637,71,27,0
6816,quash,264.6,562,61,28,0
6817,vamps,264.6,619,64,22,0
6818,aging,264.7,531,62,22,1
6819,jaded,264.8,500,52,32,0
6820,wheen,264.8,593,81,31,0
6821,oxims,264.8,553,62,18,0
6822,krubi,264.9,566,67,18,0
6823,abash,265.1,626,59,27,0
6824,folio,265.2,617,73,31,1
6825,brusk,265.2,604,83,28,0
6826,tushy,265.3,666,88,27,0
6827,swede,265.4,634,78,37,0
6828,degum,265.4,551,82,21,0
6829,smock,265.5,647,67,30,0
6830,slaws,265.6,614,71,31,0
6831,sojas,265.6,520,52,35,0
6832,budge,265.7,577,90,34,0
6833,almah,265.7,635,70,27,0
6834,gimme,265.8,543,75,34,1
6835,beeps,265.8,608,72,28,0
6836,halma,265.8,635,79,26,0
6837,medii,265.8,528,66,25,0
6838,shays,266.1,583,68,30,0
6839,sokol,266.1,638,65,38,0
6840,wacks,266.2,606,65,23,0
6841,panda,266.3,634,84,29,1
6842,cabal,266.3,666,87,33,1
6843,build,266.4,661,97,31,1
6844,bight,266.4,648,79,27,0
6845,emend,266.4,559,73,20,0
6846,pinon,266.5,623,79,29,0
6847,whang,266.5,604,84,25,0
6848,fling,266.6,655,82,26,1
6849,vivas,266.6,526,59,21,0
6850,volva,266.6,514,66,24,0
6851,joked,266.7,506,53,29,0
6852,cheep,266.7,632,85,31,0
6853,clunk,266.7,640,83,27,0
6854,pyxes,266.7,553,60,23,0
6855,viewy,266.7,492,58,29,0
6856,rumor,266.8,633,78,26,1
6857,dauby,266.8,587,81,33,0
6858,draff,266.9,564,59,25,0
6859,swift,267,665,85,32,1
6860,vrouw,267,616,64,23,1
6861,swans,267,604,71,32,0
6862,setts,267,573,69,37,0
6863,jibed,267,541,68,27,0
6864,crumb,267.2,623,77,25,1
6865,wedel,267.3,639,88,32,0
6866,cheth,267.3,498,72,28,0
6867,myths,267.4,644,70,15,0
6868,knobs,267.5,614,63,16,0
6869,dills,267.5,623,77,24,0
6870,vegie,267.5,635,79,38,0
6871,battu,267.6,584,64,29,0
6872,osmol,267.6,596,66,17,0
6873,amahs,267.8,625,64,22,0
6874,kabar,268,616,79,30,0
6875,blitz,268.1,628,66,28,1
6876,gipsy,268.1,654,77,31,0
6877,durrs,268.1,609,72,27,0
6878,trooz,268.1,606,66,28,0
6879,imaum,268.3,482,58,18,0
6880,yills,268.3,612,72,21,0
6881,sexts,268.4,567,56,34,0
6882,stunt,268.6,660,83,32,1
6883,ousts,268.7,600,72,19,0
6884,guids,268.7,644,92,25,0
6885,texts,268.8,567,62,26,0
6886,specs,268.9,535,74,28,0
6887,wrung,268.9,605,71,24,0
6888,weeny,268.9,573,73,37,0
6889,duads,268.9,569,70,27,0
6890,xenon,269,486,57,27,1
6891,spill,269.1,666,82,33,1
6892,aalii,269.1,604,59,30,0
6893,indow,269.2,614,71,13,0
6894,lusts,269.3,626,75,22,0
6895,slobs,269.3,619,69,30,0
6896,smeek,269.3,620,69,34,0
6897,quays,269.4,559,52,22,0
6898,kirks,269.4,570,54,22,0
6899,maqui,269.4,482,53,22,0
6900,forky,269.8,615,74,34,0
6901,ginks,269.9,645,75,23,0
6902,shins,270,666,73,33,0
6903,fumed,270,569,74,30,0
6904,sheds,270.1,540,65,28,0
6905,tupik,270.1,645,77,25,0
6906,flown,270.2,637,70,25,1
6907,bebop,270.2,498,55,26,1
6908,odour,270.2,629,73,22,1
6909,wooed,270.2,543,72,38,0
6910,lobos,270.4,619,82,27,0
6911,shock,270.5,657,87,32,1
6912,igloo,270.5,585,64,16,0
6913,sculk,270.6,646,82,27,0
6914,fauna,270.7,621,72,34,1
6915,tammy,270.7,606,68,34,1
6916,feeds,270.7,602,74,28,0
6917,kings,270.8,645,72,21,0
6918,sells,270.8,578,69,35,0
6919,flack,270.8,631,89,28,0
6920,bolos,270.8,619,82,30,0
6921,jubes,270.9,555,61,25,0
6922,chess,271,533,74,26,1
6923,wawls,271,614,54,26,0
6924,axial,271.1,593,71,27,1
6925,druid,271.1,606,72,28,1
6926,buses,271.1,565,72,30,0
6927,quits,271.1,653,68,25,0
6928,umiaq,271.1,482,48,20,0
6929,young,271.2,672,70,24,1
6930,plums,271.2,646,88,23,0
6931,poufs,271.2,643,76,26,0
6932,alpha,271.3,619,70,20,1
6933,batty,271.3,604,73,37,0
6934,delly,271.3,550,82,31,0
6935,pecky,271.3,537,76,30,0
6936,risks,271.5,570,64,20,0
6937,mitts,271.5,661,78,25,0
6938,offal,271.5,485,49,14,0
6939,gauss,271.6,605,77,30,1
6940,lysis,271.7,612,69,17,0
6941,nihil,271.7,631,58,23,0
6942,rajah,271.8,579,53,29,0
6943,thick,271.9,663,89,28,1
6944,tests,271.9,573,70,28,0
6945,showy,271.9,646,76,36,0
6946,bolls,271.9,619,75,30,0
6947,quads,272,569,58,23,0
6948,gleek,272,625,69,31,0
6949,wived,272,569,79,27,0
6950,eched,272.2,608,67,21,0
6951,scabs,272.3,595,60,28,0
6952,bided,272.3,548,73,32,0
6953,penny,272.4,529,74,37,1
6954,owing,272.4,627,77,19,1
6955,fudge,272.4,588,78,34,1
6956,mayan,272.4,650,75,29,1
6957,cooly,272.4,661,75,41,0
6958,musth,272.4,678,95,23,0
6959,busty,272.5,644,89,30,1
6960,sixth,272.6,677,74,32,1
6961,witch,272.6,660,81,24,1
6962,squad,272.7,569,60,28,1
6963,sigil,272.7,662,72,36,0
6964,mills,272.8,636,74,25,0
6965,rutty,272.8,593,77,30,0
6966,thuja,273,555,61,21,0
6967,qualm,273,615,56,26,0
6968,snaws,273,604,65,29,0
6969,radar,273.1,632,73,32,1
6970,spoon,273.1,667,81,31,1
6971,plops,273.1,606,69,24,0
6972,coopt,273.1,671,84,37,0
6973,pasha,273.2,644,76,26,0
6974,daman,273.2,656,86,31,0
6975,fitch,273.4,667,85,26,1
6976,filch,273.4,666,90,26,0
6977,sinhs,273.5,666,69,32,0
6978,erred,273.6,642,78,36,0
6979,gybed,273.7,567,71,24,0
6980,zests,273.8,562,54,23,0
6981,ninth,274,661,73,24,1
6982,curvy,274,598,79,32,0
6983,fawny,274,610,72,36,0
6984,salal,274.2,667,78,39,0
6985,dawks,274.2,616,63,24,0
6986,fluyt,274.3,651,83,25,0
6987,kudos,274.4,632,63,20,0
6988,poons,274.4,667,80,35,0
6989,kiosk,274.5,591,51,28,1
6990,stops,274.5,625,73,26,0
6991,pshaw,274.7,587,65,15,0
6992,snoop,274.8,667,79,30,1
6993,hying,274.8,662,77,20,0
6994,oboli,274.9,599,59,18,0
6995,shist,274.9,688,87,38,0
6996,bemix,275,532,67,26,0
6997,pulik,275,649,83,27,0
6998,stews,275.1,525,62,24,0
6999,dexie,275.2,632,70,38,0
7000,mitis,275.3,661,71,26,0
7001,bogus,275.4,640,90,26,1
7002,kopek,275.5,505,53,31,0
7003,faugh,275.6,604,76,30,0
7004,wings,275.7,649,81,22,0
7005,whelk,275.7,527,74,22,0
7006,haafs,275.7,647,57,33,0
7007,jaups,275.8,605,61,24,0
7008,fools,275.9,631,73,34,0
7009,wahoo,275.9,560,58,25,0
7010,jests,275.9,560,55,23,0
7011,pocks,275.9,650,80,25,0
7012,slips,276,666,79,33,0
7013,fewer,276.1,630,75,31,1
7014,spitz,276.1,672,66,30,0
7015,kebab,276.1,467,53,21,0
7016,blimy,276.1,676,81,36,0
7017,buhls,276.1,641,76,22,0
7018,delve,276.2,664,87,35,1
7019,lumps,276.3,646,83,17,0
7020,murrs,276.3,617,72,27,0
7021,zebus,276.3,552,60,19,0
7022,chevy,276.4,523,68,32,1
7023,mocks,276.4,647,73,23,0
7024,pouch,276.5,687,86,30,1
7025,judas,276.5,557,61,20,1
7026,comma,276.6,536,74,27,1
7027,massy,276.6,623,71,34,0
7028,surds,276.6,609,72,31,0
7029,whity,276.6,652,84,33,0
7030,villa,276.7,565,78,22,1
7031,moons,276.7,661,79,33,0
7032,hocks,276.7,657,79,22,0
7033,pekes,276.7,654,73,31,0
7034,vodka,276.9,543,66,24,1
7035,saggy,277,618,61,42,1
7036,nylon,277.1,623,67,18,1
7037,gassy,277.1,618,65,35,0
7038,mists,277.3,661,75,23,0
7039,nulls,277.4,625,66,20,0
7040,softs,277.7,653,67,35,0
7041,stobs,277.7,622,63,26,0
7042,acmic,277.9,541,61,17,0
7043,foots,278,653,81,33,0
7044,kneed,278,614,67,26,0
7045,coypu,278,674,71,23,0
7046,playa,278.2,665,74,27,1
7047,droop,278.2,656,84,27,0
7048,tepee,278.3,647,64,46,0
7049,jells,278.3,564,56,24,0
7050,hafiz,278.4,567,60,24,0
7051,xysti,278.4,607,55,11,0
7052,whaup,278.6,582,65,24,0
7053,blimp,278.7,673,75,26,0
7054,pubis,278.7,658,83,23,0
7055,conky,278.7,687,82,36,0
7056,iodin,278.9,661,70,28,0
7057,songs,279,676,69,37,0
7058,naans,279.1,657,63,36,0
7059,remex,279.1,620,71,28,0
7060,shams,279.2,625,69,32,0
7061,monos,279.3,661,83,29,0
7062,awful,279.6,575,68,18,1
7063,loofs,279.6,631,73,29,0
7064,dyads,279.7,583,66,22,0
7065,waugh,279.8,606,75,28,1
7066,smash,280.1,625,72,34,1
7067,thugs,280.1,685,91,22,0
7068,jowed,280.1,536,60,29,0
7069,tumps,280.1,682,82,19,0
7070,jerry,280.2,558,60,33,1
7071,quins,280.2,653,64,25,0
7072,obols,280.2,619,65,20,0
7073,brava,280.3,629,66,31,1
7074,colly,280.3,661,81,37,0
7075,riffs,280.4,568,59,18,0
7076,balky,280.4,656,84,34,0
7077,fugio,280.4,603,74,25,0
7078,tucks,280.5,670,78,20,0
7079,bound,280.6,700,91,31,1
7080,fluty,280.6,651,89,32,0
7081,gamas,280.6,656,74,29,0
7082,salsa,280.7,667,72,40,1
7083,tofts,280.8,653,75,27,0
7084,dreed,280.8,642,70,34,0
7085,flush,280.9,671,84,25,1
7086,hedge,280.9,669,73,35,1
7087,width,281,667,83,24,1
7088,devel,281.3,664,86,31,1
7089,tabby,281.4,604,62,32,1
7090,cupid,281.5,678,83,26,1
7091,aghas,281.5,632,56,16,0
7092,nisus,281.6,653,66,18,0
7093,umbos,281.6,642,67,14,0
7094,found,281.7,695,84,30,1
7095,hawks,281.8,628,67,22,0
7096,withy,281.8,652,75,27,0
7097,queys,281.8,499,45,17,0
7098,jorum,281.9,622,62,24,0
7099,samba,282,662,68,34,1
7100,evoke,282.1,572,55,29,1
7101,yeggs,282.2,543,51,20,0
7102,binit,282.3,679,72,35,0
7103,khafs,282.3,599,70,21,0
7104,chows,282.4,667,83,24,0
7105,plugs,282.6,665,85,23,0
7106,lucks,282.6,646,82,17,0
7107,debug,282.7,577,76,21,1
7108,moory,282.9,643,82,39,0
7109,stuck,283,670,82,27,1
7110,wonks,283,664,73,26,0
7111,bitts,283,672,69,27,0
7112,chufa,283,570,76,23,0
7113,bilbo,283.1,599,68,23,0
7114,micks,283.1,655,72,20,0
7115,smoky,283.3,664,66,34,1
7116,bikie,283.4,573,58,39,0
7117,lipin,283.4,665,72,25,0
7118,fuzes,283.6,567,58,27,0
7119,cissy,283.7,663,70,35,0
7120,pills,283.8,666,82,26,0
7121,gayal,283.8,678,77,29,0
7122,looks,283.9,638,67,29,0
7123,nitid,283.9,667,71,25,0
7124,nanas,284.1,657,65,29,0
7125,kotos,284.1,662,68,27,0
7126,issei,284.2,525,48,18,0
7127,pilis,284.2,666,77,27,0
7128,gutta,284.4,581,77,24,0
7129,purrs,284.5,645,81,28,0
7130,block,284.6,667,80,27,1
7131,gulps,284.6,665,80,19,0
7132,orzos,284.6,597,53,21,0
7133,dally,284.7,657,83,34,0
7134,whipt,284.7,685,84,27,0
7135,imply,284.8,645,74,21,1
7136,beech,284.8,639,71,32,1
7137,stuns,284.8,660,72,28,0
7138,dryly,284.8,582,57,31,0
7139,dhows,284.9,655,75,21,0
7140,bliss,285,668,73,29,1
7141,caffs,285,613,54,26,0
7142,kolos,285.1,638,65,26,0
7143,cholo,285.2,678,79,29,0
7144,equip,285.3,541,50,17,1
7145,chewy,285.3,536,69,31,0
7146,queen,285.4,612,52,31,1
7147,spits,285.4,691,79,32,0
7148,bocks,285.4,649,73,25,0
7149,begum,285.5,565,74,24,0
7150,pagan,285.7,677,80,32,1
7151,dutch,285.9,692,81,24,1
7152,fluid,286,682,92,26,1
7153,ghazi,286,560,61,21,0
7154,limby,286.1,676,75,26,0
7155,updry,286.1,635,73,24,0
7156,tipis,286.2,691,72,25,0
7157,azans,286.2,646,54,26,0
7158,excel,286.3,614,63,22,1
7159,sweep,286.3,656,81,33,1
7160,finch,286.3,698,86,26,1
7161,floss,286.3,631,70,26,1
7162,dowed,286.3,543,69,31,0
7163,gadid,286.3,601,73,30,0
7164,equid,286.5,544,55,18,0
7165,watap,286.5,652,73,29,0
7166,embow,286.6,543,59,12,0
7167,stump,286.7,682,87,23,1
7168,hists,286.7,688,77,22,0
7169,epoxy,286.8,559,55,25,1
7170,burro,286.8,661,80,28,0
7171,swink,286.8,685,86,31,0
7172,fuses,286.9,580,66,29,0
7173,bhuts,287,695,88,26,0
7174,bassy,287.1,627,70,37,0
7175,cough,287.2,703,83,30,1
7176,jivey,287.2,532,61,33,0
7177,bunds,287.5,659,82,23,0
7178,boons,287.6,667,79,35,0
7179,finks,287.6,667,76,23,0
7180,going,287.7,676,71,32,1
7181,weeds,287.7,634,77,26,0
7182,wowed,287.7,543,55,30,0
7183,qursh,287.8,595,62,23,0
7184,frere,287.9,681,72,42,0
7185,nomos,287.9,661,76,25,0
7186,snuck,288,685,79,29,0
7187,sexed,288,674,67,40,0
7188,dandy,288.1,632,71,33,1
7189,fixed,288.1,572,71,29,0
7190,gists,288.2,674,72,23,0
7191,fishy,288.3,658,74,27,1
7192,diked,288.3,562,59,28,0
7193,leggy,288.4,544,61,30,0
7194,djins,288.4,657,64,23,0
7195,reded,288.4,642,72,32,0
7196,beefs,288.6,629,63,28,0
7197,hasps,288.6,644,69,23,0
7198,promo,288.8,667,85,29,1
7199,flawy,288.9,652,75,33,0
7200,sappy,289,641,72,39,0
7201,pudic,289,678,77,22,0
7202,eject,289.1,561,57,23,1
7203,blobs,289.2,619,66,24,0
7204,furor,289.2,666,76,31,0
7205,melee,289.3,675,62,47,1
7206,goons,289.3,676,78,33,0
7207,thunk,289.3,687,82,25,0
7208,coyly,289.3,661,61,35,0
7209,fillo,289.3,617,73,25,0
7210,geeks,289.4,636,66,26,0
7211,mafia,289.5,615,70,28,1
7212,minis,289.6,674,70,27,0
7213,wools,289.6,652,71,32,0
7214,snogs,289.7,676,64,30,0
7215,hooly,289.8,673,71,37,0
7216,stook,289.8,662,70,30,0
7217,fondu,289.9,695,68,25,0
7218,twill,290,670,77,28,1
7219,comix,290,655,77,28,1
7220,boson,290,667,82,31,1
7221,plunk,290,669,75,26,0
7222,snobs,290.1,667,59,28,0
7223,dungs,290.2,673,86,22,0
7224,guess,290.3,549,74,25,1
7225,fever,290.3,650,76,32,1
7226,mouch,290.3,711,89,28,0
7227,pupal,290.5,597,73,25,0
7228,filum,290.5,680,77,22,0
7229,gills,290.6,662,74,24,0
7230,cacao,290.8,604,59,32,0
7231,hexes,290.8,658,58,29,0
7232,imino,290.8,654,65,22,0
7233,benny,290.9,536,70,38,1
7234,assai,291,569,61,17,0
7235,pally,291.2,665,81,35,0
7236,lisps,291.2,666,75,19,0
7237,nomoi,291.2,654,71,23,0
7238,roomy,291.4,643,79,37,1
7239,hooka,291.4,550,68,29,0
7240,ixias,291.4,557,52,22,0
7241,mulch,291.6,689,82,25,1
7242,yeses,291.6,641,57,29,0
7243,heuch,291.7,568,62,27,0
7244,sykes,291.8,583,55,30,0
7245,panga,291.8,677,78,29,0
7246,cusso,291.8,666,72,26,0
7247,emeer,291.8,626,63,25,0
7248,dekko,291.9,512,46,21,0
7249,primi,292,648,64,28,0
7250,kophs,292,678,62,20,0
7251,toffs,292.3,653,58,23,0
7252,runny,292.4,591,71,33,0
7253,penne,292.6,684,67,43,0
7254,spins,292.7,700,74,31,0
7255,brugh,292.7,662,87,28,0
7256,crook,292.8,674,75,31,1
7257,iodic,292.8,652,67,24,0
7258,wound,292.9,712,86,29,1
7259,hicks,293,687,76,18,0
7260,jukes,293,576,55,23,0
7261,hullo,293,648,66,22,0
7262,curry,293.2,663,79,36,1
7263,fatty,293.4,633,74,36,1
7264,slows,293.5,652,68,30,0
7265,flaky,293.5,662,82,34,0
7266,colog,293.5,685,73,31,0
7267,ngwee,293.5,669,64,34,0
7268,venge,293.6,683,83,36,0
7269,rhumb,293.7,625,73,19,0
7270,mingy,293.9,703,85,31,0
7271,soyuz,294,673,57,31,0
7272,skyey,294.1,583,47,39,0
7273,primp,294.2,648,65,29,0
7274,whirr,294.3,678,67,33,0
7275,asana,294.4,657,53,28,0
7276,hulks,294.4,674,76,18,0
7277,quags,294.4,605,61,24,0
7278,teeth,294.5,634,78,33,1
7279,whiny,294.5,701,78,34,0
7280,belly,294.6,559,85,34,1
7281,bylaw,294.6,639,69,19,1
7282,unify,294.6,683,69,27,1
7283,amuck,294.6,625,68,21,0
7284,babus,294.6,613,65,27,0
7285,aboma,294.9,585,70,21,0
7286,amiga,295.1,606,79,24,1
7287,sulky,295.2,696,85,35,0
7288,bills,295.3,668,75,26,0
7289,debye,295.4,672,69,34,0
7290,grump,295.4,664,82,22,0
7291,gimps,295.4,688,69,19,0
7292,mucid,295.4,696,85,23,0
7293,gawks,295.5,650,61,24,0
7294,abaft,295.7,670,58,26,0
7295,glazy,295.7,669,67,33,0
7296,chott,295.8,714,86,34,0
7297,milky,295.9,684,75,28,1
7298,mulla,295.9,615,77,24,0
7299,jowls,295.9,637,55,23,0
7300,fifed,295.9,574,63,29,0
7301,flock,296.1,672,79,26,1
7302,bigly,296.1,693,89,32,0
7303,phuts,296.2,727,94,25,0
7304,whids,296.2,681,79,23,0
7305,funds,296.3,669,77,22,0
7306,emyde,296.3,647,62,24,0
7307,ilial,296.3,604,60,28,0
7308,pujas,296.4,605,63,22,0
7309,winch,296.5,714,86,25,1
7310,stats,296.5,641,63,32,0
7311,picks,296.5,690,77,21,0
7312,bilgy,296.7,693,84,31,0
7313,kecks,296.7,585,50,19,0
7314,spays,296.7,641,71,27,0
7315,subas,296.8,613,75,32,0
7316,adman,296.9,656,76,21,0
7317,knows,297,664,66,16,0
7318,unman,297,604,62,19,0
7319,fight,297.1,698,84,25,1
7320,humic,297.2,694,75,18,0
7321,acock,297.2,565,63,24,0
7322,feued,297.2,683,69,36,0
7323,dough,297.3,708,82,27,1
7324,peeks,297.4,654,76,28,0
7325,dacha,297.4,684,61,24,0
7326,gazar,297.4,646,65,32,0
7327,kibbe,297.5,573,57,30,0
7328,babul,297.5,650,71,30,0
7329,scull,297.8,695,71,30,0
7330,adobo,297.9,565,69,19,0
7331,churr,297.9,700,72,33,0
7332,myoma,298,539,69,22,0
7333,ovoli,298.1,627,53,18,0
7334,winks,298.2,685,73,22,0
7335,dotty,298.3,696,71,34,0
7336,alack,298.4,704,77,29,0
7337,dunch,298.4,719,82,25,0
7338,annas,298.5,657,64,24,0
7339,added,298.6,506,46,25,0
7340,awash,298.6,679,67,28,0
7341,holly,298.9,673,75,32,1
7342,snibs,298.9,687,62,30,0
7343,clump,299,702,84,23,0
7344,semes,299,688,65,41,0
7345,snips,299.1,700,72,30,0
7346,rebbe,299.1,664,63,34,0
7347,burrs,299.1,654,78,28,0
7348,keeps,299.2,654,72,23,0
7349,gally,299.2,678,78,34,0
7350,wight,299.6,697,79,23,1
7351,spiky,299.6,703,81,36,0
7352,chill,299.7,721,69,32,1
7353,mufti,299.7,676,74,18,0
7354,weeps,299.8,656,77,25,0
7355,comic,299.9,665,73,28,1
7356,fusty,299.9,696,83,29,0
7357,skill,300,703,72,33,1
7358,potty,300,694,79,36,1
7359,cecum,300.2,576,58,26,0
7360,summa,300.7,600,67,29,1
7361,gongs,300.8,676,63,26,0
7362,jugal,300.8,617,67,21,0
7363,offed,300.8,521,44,19,0
7364,samps,300.8,681,70,34,0
7365,swots,300.8,684,71,31,0
7366,gulch,300.9,708,77,24,1
7367,sings,300.9,710,75,33,0
7368,cysts,300.9,671,58,21,0
7369,hooty,300.9,702,75,37,0
7370,signs,301.1,710,69,34,0
7371,agmas,301.1,656,65,18,0
7372,woful,301.3,684,68,25,0
7373,discs,301.4,690,62,24,0
7374,unbid,301.5,701,75,16,0
7375,sacks,301.6,671,61,34,0
7376,desex,301.6,674,66,29,0
7377,chico,301.9,651,81,30,1
7378,mungo,301.9,712,92,22,0
7379,annal,301.9,665,73,25,0
7380,knoll,302.1,686,62,24,1
7381,bevel,302.1,691,80,34,1
7382,kapok,302.1,584,54,25,0
7383,taffy,302.2,633,56,32,0
7384,dingy,302.3,725,90,30,0
7385,cushy,302.3,712,81,29,0
7386,bosky,302.3,673,70,32,0
7387,nappy,302.5,634,62,28,1
7388,desks,302.6,615,54,22,0
7389,squab,302.6,613,53,26,0
7390,numbs,302.6,669,70,15,0
7391,scoop,302.7,703,76,28,1
7392,lotto,302.7,672,73,28,1
7393,admix,302.7,562,64,16,0
7394,bovid,302.7,683,83,30,0
7395,coops,302.8,703,74,31,0
7396,pucka,302.8,622,76,20,0
7397,dexes,302.8,674,65,29,0
7398,worry,302.9,683,70,36,1
7399,stets,303.1,573,60,29,0
7400,pungs,303.1,713,82,23,0
7401,gaddi,303.2,601,61,23,0
7402,whims,303.3,697,77,23,0
7403,mezes,303.4,673,53,30,0
7404,lalls,303.5,667,55,28,0
7405,dunks,303.7,695,74,21,0
7406,cylix,303.8,681,65,21,0
7407,proof,303.9,686,68,29,1
7408,groom,303.9,691,86,26,1
7409,jingo,304,667,75,20,0
7410,spurs,304.1,645,75,28,0
7411,burgh,304.2,662,88,25,0
7412,usury,304.2,593,55,25,0
7413,casks,304.2,671,64,29,0
7414,dying,304.3,725,80,21,1
7415,emmet,304.3,623,59,27,0
7416,gelee,304.3,702,62,46,0
7417,firry,304.4,671,73,35,0
7418,gowds,304.4,678,65,21,0
7419,crock,304.6,674,67,31,1
7420,quirk,304.6,643,52,27,0
7421,cyclo,304.6,661,63,21,0
7422,gasps,304.8,671,63,24,0
7423,halva,304.8,688,72,25,0
7424,jubas,305,601,61,19,0
7425,freer,305.1,681,70,35,1
7426,mambo,305.3,585,65,24,1
7427,swill,305.4,711,79,34,0
7428,hunks,305.5,709,77,20,0
7429,pupas,305.5,617,68,24,0
7430,syncs,305.6,692,63,29,0
7431,malmy,305.6,680,70,33,0
7432,crick,305.7,660,65,32,0
7433,cohos,305.7,711,72,28,0
7434,cubeb,305.7,598,60,29,0
7435,jived,305.7,606,65,26,0
7436,jambs,305.9,647,55,21,0
7437,blini,305.9,707,66,28,0
7438,phlox,306,669,61,23,0
7439,culls,306,695,75,26,0
7440,gyved,306,626,63,23,0
7441,vodun,306.2,727,83,25,0
7442,bazar,306.3,662,64,34,0
7443,vulgo,306.3,677,73,19,0
7444,emmer,306.5,626,56,22,0
7445,kibei,306.6,573,53,24,0
7446,gayly,306.7,678,59,32,0
7447,whops,306.8,696,75,21,0
7448,twist,306.9,726,77,31,1
7449,rudds,306.9,609,63,19,0
7450,kelly,307,576,72,30,1
7451,hoods,307,694,70,28,0
7452,soddy,307,691,65,40,0
7453,punch,307.2,731,86,26,1
7454,chimp,307.2,729,78,26,1
7455,refer,307.6,681,64,29,1
7456,humid,307.6,720,78,22,1
7457,mutch,307.6,729,87,25,0
7458,geese,307.8,707,64,41,1
7459,jauks,307.8,641,58,25,0
7460,gulag,308,628,64,23,0
7461,noggs,308,676,62,22,0
7462,icily,308.1,694,66,29,0
7463,fenny,308.2,558,64,37,0
7464,ivied,308.3,615,65,28,0
7465,abyss,308.4,627,58,16,1
7466,kasha,308.4,685,62,22,0
7467,iambi,308.5,590,54,20,0
7468,downy,308.9,729,86,33,0
7469,blowy,309,700,73,32,0
7470,disci,309.1,690,58,22,0
7471,caddy,309.2,665,68,35,1
7472,goosy,309.2,706,68,39,0
7473,daffs,309.3,641,49,23,0
7474,deled,309.3,691,68,34,0
7475,jacks,309.5,659,56,22,0
7476,benne,309.5,701,67,44,0
7477,quoth,309.8,701,61,25,0
7478,munch,309.9,734,85,26,1
7479,yecch,310.1,559,63,23,0
7480,outdo,310.3,689,69,18,0
7481,brood,310.5,707,99,30,1
7482,zilch,310.5,708,66,22,0
7483,oozed,310.5,580,52,29,0
7484,pubic,310.6,703,70,21,1
7485,booze,310.7,590,62,41,1
7486,silks,310.7,703,72,31,0
7487,veeps,310.7,680,73,24,0
7488,casas,310.8,705,63,32,0
7489,ditty,310.8,710,71,31,0
7490,tuque,310.8,592,46,33,0
7491,spasm,311,681,73,30,0
7492,skits,311,718,65,32,0
7493,theft,311.1,575,72,26,1
7494,snook,311.1,715,73,31,0
7495,toddy,311.1,696,62,32,0
7496,hotch,311.2,714,64,28,0
7497,jagra,311.2,642,59,28,0
7498,wedgy,311.2,609,68,29,0
7499,chili,311.7,721,66,28,1
7500,welly,311.7,584,75,31,0
7501,zings,311.7,692,63,20,0
7502,filmy,311.8,715,84,30,1
7503,putto,311.8,689,81,25,0
7504,wispy,312.3,698,67,26,0
7505,kebob,312.3,527,51,20,0
7506,zonks,312.4,693,53,23,0
7507,blurb,312.5,617,64,25,1
7508,pinky,312.6,726,78,30,1
7509,skimp,312.8,726,68,27,0
7510,dived,312.9,615,70,28,0
7511,cheek,313,691,75,32,1
7512,pavan,313.4,709,75,32,0
7513,photo,313.7,719,81,28,1
7514,stows,313.9,684,65,25,0
7515,chomp,314,744,82,24,0
7516,seeds,314.2,682,65,35,0
7517,zincy,314.2,716,65,30,0
7518,tikis,314.4,718,57,24,0
7519,braza,314.6,662,61,30,0
7520,broom,314.9,706,89,29,1
7521,pixie,314.9,633,54,37,1
7522,pacha,314.9,711,68,25,0
7523,dooly,314.9,727,79,38,0
7524,swoon,315,722,77,31,0
7525,bromo,315,706,83,29,0
7526,frump,315,695,69,24,0
7527,scops,315.1,703,69,26,0
7528,yechy,315.3,559,50,25,0
7529,kamik,315.5,625,51,27,0
7530,felly,315.7,592,78,33,0
7531,savvy,315.8,665,52,40,1
7532,sifts,316.1,730,72,32,0
7533,fundi,316.3,719,74,21,0
7534,fanny,316.4,675,68,39,1
7535,murky,316.4,663,76,28,1
7536,muhly,316.4,708,76,27,0
7537,dinky,316.6,741,74,29,0
7538,belle,316.7,719,75,40,1
7539,wenny,316.8,573,69,36,0
7540,solos,316.9,703,62,38,0
7541,execs,317,617,61,18,0
7542,twits,317,726,74,26,0
7543,keyed,317.1,691,55,29,0
7544,ditzy,317.1,694,62,28,0
7545,rooky,317.4,677,64,36,0
7546,apply,317.6,665,69,26,1
7547,cacas,317.6,705,55,31,0
7548,yomim,317.9,669,60,23,0
7549,chums,318,737,84,23,0
7550,bungs,318,716,83,24,0
7551,bally,318.2,705,82,36,1
7552,chimb,318.2,741,71,25,0
7553,kevel,318.2,709,68,30,0
7554,scuts,318.3,725,74,28,0
7555,bijou,318.5,653,51,21,0
7556,whips,318.6,732,76,22,0
7557,unban,318.6,635,60,18,0
7558,bulla,318.8,650,79,26,0
7559,ataxy,318.8,678,49,32,0
7560,dozed,318.9,580,52,31,0
7561,butch,319,740,81,26,1
7562,kills,319,703,68,21,0
7563,vouch,319.2,745,74,27,0
7564,soggy,319.3,706,57,41,0
7565,egger,319.7,652,54,21,0
7566,fordo,319.7,712,73,29,0
7567,visit,319.9,728,66,27,1
7568,kists,320,718,62,20,0
7569,naggy,320,666,58,30,0
7570,wynds,320.2,688,65,15,0
7571,hippo,320.5,643,59,18,1
7572,seems,320.7,688,64,35,0
7573,dumka,320.7,627,73,19,0
7574,clack,320.8,704,73,30,0
7575,gulfs,320.8,708,77,19,0
7576,bhoot,320.9,746,85,33,0
7577,didie,321,634,60,39,0
7578,fungo,321.1,731,77,23,0
7579,fjeld,321.2,615,60,21,0
7580,uncut,321.3,704,59,17,1
7581,soots,321.3,733,71,41,0
7582,duped,321.5,641,63,29,0
7583,ribby,321.6,630,58,26,0
7584,sodom,321.8,739,78,36,0
7585,loopy,321.8,731,72,36,0
7586,keefs,321.9,674,62,23,0
7587,gurus,322.1,637,70,22,0
7588,whigs,322.1,724,81,23,0
7589,judos,322.1,686,57,20,0
7590,folky,322.3,705,77,32,0
7591,flick,322.4,740,81,28,1
7592,nooks,322.4,715,62,27,0
7593,hewed,322.4,717,70,30,0
7594,bezel,322.6,708,64,34,1
7595,yaffs,322.6,649,49,20,0
7596,slush,322.8,736,74,34,0
7597,codon,322.9,762,92,32,1
7598,vanda,323,715,73,26,0
7599,feyly,323.1,592,59,32,0
7600,junco,323.2,730,69,22,0
7601,bubal,323.2,650,70,25,0
7602,fills,323.3,709,73,25,0
7603,wimps,323.4,723,61,18,0
7604,booty,323.5,724,79,40,1
7605,wacky,323.6,685,65,30,1
7606,sways,323.6,661,61,27,0
7607,jebel,323.7,706,62,31,0
7608,coofs,323.8,715,69,31,0
7609,hurry,323.9,692,71,30,1
7610,hitch,323.9,731,62,25,1
7611,dolly,323.9,727,80,33,1
7612,bocci,323.9,670,61,27,0
7613,hilly,324,719,77,29,1
7614,toots,324,733,76,34,0
7615,khaki,324.2,585,51,20,1
7616,usurp,324.2,645,62,16,0
7617,wombs,324.2,711,61,21,0
7618,yucca,324.3,619,60,20,1
7619,chugs,324.3,741,79,23,0
7620,cirri,324.3,714,58,30,0
7621,judge,324.4,647,63,30,1
7622,flaxy,324.5,698,57,33,0
7623,cobbs,324.6,697,58,25,0
7624,soups,324.9,737,73,34,0
7625,ninja,325.1,583,55,20,1
7626,fists,325.3,730,71,23,0
7627,fjord,325.3,698,58,24,0
7628,howfs,325.3,715,62,20,0
7629,jetty,325.4,564,56,31,1
7630,condo,325.5,762,86,29,1
7631,wists,325.6,726,67,21,0
7632,ebbet,325.6,658,54,26,0
7633,tommy,325.8,717,68,33,1
7634,wills,325.8,711,72,23,0
7635,snows,325.8,722,64,27,0
7636,sinks,325.9,743,69,33,0
7637,alway,326.1,715,66,31,0
7638,podgy,326.3,752,78,33,0
7639,booth,326.6,746,80,35,1
7640,canna,326.6,733,66,36,1
7641,mossy,326.6,730,67,34,0
7642,koppa,326.6,584,55,21,0
7643,hissy,326.7,726,70,30,0
7644,rigid,327.4,684,70,25,1
7645,kabob,327.4,608,52,22,0
7646,poohs,327.4,743,73,30,0
7647,tunny,327.5,735,75,35,0
7648,flung,327.6,735,74,22,1
7649,hoops,327.7,743,70,28,0
7650,thump,327.7,756,81,20,0
7651,dwell,327.8,639,67,23,1
7652,skuas,327.9,651,64,28,0
7653,konks,327.9,715,51,24,0
7654,kalpa,328.1,731,70,24,0
7655,lichi,328.1,721,62,16,0
7656,phono,328.3,759,77,29,1
7657,kapas,328.3,736,68,26,0
7658,bunch,328.4,761,81,27,1
7659,windy,328.4,756,77,28,1
7660,fanga,328.5,724,71,30,0
7661,punks,328.6,749,78,23,0
7662,heugh,328.6,614,57,26,0
7663,skins,328.7,743,62,31,0
7664,quods,328.7,698,54,21,0
7665,ology,329,730,66,31,0
7666,shuls,329,736,69,31,0
7667,cynic,329.1,731,54,22,1
7668,kheth,329.1,567,55,23,0
7669,poods,329.1,733,74,31,0
7670,upped,329.4,641,56,22,0
7671,mushy,329.4,741,77,25,0
7672,rugby,329.5,684,81,25,1
7673,ilium,329.5,734,59,22,0
7674,bough,329.6,756,83,29,1
7675,bawdy,329.6,689,70,32,0
7676,squid,329.9,734,58,28,1
7677,wryly,329.9,636,50,31,0
7678,chivy,329.9,756,70,35,0
7679,expel,330.1,691,61,22,0
7680,swash,330.1,679,71,33,0
7681,sophs,330.1,743,66,33,0
7682,kalam,330.2,744,69,26,0
7683,deeds,330.3,682,62,26,0
7684,fatwa,330.3,701,62,28,0
7685,vills,330.3,714,71,21,0
7686,pupil,330.4,724,77,26,1
7687,surfs,330.4,682,69,30,0
7688,vacua,330.4,701,60,24,0
7689,stiff,330.7,730,58,25,1
7690,golly,330.7,730,76,34,0
7691,tweet,330.7,695,73,33,0
7692,glyph,330.8,745,72,19,1
7693,calla,330.8,750,70,32,1
7694,homos,330.8,741,70,25,0
7695,enzym,330.8,586,50,8,0
7696,tiffs,330.9,730,61,20,0
7697,wifty,331,722,69,27,0
7698,cocoa,331.2,604,59,31,1
7699,comfy,331.2,759,69,33,1
7700,finis,331.2,730,66,27,0
7701,bunko,331.2,748,71,24,0
7702,timid,331.3,739,69,27,1
7703,shaws,331.4,679,65,30,0
7704,burbs,331.5,654,69,23,0
7705,verve,331.7,720,63,35,1
7706,cycad,331.7,665,58,22,0
7707,wicks,331.8,723,65,18,0
7708,jacal,332,737,60,27,0
7709,outgo,332.1,721,67,18,0
7710,sumos,332.1,738,69,31,0
7711,wally,332.3,715,72,33,1
7712,pujah,332.5,641,55,25,0
7713,kedge,332.6,741,59,34,0
7714,shogs,332.6,735,63,31,0
7715,swung,332.7,759,67,26,1
7716,sniff,332.8,730,55,27,1
7717,conch,333,765,79,32,0
7718,soppy,333.2,738,63,39,0
7719,tippy,333.3,719,64,29,0
7720,lolls,333.3,703,51,28,0
7721,kulak,333.4,654,57,22,0
7722,missy,333.6,736,73,32,1
7723,kukri,333.6,643,46,16,0
7724,hulls,333.7,736,67,21,0
7725,forgo,333.8,724,70,28,0
7726,putti,333.8,724,74,23,0
7727,doyly,333.8,727,63,32,0
7728,molly,333.9,741,80,33,1
7729,bossy,334,729,66,36,0
7730,juror,334.1,717,56,27,1
7731,bitty,334.1,740,66,34,0
7732,haugh,334.1,679,61,28,0
7733,skink,334.2,743,58,30,0
7734,hazan,334.2,729,56,28,0
7735,chubs,334.3,754,79,22,0
7736,fesse,334.3,739,65,39,0
7737,plumy,334.6,763,84,31,0
7738,weeks,335,696,70,26,0
7739,chics,335.1,746,69,30,0
7740,etwee,335.2,695,53,37,0
7741,qophs,335.2,728,48,20,0
7742,reeve,335.4,720,66,38,1
7743,lymph,335.7,737,67,15,1
7744,sunny,335.8,766,71,41,1
7745,flubs,335.8,731,77,20,0
7746,gaffs,335.9,683,49,23,0
7747,sully,336.1,758,75,36,0
7748,hobos,336.2,739,70,25,0
7749,knack,336.3,692,57,22,1
7750,shops,336.4,743,69,29,0
7751,dooms,336.4,739,75,30,0
7752,nutty,336.8,735,76,27,1
7753,ceded,337.3,735,67,37,0
7754,embed,337.4,710,59,23,1
7755,popsy,337.4,738,67,35,0
7756,masks,338,715,57,25,0
7757,baiza,338.1,681,64,34,0
7758,socko,338.2,756,67,34,0
7759,tatty,338.3,698,59,37,0
7760,psych,338.4,754,70,17,1
7761,seeps,338.4,717,67,34,0
7762,flunk,338.4,738,77,24,0
7763,wheep,338.4,721,72,28,0
7764,moods,338.5,739,69,29,0
7765,goods,338.7,732,67,29,0
7766,loppy,338.7,731,64,30,0
7767,howks,338.9,743,67,20,0
7768,shyly,339,729,54,34,0
7769,gauzy,339,681,64,33,0
7770,jinks,339.1,732,61,20,0
7771,hinny,339.5,757,73,33,0
7772,shews,339.6,619,60,26,0
7773,dusts,339.7,750,68,22,0
7774,choky,339.7,765,76,33,0
7775,boyos,339.8,729,69,28,0
7776,wingy,339.8,765,75,29,0
7777,dicky,340.1,756,68,26,0
7778,idiom,340.2,722,59,20,1
7779,coffs,340.2,715,56,25,0
7780,rubus,340.2,654,61,19,0
7781,tight,340.3,769,69,27,1
7782,shims,340.4,767,71,31,0
7783,pocky,340.9,765,72,31,0
7784,gushy,340.9,755,74,25,0
7785,vexer,340.9,711,67,28,0
7786,scoff,341,715,54,24,0
7787,dulls,341.1,739,68,22,0
7788,slums,341.2,756,72,30,0
7789,quids,341.3,734,62,22,0
7790,thumb,341.4,766,72,20,1
7791,virid,341.4,721,68,27,0
7792,polyp,341.6,731,57,25,0
7793,cogon,341.6,789,82,32,0
7794,curch,341.6,700,72,29,0
7795,digit,341.8,760,70,29,1
7796,bulks,341.8,745,79,22,0
7797,baffs,341.8,683,50,25,0
7798,epees,341.8,717,64,25,0
7799,vroom,341.9,742,73,26,0
7800,luffa,342,646,58,17,0
7801,smews,342,627,54,24,0
7802,cabby,342.1,703,61,34,0
7803,cinch,342.3,774,74,30,0
7804,shuns,342.3,771,67,31,0
7805,congo,342.5,789,80,30,1
7806,fichu,342.6,756,61,16,0
7807,mewed,342.7,751,68,32,0
7808,favas,342.9,734,57,30,0
7809,geeky,343.1,686,53,33,1
7810,sysop,343.1,738,66,25,1
7811,zamia,343.1,673,60,26,0
7812,footy,343.2,755,72,39,1
7813,jeeps,343.3,703,59,23,0
7814,loggy,343.4,730,64,32,0
7815,fezes,343.7,725,54,31,0
7816,hokum,344.3,761,61,20,0
7817,avgas,344.4,717,62,18,0
7818,wasps,344.5,719,61,23,0
7819,myrrh,344.5,721,59,24,0
7820,momus,344.7,738,67,24,0
7821,hahas,344.8,738,47,26,0
7822,hoggs,344.8,735,59,23,0
7823,gunks,345,766,72,21,0
7824,lumpy,345.4,763,76,25,0
7825,cuppa,345.4,663,60,22,0
7826,bunks,345.6,760,71,23,0
7827,socks,345.7,756,62,33,0
7828,vying,345.8,771,68,20,0
7829,jefes,345.8,724,52,27,0
7830,cooks,345.9,756,66,32,0
7831,kyaks,345.9,679,47,18,0
7832,dadas,346.1,735,58,29,0
7833,khoum,346.1,761,58,18,0
7834,bwana,346.2,747,61,29,0
7835,murry,346.3,741,74,32,0
7836,brook,346.4,742,80,30,1
7837,uvula,346.4,659,48,18,0
7838,lucky,346.6,757,79,25,1
7839,skegs,346.6,636,51,25,0
7840,vichy,347,756,61,24,0
7841,fungi,347.6,763,71,21,1
7842,vagal,347.7,767,79,28,0
7843,jupon,347.7,758,63,20,0
7844,whisk,348,768,79,26,1
7845,kinks,348,743,54,20,0
7846,ended,348.3,687,61,24,0
7847,emcee,348.5,747,53,37,0
7848,bushy,348.6,764,77,27,0
7849,sushi,348.7,743,64,26,1
7850,goops,348.7,763,66,28,0
7851,pinup,348.8,770,65,25,0
7852,swags,348.8,708,66,30,0
7853,nawab,348.9,747,54,23,0
7854,dilly,349.1,769,79,30,0
7855,pluck,349.3,776,80,25,1
7856,studs,349.4,750,64,25,0
7857,vulva,349.8,659,53,19,1
7858,aquas,349.8,701,50,21,0
7859,navvy,349.9,690,55,29,0
7860,looby,350,772,73,36,0
7861,happy,350.3,701,66,29,1
7862,gloom,350.3,773,71,25,1
7863,clock,350.4,744,64,29,1
7864,mulls,350.5,756,70,23,0
7865,ottos,350.5,733,65,18,0
7866,jewel,350.6,735,54,29,1
7867,ducks,350.6,753,72,17,0
7868,uncus,350.7,727,55,11,0
7869,pushy,350.8,788,81,26,0
7870,alula,350.8,714,64,27,0
7871,imido,351.1,722,60,19,0
7872,hight,351.2,769,60,24,0
7873,weepy,351.2,706,62,32,0
7874,skags,351.3,719,55,29,0
7875,picky,351.4,771,72,28,1
7876,dumps,351.5,772,74,18,0
7877,gowks,351.6,750,57,22,0
7878,thigh,351.8,769,65,28,1
7879,peeps,351.8,717,64,27,0
7880,midis,351.8,756,66,25,0
7881,hoofs,352.3,760,63,28,0
7882,lipid,352.4,775,71,24,1
7883,bloop,352.5,776,73,27,0
7884,quell,352.7,628,47,24,0
7885,whack,352.8,718,79,25,1
7886,weedy,352.8,711,62,32,0
7887,spumy,352.9,799,78,33,0
7888,juicy,353.1,769,55,33,1
7889,alkyl,353.3,727,53,19,1
7890,fuzed,353.6,671,53,28,0
7891,swaps,353.8,719,67,28,0
7892,gulpy,354.1,780,76,26,0
7893,whews,354.1,619,52,18,0
7894,rusks,354.6,688,58,19,0
7895,wonky,354.8,787,72,32,0
7896,moony,354.8,806,79,40,0
7897,juked,354.8,664,50,24,0
7898,kexes,354.8,746,52,27,0
7899,hammy,354.9,718,58,31,0
7900,zoons,354.9,756,56,30,0
7901,beefy,355,701,62,35,0
7902,matza,355,737,61,26,0
7903,kurus,355,688,51,19,0
7904,sills,355.1,770,64,33,0
7905,mutts,355.2,788,74,24,0
7906,smogs,355.2,768,62,28,0
7907,wedge,355.5,779,69,35,1
7908,nymph,355.9,757,61,12,1
7909,usque,356.2,644,39,23,0
7910,bazoo,356.3,655,61,28,0
7911,mezzo,356.4,577,45,20,0
7912,swabs,356.5,714,58,28,0
7913,shook,356.6,788,69,32,1
7914,humps,356.7,793,73,16,0
7915,gamay,356.7,778,69,36,0
7916,pawky,356.8,731,67,31,0
7917,scows,356.9,756,59,25,0
7918,funks,357.1,772,71,23,0
7919,spews,357.3,656,58,24,0
7920,basks,357.3,731,58,27,0
7921,jelly,357.4,628,59,30,1
7922,blood,357.7,788,85,28,1
7923,hajji,357.7,621,32,18,0
7924,smuts,357.8,788,71,28,0
7925,unpin,357.8,770,64,18,0
7926,onion,358,758,58,25,1
7927,pigmy,358,791,74,29,0
7928,toffy,358.2,755,52,31,0
7929,sagas,358.3,779,67,38,0
7930,kitty,358.8,768,61,29,1
7931,slugs,358.8,782,71,30,0
7932,howdy,359.1,783,71,27,1
7933,foods,359.1,755,64,30,0
7934,unzip,359.3,755,54,13,1
7935,plumb,359.6,789,69,21,1
7936,jocks,359.7,744,58,20,0
7937,cutty,359.8,790,72,34,0
7938,quips,359.9,772,59,21,0
7939,japan,360,760,61,28,1
7940,paddy,360,730,66,33,1
7941,ruffs,360.1,682,51,16,0
7942,stoss,360.2,733,51,30,0
7943,macaw,360.3,774,57,26,0
7944,gimpy,360.3,791,68,27,0
7945,gurry,360.3,765,74,32,0
7946,oddly,360.4,727,60,22,1
7947,assay,360.6,728,57,27,1
7948,souks,360.6,781,62,35,0
7949,skeps,360.8,654,56,24,0
7950,hexed,361,762,61,30,0
7951,duked,361,673,53,27,0
7952,pinny,361.1,797,74,35,0
7953,ships,361.3,803,72,31,0
7954,cocks,361.3,756,62,26,0
7955,musts,361.4,788,71,22,0
7956,pyxis,361.7,756,61,17,0
7957,fiscs,361.7,775,61,24,0
7958,klutz,361.9,745,51,19,0
7959,kaiak,362.4,730,50,34,0
7960,yucks,362.4,765,65,14,0
7961,wooly,362.7,783,68,38,0
7962,hulky,362.8,777,74,24,0
7963,spoof,362.9,787,60,28,1
7964,squib,362.9,773,49,26,0
7965,sighs,363.1,792,64,29,0
7966,gizmo,363.2,725,65,19,1
7967,goony,363.3,817,74,40,0
7968,stymy,363.3,748,52,30,0
7969,minny,363.4,801,69,35,0
7970,zebec,363.4,755,56,27,0
7971,gilly,363.6,785,77,30,0
7972,lippy,363.7,768,66,26,0
7973,jenny,363.8,613,57,34,1
7974,gawky,363.9,744,57,30,0
7975,maxim,364,669,57,25,1
7976,imids,364.5,756,57,18,0
7977,sassy,364.8,728,51,44,1
7978,zitis,365,778,47,22,0
7979,zills,365.1,754,52,21,0
7980,pulls,365.3,791,73,24,0
7981,booms,365.3,777,74,32,0
7982,baboo,365.4,662,58,29,0
7983,titis,365.6,798,58,28,0
7984,chunk,365.7,815,77,26,1
7985,witty,365.9,778,64,30,1
7986,griff,365.9,745,57,23,0
7987,xebec,366,760,56,27,0
7988,dumbs,366,772,75,17,0
7989,noons,366,778,59,31,0
7990,yeuky,366.1,612,44,29,0
7991,jills,366.2,754,52,21,0
7992,flood,366.3,793,72,28,1
7993,bedew,366.3,781,69,32,0
7994,hooks,366.7,788,63,28,0
7995,kavas,366.7,776,57,26,0
7996,massa,367.2,776,64,29,1
7997,unmix,367.5,771,60,14,0
7998,jalap,367.7,779,57,27,0
7999,bosom,367.8,777,69,28,1
8000,gobos,367.8,773,68,27,0
8001,lobby,368.3,772,63,30,1
8002,inion,368.3,758,51,24,0
8003,quass,368.3,701,55,26,0
8004,exude,368.5,747,54,27,0
8005,skees,368.5,755,55,33,0
8006,levee,368.7,785,63,44,1
8007,poofs,368.7,787,63,30,0
8008,lezzy,368.8,633,43,26,0
8009,quack,369.2,724,50,25,0
8010,gulls,369.5,782,68,22,0
8011,idyll,369.8,769,64,14,0
8012,click,369.9,797,68,31,1
8013,bloom,369.9,802,77,26,1
8014,shuts,370,825,77,31,0
8015,shuck,370,826,86,30,0
8016,stums,370.1,788,69,25,0
8017,gemmy,370.2,646,58,30,0
8018,zombi,370.3,725,56,17,0
8019,amass,370.5,776,66,25,0
8020,jouks,370.7,770,52,23,0
8021,civil,370.8,805,71,30,1
8022,ninon,370.8,758,51,26,0
8023,simps,370.8,806,66,30,0
8024,level,370.9,785,71,31,1
8025,sicks,371.2,798,64,29,0
8026,folly,371.3,784,76,34,1
8027,lowly,371.8,783,69,32,1
8028,morro,371.8,796,74,31,0
8029,burry,372,782,74,34,0
8030,pomps,372,783,59,25,0
8031,kazoo,372.1,680,43,23,0
8032,gusts,372.4,800,67,21,0
8033,hunky,372.7,806,72,26,0
8034,noddy,372.8,796,69,28,0
8035,mamas,372.9,776,58,29,0
8036,gnawn,372.9,749,60,24,0
8037,plaza,373,784,69,28,1
8038,woosh,373.2,812,71,33,0
8039,seeks,373.4,755,59,34,0
8040,fugue,373.5,692,58,34,0
8041,icing,374.1,804,54,19,1
8042,putts,374.3,826,76,25,0
8043,laxly,374.4,763,60,32,0
8044,mucks,374.8,799,69,18,0
8045,doffs,374.8,755,50,21,0
8046,ovoid,375.1,776,64,21,0
8047,skosh,375.3,788,56,32,0
8048,bucko,376.2,794,68,20,0
8049,cliff,376.3,806,58,26,1
8050,galax,376.3,799,57,29,0
8051,jowly,376.3,773,57,29,0
8052,butts,376.4,812,70,25,0
8053,manna,376.4,792,65,33,0
8054,allay,376.6,784,70,34,0
8055,bonny,376.7,823,68,39,0
8056,billy,376.8,804,78,33,1
8057,sunup,376.8,815,66,30,0
8058,waffs,376.8,729,46,22,0
8059,slubs,377,808,70,29,0
8060,feoff,377.2,607,36,27,0
8061,goofs,377.7,784,62,28,0
8062,gucks,377.7,792,66,17,0
8063,mondo,377.8,830,86,26,1
8064,papal,377.8,795,67,31,1
8065,dungy,377.9,834,83,28,0
8066,vexes,377.9,777,59,28,0
8067,duchy,378,824,72,24,0
8068,couch,378.2,819,72,31,1
8069,undid,378.9,795,61,18,0
8070,kiddo,379.1,739,49,18,0
8071,highs,379.6,792,55,17,0
8072,byssi,379.7,753,56,17,0
8073,linin,379.8,805,58,29,0
8074,typps,379.8,790,54,14,0
8075,fuzee,379.9,786,50,42,0
8076,pulps,380,791,70,21,0
8077,fuzil,380.1,798,65,25,0
8078,papas,380.7,794,61,30,0
8079,gappy,380.7,756,60,30,0
8080,shahs,381,738,50,31,0
8081,bombs,381.2,777,57,25,0
8082,glugs,381.3,782,65,21,0
8083,quaky,381.3,724,47,30,0
8084,dweeb,381.5,781,64,25,0
8085,dusky,382,810,68,25,0
8086,lupus,382.1,791,63,18,1
8087,llama,382.1,813,68,28,1
8088,kusso,382.2,781,53,20,0
8089,whoso,383.1,812,68,26,0
8090,nanny,383.5,755,51,37,1
8091,jacky,383.5,758,58,28,0
8092,yolky,383.5,773,53,28,0
8093,nippy,383.6,797,60,24,0
8094,whomp,383.6,824,66,21,0
8095,busts,383.8,812,67,23,0
8096,hucks,383.9,826,74,16,0
8097,abamp,383.9,806,60,22,0
8098,flump,384.1,816,68,20,0
8099,chaff,384.3,746,56,24,0
8100,guava,384.3,775,64,27,0
8101,babas,384.3,783,54,30,0
8102,cully,384.6,827,75,32,0
8103,cruck,385.1,773,65,29,0
8104,bumps,385.2,817,68,19,0
8105,hypha,385.2,701,52,11,0
8106,husky,385.3,823,71,24,1
8107,dykey,385.3,691,42,30,0
8108,kissy,385.6,801,61,29,0
8109,dyked,385.7,691,48,22,0
8110,widow,386.2,771,46,21,1
8111,woods,386.2,800,62,28,0
8112,spook,386.2,824,65,30,0
8113,unbox,386.6,799,51,12,0
8114,poppa,387.6,638,46,26,0
8115,pooch,387.7,856,75,34,0
8116,axman,387.8,770,60,21,0
8117,bulgy,387.8,831,81,29,0
8118,bulls,388.1,808,72,24,0
8119,pimps,388.3,806,57,21,0
8120,zingy,388.7,821,63,27,0
8121,jinns,388.8,798,54,25,0
8122,skids,388.9,819,54,28,0
8123,baddy,389.2,762,67,34,0
8124,shows,389.5,812,62,28,0
8125,durum,389.9,777,58,22,0
8126,pappi,390.2,676,37,23,0
8127,ginny,390.5,835,71,34,1
8128,upbow,390.7,807,51,12,0
8129,ficin,390.9,838,67,27,0
8130,bunns,391.1,819,64,28,0
8131,gammy,391.2,778,59,32,0
8132,pucks,391.3,831,79,19,0
8133,scuds,391.3,813,61,25,0
8134,keeks,391.3,755,46,24,0
8135,swoop,391.8,834,64,29,0
8136,miggs,392,799,57,21,0
8137,fifty,392.6,795,58,29,1
8138,fujis,392.6,798,57,21,0
8139,skull,392.7,843,59,29,1
8140,stubs,393,812,62,24,0
8141,snubs,393.1,819,58,26,0
8142,hoody,393.3,841,68,34,1
8143,gumbo,393.3,822,72,17,0
8144,rummy,393.8,741,62,26,0
8145,wimpy,393.8,828,59,26,0
8146,kyack,394,765,48,21,0
8147,musky,394.2,829,69,26,0
8148,ruddy,394.3,753,63,25,0
8149,impis,394.8,806,58,14,0
8150,hollo,395,824,59,27,0
8151,kicks,395.5,798,49,16,0
8152,punky,395.7,846,72,29,0
8153,jesse,396.3,811,50,36,1
8154,furry,396.4,812,68,33,1
8155,snugs,396.5,835,66,27,0
8156,ganja,397.2,807,58,27,0
8157,mosks,397.3,821,54,24,0
8158,nobby,397.4,823,57,28,0
8159,shivs,397.7,842,60,31,0
8160,aback,397.8,826,57,25,0
8161,limbi,397.9,823,58,17,0
8162,fubsy,398.1,838,66,30,0
8163,pizza,398.2,667,44,20,1
8164,kylix,398.6,803,53,14,0
8165,disks,398.9,819,59,20,0
8166,swish,399.3,844,70,34,1
8167,zooty,399.5,816,54,36,0
8168,culch,399.6,834,67,28,0
8169,cocos,399.7,815,57,30,0
8170,zooid,399.9,813,57,31,0
8171,sexes,400.2,817,54,39,0
8172,blubs,400.2,808,68,22,0
8173,woops,400.5,834,60,28,0
8174,appal,400.7,795,65,20,0
8175,poyou,400.8,848,57,25,0
8176,fifth,400.9,825,66,23,1
8177,jaggs,401.2,763,48,23,0
8178,kumys,401.3,829,56,13,0
8179,piing,401.4,860,59,30,0
8180,bucks,401.7,827,70,19,0
8181,bulbs,402.4,808,65,21,0
8182,skews,402.8,696,49,23,0
8183,chump,402.9,869,77,22,0
8184,mongo,403,867,80,26,0
8185,kvass,403.2,776,48,21,0
8186,skims,403.4,838,57,29,0
8187,willy,403.7,831,72,29,1
8188,jotty,404.3,823,56,32,0
8189,gamba,404.5,831,67,25,0
8190,sluff,404.5,836,54,27,0
8191,cutup,404.7,831,65,24,0
8192,swims,404.9,841,61,29,0
8193,faddy,404.9,777,56,33,0
8194,cohog,405.4,869,66,28,0
8195,algal,405.6,823,72,25,1
8196,abbas,405.9,783,48,18,0
8197,kilim,406.2,840,52,22,0
8198,sulks,406.3,843,68,29,0
8199,daffy,406.6,777,50,29,0
8200,tooth,406.8,867,75,35,1
8201,boffs,406.8,795,48,24,0
8202,nooky,407.2,857,58,34,0
8203,commy,407.3,854,63,34,0
8204,vughs,408.1,837,60,15,0
8205,potto,408.6,851,74,30,0
8206,knock,409,845,53,21,1
8207,books,409.1,832,63,31,0
8208,whish,409.4,844,62,28,0
8209,swops,409.4,834,62,27,0
8210,fulls,409.8,836,65,23,0
8211,gulfy,409.8,857,76,25,0
8212,mooch,410.4,889,74,33,0
8213,baggy,410.5,795,56,34,0
8214,check,410.7,691,61,25,1
8215,vinic,411,855,60,22,0
8216,deedy,411.2,773,54,32,0
8217,skulk,411.5,843,52,27,0
8218,allyl,411.8,784,42,24,0
8219,gabby,411.9,795,55,30,0
8220,filly,412.2,849,79,31,1
8221,cocci,412.5,766,44,28,0
8222,waddy,412.6,785,56,30,0
8223,unfix,412.7,826,54,12,0
8224,ajiva,413.1,722,57,22,0
8225,tufts,413.4,865,69,22,0
8226,zinky,413.5,848,54,26,0
8227,bosks,413.8,832,54,26,0
8228,womby,413.8,862,64,29,0
8229,momma,414.2,667,53,24,1
8230,shoos,414.4,861,58,33,0
8231,javas,414.4,821,49,26,0
8232,cobby,415.2,858,55,33,0
8233,hoppy,415.3,843,59,28,0
8234,finny,415.9,866,64,35,0
8235,unwon,416,839,52,15,0
8236,bongo,416.1,882,76,29,1
8237,hapax,416.9,837,52,25,0
8238,bindi,417.4,871,60,23,0
8239,tusks,417.5,864,60,21,0
8240,cutch,418,873,69,28,0
8241,scums,418.6,861,64,25,0
8242,nohow,418.6,860,59,21,0
8243,snuff,419,839,48,23,1
8244,compo,419.3,885,72,26,1
8245,bumfs,419.7,845,64,19,0
8246,gumma,420.2,733,61,19,0
8247,furzy,420.4,794,58,28,0
8248,swobs,420.6,839,55,26,0
8249,spiff,420.7,864,51,26,0
8250,putty,421.5,876,73,31,1
8251,kloof,421.5,850,55,22,0
8252,hutch,421.8,873,65,23,1
8253,kotow,421.8,852,55,25,0
8254,cubic,422,855,58,24,1
8255,jawan,422.6,836,51,27,0
8256,nimbi,424.1,857,49,15,0
8257,miffs,424.4,835,52,18,0
8258,duomo,424.7,892,71,26,0
8259,khaph,424.8,793,51,24,0
8260,livid,424.9,867,75,24,0
8261,bulky,425.3,873,78,28,1
8262,hunch,425.5,881,60,24,0
8263,gunky,425.9,892,64,27,0
8264,luffs,426.8,836,54,16,0
8265,spiks,426.8,876,67,29,0
8266,humpy,427.1,887,68,23,0
8267,gonof,427.2,895,67,28,0
8268,skips,427.3,876,60,28,0
8269,tuffs,427.3,865,56,18,0
8270,goopy,427.4,888,65,36,0
8271,skunk,427.8,872,52,27,1
8272,sudsy,427.9,888,71,39,0
8273,quill,428.6,868,48,28,1
8274,swigs,428.6,874,62,29,0
8275,pikis,428.7,876,57,24,0
8276,jolly,428.8,846,57,31,1
8277,ouzos,428.8,832,45,18,0
8278,spivs,429.3,881,60,28,0
8279,lolly,429.8,856,53,34,0
8280,kakas,429.9,845,45,25,0
8281,cooky,430.4,898,53,39,0
8282,walla,431.3,866,62,28,1
8283,junks,431.4,862,56,18,0
8284,stuff,431.5,865,52,21,1
8285,cusps,431.5,888,68,22,0
8286,iodid,431.6,828,52,26,0
8287,motto,431.7,884,74,28,1
8288,dojos,431.8,844,52,25,0
8289,mixup,431.9,870,54,19,0
8290,gutty,432,887,66,30,0
8291,webby,432.1,710,51,27,1
8292,oomph,432.9,892,64,23,0
8293,wynns,432.9,853,55,20,0
8294,audad,433.7,806,59,26,0
8295,nudzh,433.9,868,55,18,0
8296,woofs,433.9,860,56,28,0
8297,xylol,434,838,47,18,0
8298,abaca,434.6,874,40,27,0
8299,tummy,435.1,871,61,28,1
8300,dixit,435.4,875,61,28,0
8301,goody,435.5,904,66,36,1
8302,mucus,436.4,861,58,19,1
8303,hussy,436.6,894,67,28,0
8304,wisps,436.8,873,56,18,0
8305,duded,436.8,757,46,30,0
8306,scups,436.8,888,68,24,0
8307,femme,437,862,50,38,1
8308,ictic,437,841,51,15,0
8309,tizzy,438,841,38,27,0
8310,coomb,438.4,915,67,31,0
8311,pukka,438.6,752,51,19,0
8312,hippy,439.6,872,58,25,1
8313,bisks,439.6,866,57,22,0
8314,dodos,441,859,56,27,0
8315,doomy,442.1,920,72,37,0
8316,ducky,442.2,902,66,24,0
8317,baffy,442.4,817,50,32,0
8318,biffs,442.4,850,50,20,0
8319,bumph,442.8,907,63,21,0
8320,fluky,442.8,899,71,29,0
8321,butty,443.6,897,70,32,0
8322,combo,443.8,915,72,26,1
8323,moody,444.4,920,67,36,1
8324,hobby,444.5,880,56,28,1
8325,ghyll,444.7,902,59,22,0
8326,bacca,445.2,874,51,31,0
8327,funky,445.4,904,66,29,1
8328,pewee,446.1,895,51,45,0
8329,dully,447.3,910,72,28,0
8330,frizz,447.7,825,41,25,0
8331,deked,447.8,870,48,30,0
8332,affix,447.9,706,44,15,0
8333,hamza,448.1,863,52,23,0
8334,tutti,448.7,867,52,23,1
8335,quick,448.8,894,48,25,1
8336,thymy,449,889,45,27,0
8337,mussy,449.4,910,70,30,0
8338,edged,450,841,51,23,0
8339,sissy,450.3,877,51,41,1
8340,cocky,450.8,898,56,33,0
8341,egged,450.8,841,48,22,0
8342,vizir,450.8,841,45,25,0
8343,pipit,451.2,899,54,31,0
8344,pudgy,451.3,930,72,28,0
8345,gliff,451.3,899,55,22,0
8346,vigil,451.5,906,67,24,1
8347,hooky,451.6,912,60,34,0
8348,mosso,451.6,903,60,28,0
8349,dumpy,452.7,930,68,25,0
8350,doggy,453.4,904,60,31,1
8351,dodgy,453.8,904,63,31,1
8352,zooms,453.8,882,55,27,0
8353,mozos,455.4,882,53,25,0
8354,punny,455.7,929,64,34,0
8355,esses,456.3,826,45,21,0
8356,plump,457.8,904,61,22,1
8357,pouff,458,898,44,24,0
8358,mythy,458.8,889,49,23,0
8359,poofy,459.2,929,56,37,0
8360,hokku,459.3,882,41,18,0
8361,mucky,459.4,925,66,25,0
8362,gruff,459.5,870,52,20,0
8363,mojos,459.6,887,52,25,0
8364,ebbed,459.7,848,50,22,0
8365,jewed,459.7,885,52,29,0
8366,gussy,460,919,65,29,0
8367,tazza,460.5,854,38,25,0
8368,chook,460.6,940,66,28,0
8369,spuds,460.8,925,64,25,0
8370,tubby,461.2,897,64,26,0
8371,dippy,461.9,911,57,26,0
8372,civvy,463.2,900,50,32,0
8373,poops,463.4,902,55,31,0
8374,boogy,463.5,935,68,39,0
8375,pommy,464.4,922,64,33,0
8376,jimpy,465,908,54,24,0
8377,pulpy,466.3,912,66,27,0
8378,middy,466.4,918,59,28,0
8379,gully,467,932,69,28,1
8380,humus,467,913,53,17,0
8381,bozos,467.5,886,58,27,0
8382,sughs,468.1,935,62,27,0
8383,gogos,468.7,893,48,27,0
8384,cluck,469.1,920,64,26,0
8385,slyly,469.3,915,45,37,0
8386,heeze,469.6,900,39,38,0
8387,xysts,469.6,883,43,13,0
8388,moggy,469.9,923,56,31,0
8389,dewed,470.2,899,54,31,0
8390,boomy,470.4,950,70,39,0
8391,madam,471.1,910,61,28,1
8392,buxom,471.3,917,57,20,0
8393,myopy,472.2,922,52,28,0
8394,sunns,472.8,944,53,35,0
8395,peeve,473.8,932,54,39,0
8396,skiff,474.3,918,48,25,0
8397,goofy,474.7,945,60,36,1
8398,scuff,474.7,916,48,21,0
8399,kicky,474.7,906,46,24,0
8400,jemmy,475.4,743,47,27,0
8401,byway,475.7,825,41,27,0
8402,huzza,475.7,757,39,15,0
8403,sulus,476.2,916,51,30,0
8404,lulls,476.3,916,48,23,0
8405,bumpy,476.5,951,63,27,1
8406,piggy,477.7,929,50,29,1
8407,dobby,478.7,934,58,29,0
8408,ajuga,478.7,831,49,19,0
8409,vexed,478.9,915,60,29,0
8410,cuffs,480.5,916,49,20,0
8411,gooky,480.6,951,54,36,0
8412,syphs,480.9,946,61,21,0
8413,queue,481.3,877,35,34,1
8414,whoop,482.2,952,59,23,0
8415,lulus,482.6,916,50,21,0
8416,kiwis,483.3,926,46,20,0
8417,chock,483.4,940,62,28,1
8418,tufty,483.6,952,66,28,0
8419,boggy,483.8,935,57,34,0
8420,whump,484.1,957,57,18,0
8421,giddy,484.7,940,61,28,0
8422,glogg,484.7,898,40,22,0
8423,justs,484.9,931,50,19,0
8424,peppy,485.1,776,43,30,0
8425,daddy,487.3,865,45,32,1
8426,fucus,487.7,916,54,19,0
8427,sumps,488.4,966,67,27,0
8428,sucks,488.8,956,60,27,0
8429,mujik,489,930,49,22,0
8430,which,489.3,951,57,26,1
8431,dagga,489.8,923,56,27,0
8432,woody,490.1,967,57,35,1
8433,tutus,490.4,948,55,23,0
8434,lusus,490.5,916,51,19,0
8435,bully,490.7,960,75,31,1
8436,chick,491.1,956,62,29,1
8437,bunny,491.4,970,64,34,1
8438,sooks,491.5,955,50,38,0
8439,biddy,491.6,946,57,30,0
8440,cusks,491.6,956,62,23,0
8441,ninny,492.2,945,51,32,0
8442,jumbo,492.3,927,49,14,1
8443,jnana,493.9,910,46,26,0
8444,zappy,493.9,873,50,27,0
8445,jumps,496.7,949,53,14,0
8446,dumky,497.2,979,62,25,0
8447,foggy,499.1,945,51,33,1
8448,busby,499.1,936,60,27,0
8449,gunny,499.1,983,62,33,0
8450,zooks,500.1,932,44,26,0
8451,gypsy,500.5,953,44,25,1
8452,pampa,501.2,933,58,27,0
8453,agama,501.6,944,47,24,0
8454,sibbs,501.8,944,46,29,0
8455,known,502.1,958,52,18,1
8456,zanza,502.6,913,40,24,0
8457,jammy,503.7,892,48,30,0
8458,pappy,504.2,884,45,31,0
8459,twixt,505.3,966,52,26,0
8460,jaggy,505.5,888,41,30,0
8461,fussy,507.2,976,60,30,0
8462,mumps,507.6,966,53,18,0
8463,cuddy,508,983,58,30,0
8464,pumps,508.7,966,60,19,0
8465,muggs,509,953,60,20,0
8466,gonzo,510.4,985,56,26,1
8467,gamma,511.2,944,58,26,1
8468,magma,511.9,944,60,27,1
8469,djinn,511.9,988,51,26,0
8470,dowdy,511.9,967,55,28,0
8471,wussy,512.1,982,55,28,0
8472,funny,512.3,991,59,34,1
8473,mammy,513.5,901,44,32,0
8474,gombo,515.6,994,66,23,0
8475,minim,517.3,989,48,26,0
8476,fixit,517.6,976,55,29,0
8477,jibbs,517.8,927,41,16,0
8478,kiddy,517.9,969,50,25,0
8479,dusks,518.1,980,55,19,0
8480,quaff,519.1,855,33,21,0
8481,fully,520.9,993,68,29,1
8482,kooks,521,955,42,26,0
8483,nubby,523.8,970,55,22,0
8484,duffs,524.1,957,49,16,0
8485,kayak,525.8,957,43,26,1
8486,yucch,526.4,1002,61,19,0
8487,mamba,526.9,957,53,25,0
8488,keeve,528.2,981,44,36,0
8489,ovolo,529.4,975,41,21,0
8490,cuppy,529.7,1007,58,29,0
8491,widdy,530.1,985,51,26,0
8492,papaw,530.3,968,48,28,0
8493,huffs,530.5,981,47,15,0
8494,cooch,531.3,1021,63,36,0
8495,husks,531.6,1005,55,17,0
8496,bibbs,533.5,944,37,21,0
8497,hooch,533.6,1021,51,32,0
8498,miffy,533.6,987,50,26,0
8499,junky,533.8,999,53,25,0
8500,abuzz,534.8,846,39,13,0
8501,kudus,535,980,45,16,0
8502,buffo,536.7,966,43,19,0
8503,divvy,541.6,994,50,26,0
8504,musks,544.4,1014,56,19,0
8505,whoof,545.9,1024,57,23,0
8506,muffs,546.8,992,47,17,0
8507,doozy,551,1030,51,35,0
8508,wiggy,551.6,1004,45,27,0
8509,kappa,553.4,985,50,22,1
8510,bifid,553.5,1036,59,26,0
8511,cubby,553.9,1029,56,29,0
8512,tutty,556.7,1034,52,32,0
8513,swiss,557.5,1010,47,32,1
8514,biffy,558.5,1012,47,28,0
8515,puffs,558.7,1018,47,18,0
8516,jutty,560.3,1023,51,27,0
8517,jiffs,565.2,982,40,15,0
8518,fugus,566.8,1010,53,20,0
8519,feeze,567.2,1014,39,39,0
8520,guffs,568.8,1010,49,15,0
8521,howff,570.5,1024,43,18,0
8522,buffi,574.2,994,44,16,0
8523,abaka,575.7,1024,41,24,0
8524,kinin,576.7,1062,47,27,0
8525,villi,577.2,1032,54,19,0
8526,mimic,578,1039,49,22,1
8527,kabab,579,1024,44,24,0
8528,buffs,581,1023,46,18,0
8529,vuggs,581.2,1026,52,17,0
8530,humph,582.4,1064,49,18,0
8531,quipu,586.3,1032,34,19,0
8532,bluff,586.8,1054,50,20,1
8533,babka,590.4,1024,48,27,0
8534,busks,592,1063,53,20,0
8535,boozy,592.8,1071,52,37,0
8536,poppy,596.3,1046,41,31,1
8537,sudds,598.4,1073,51,29,0
8538,whiff,599.2,1062,49,19,0
8539,infix,599.8,1044,43,12,0
8540,zizit,600.3,1050,31,25,0
8541,hubby,605.3,1078,50,23,1
8542,dizzy,605.8,1055,37,24,1
8543,dummy,606.2,1095,58,26,1
8544,muddy,606.2,1095,56,26,1
8545,shush,606.9,1091,50,32,0
8546,zippy,610,1054,47,23,0
8547,jumpy,610.2,1091,49,22,0
8548,booby,610.3,1087,53,37,0
8549,jocko,614.8,1084,47,21,0
8550,jimmy,615.5,1062,47,25,1
8551,flyby,616.9,1084,43,25,0
8552,chuff,619.7,1109,46,19,0
8553,butut,620.1,1101,53,29,0
8554,mommy,620.4,1075,46,31,1
8555,puggy,620.5,1108,53,28,0
8556,yucky,620.6,1087,44,21,0
8557,doggo,620.9,1101,55,25,0
8558,yobbo,623.5,1087,46,19,0
8559,phpht,623.7,1093,38,24,0
8560,guppy,625.2,1108,53,24,0
8561,addax,632.5,1027,46,17,0
8562,woozy,632.6,1109,43,35,0
8563,chuck,633.8,1126,60,25,1
8564,muggy,636.3,1124,50,27,0
8565,gummy,637.1,1124,53,26,0
8566,bobby,640.2,1087,39,32,1
8567,jazzy,640.9,1006,30,26,1
8568,kooky,643.5,1116,39,33,0
8569,buddy,644.6,1133,58,28,1
8570,huffy,650.8,1126,44,22,0
8571,civic,654.9,1131,46,26,1
8572,mumus,661.6,1109,42,19,0
8573,pygmy,662.2,1141,40,24,0
8574,mumms,663.6,1109,37,19,0
8575,mamma,666.7,1087,43,26,1
8576,buggy,670.2,1155,54,29,1
8577,quiff,674.2,1125,33,19,0
8578,puffy,676,1159,42,25,1
8579,jinni,681.1,1146,40,23,0
8580,whizz,688.6,1141,35,19,0
8581,fizzy,696.3,1139,37,25,0
8582,jiffy,702,1144,41,22,0
8583,fuggy,702,1185,50,28,0
8584,boffo,706.1,1175,42,24,0
8585,vuggy,712,1191,44,25,0
8586,buffy,723.9,1202,44,25,1
8587,fluff,726.9,1176,36,18,1
8588,oxbow,736.6,1183,40,11,0
8589,vivid,738.4,1210,45,22,1
8590,kibbi,777.3,1221,34,14,0
8591,muzzy,795,1261,35,23,0
8592,duddy,804.5,1275,40,25,0
8593,puppy,816,1282,40,26,1
8594,mummy,818.3,1284,38,27,1
8595,yummy,821.1,1284,37,23,1
8596,xylyl,841.1,1283,28,13,0
8597,immix,860.6,1287,34,13,0
8598,jugum,868.3,1330,33,15,0
8599,bubby,869.7,1323,39,26,0
8600,jujus,871.6,1286,23,13,0
8601,kudzu,884.1,1337,28,12,0
8602,fuzzy,886.1,1338,33,24,1
